-2353,-1079,5,2
-2376,-1108,5,2
-1289,-604,0,2
-1415,-687,7,2
-1911,-851,4,2
-1715,-787,4,2
-554,-286,6,2
-1225,-591,0,0
-2195,-993,2,0
-519,-255,6,0
-1707,-775,4,0
-407,-185,1,0
-277,-134,8,2
-1191,-549,0,2
-216,-107,8,0
-1506,-691,7,2
-822,-380,3,2
-948,-442,3,2
-1752,-818,4,2
-1751,-809,4,0
-1048,-492,0,0
-1781,-843,4,2
-2371,-1091,5,2
-244,-145,8,2
-125,-101,8,2
-1282,-618,0,0
-709,-323,6,2
-833,-405,3,0
-2061,-946,2,2
-1027,-500,0,2
-1018,-463,0,2
-1625,-721,7,2
-2087,-967,2,2
-2295,-1038,5,2
-1835,-824,4,2
-1482,-708,7,2
-1096,-488,0,2
-2272,-1025,5,2
-2365,-1052,5,0
-1601,-753,7,2
-2237,-1025,5,2
-2421,-1125,5,2
-767,-348,3,2
-2465,-1144,5,2
-1753,-799,4,2
-1918,-905,4,0
-437,-239,1,2
-325,-173,1,2
-54,-53,8,2
-1658,-756,4,2
-1889,-847,4,2
-1346,-590,7,2
-2246,-1015,5,0
-1536,-725,7,0
-150,-100,8,2
-1441,-666,7,0
-1277,-607,0,2
-2269,-1036,5,2
-478,-245,1,2
-909,-417,3,2
-2279,-1033,5,2
-1723,-783,4,2
-490,-255,1,2
-206,-119,8,0
-120,-55,8,2
-548,-271,6,2
-891,-406,3,2
-701,-356,6,0
-1003,-478,0,0
-1133,-512,0,2
-66,-24,8,2
-1842,-838,4,2
-643,-295,6,0
-1260,-565,0,2
-244,-173,1,2
-1271,-576,0,2
-1875,-871,4,2
-1230,-629,0,2
-1849,-844,4,2
-318,-167,1,2
-2196,-988,2,2
-1621,-752,7,2
-2235,-1034,5,2
-579,-306,6,2
-1952,-908,2,0
-1967,-922,2,2
-1625,-766,7,0
-1160,-533,0,2
-2271,-1037,5,2
-2133,-984,2,0
-1519,-726,7,2
-1721,-786,4,2
-1258,-569,0,2
-192,-81,8,2
-1371,-633,7,0
-206,-97,8,2
-1036,-491,0,0
-1158,-532,0,0
-689,-332,6,2
-1540,-708,7,2
-253,-179,1,0
-1096,-519,0,0
-487,-245,1,2
-972,-429,3,2
-89,-57,8,2
-1803,-821,4,0
-1798,-818,4,2
-1071,-507,0,2
-985,-462,3,2
-291,-162,1,2
-2173,-981,2,2
-2313,-1056,5,0
-1906,-879,4,0
-2025,-905,2,2
-79,-58,8,2
-2475,-1155,5,2
-1794,-837,4,2
-1076,-520,0,0
-1515,-711,7,2
-86,-47,8,2
-1132,-503,0,2
-240,-132,8,2
-2345,-1054,5,2
-1641,-746,4,0
-1808,-804,4,2
-1722,-805,4,0
-180,-78,8,2
-193,-107,8,0
-344,-181,1,2
-2032,-930,2,2
-2359,-1067,5,2
-2201,-993,2,2
-204,-113,8,2
-1555,-717,7,2
-455,-237,1,2
-287,-141,1,0
-2289,-1055,5,2
-632,-296,6,2
-1962,-876,2,2
-2380,-1096,5,0
-2303,-1086,5,2
-1422,-639,7,2
-1849,-819,4,2
-1077,-513,0,0
-72,-82,8,2
-932,-433,3,2
-786,-354,3,2
-127,-81,8,2
-878,-456,3,2
-765,-368,3,2
-899,-425,3,2
-1107,-519,0,2
-615,-289,6,2
-1782,-807,4,2
-1536,-733,7,0
-949,-463,3,2
-1290,-586,0,2
-2194,-1033,2,2
-1031,-475,0,2
-1384,-646,7,2
-2049,-991,2,2
-1560,-709,7,2
-2369,-1088,5,2
-2410,-1082,5,2
-1129,-533,0,0
-1185,-537,0,2
-1428,-669,7,2
-62,-54,8,2
-1585,-728,7,2
-2230,-1058,5,2
-336,-160,1,2
-797,-370,3,2
-2493,-1143,5,0
-2168,-983,2,2
-502,-236,1,0
-1554,-709,7,2
-1861,-841,4,2
-2215,-1014,2,2
-906,-413,3,2
-2078,-945,2,2
-849,-405,3,0
-175,-102,8,2
-2310,-1043,5,2
-1709,-794,4,0
-1741,-799,4,0
-1816,-837,4,2
-437,-223,1,2
-376,-211,1,2
-2526,-1141,5,2
-108,-99,8,0
-532,-256,6,2
-589,-265,6,2
-2241,-1033,5,2
-247,-135,8,2
-337,-181,1,2
-1095,-497,0,2
-2503,-1137,5,2
-2277,-1042,5,0
-352,-166,1,0
-1923,-870,2,2
-2138,-961,2,2
-720,-322,6,2
-1573,-743,7,0
-1546,-713,7,2
-2210,-1015,2,2
-447,-211,1,2
-268,-134,8,0
-2049,-939,2,2
-1214,-588,0,0
-2328,-1059,5,2
-600,-299,6,2
-1219,-573,0,0
-530,-247,6,2
-2397,-1126,5,2
-292,-179,1,0
-2319,-1059,5,0
-1839,-862,4,2
-878,-411,3,2
-143,-93,8,2
-1569,-727,7,2
-1096,-501,0,2
-931,-482,3,2
-2236,-1072,5,2
-784,-400,3,2
-402,-216,1,2
-1520,-682,7,2
-1454,-720,7,2
-655,-348,6,2
-1765,-848,4,2
-791,-412,3,2
-2221,-1020,2,2
-348,-181,1,2
-589,-268,6,2
-153,-79,8,2
-2381,-1072,5,0
-1617,-773,7,2
-713,-339,6,2
-828,-389,3,0
-205,-110,8,0
-214,-101,8,2
-1979,-913,2,0
-1061,-505,0,2
-1683,-761,4,2
-236,-108,8,2
-854,-398,3,2
-1105,-528,0,2
-1424,-688,7,0
-905,-426,3,2
-1244,-577,0,0
-476,-233,1,2
-170,-95,8,0
-2092,-965,2,2
-719,-382,3,2
-1673,-747,4,2
-1549,-734,7,2
-1761,-802,4,0
-240,-112,8,2
-746,-355,3,2
-948,-457,3,2
-1167,-568,0,2
-504,-245,1,2
-2503,-1151,5,2
-1524,-699,7,2
-391,-208,1,2
-2090,-961,2,2
-1575,-715,7,0
-1272,-555,0,2
-1233,-609,0,0
-931,-434,3,2
-1350,-624,7,0
-2318,-1092,5,0
-1016,-463,0,2
-1812,-838,4,2
-1230,-560,0,2
-2355,-1070,5,2
-2200,-1018,2,2
-652,-309,6,0
-987,-456,3,2
-1050,-469,0,2
-1640,-724,7,0
-1959,-876,2,2
-2424,-1102,5,0
-796,-373,3,2
-742,-380,3,2
-1205,-546,0,2
-2122,-992,2,0
-1335,-617,0,0
-797,-386,3,2
-2067,-937,2,2
-1000,-481,0,2
-1128,-526,0,2
-333,-166,1,2
-1343,-612,7,2
-1424,-632,7,2
-1540,-698,7,2
-122,-113,8,2
-2300,-1048,5,2
-473,-212,1,2
-1694,-770,4,2
-726,-344,6,2
-388,-203,1,0
-532,-236,6,2
-1316,-605,0,0
-1394,-662,7,0
-1797,-799,4,2
-748,-369,3,2
-1059,-484,0,2
-2393,-1108,5,2
-1041,-492,0,0
-1992,-911,2,0
-2302,-1041,5,2
-366,-172,1,0
-2419,-1084,5,2
-1187,-551,0,0
-1114,-499,0,2
-1023,-459,0,2
-373,-225,1,2
-2112,-954,2,2
-2153,-969,2,2
-561,-307,6,2
-765,-370,3,2
-2223,-1018,2,2
-942,-441,3,2
-1139,-538,0,2
-712,-389,3,2
-2360,-1112,5,2
-1247,-572,0,2
-979,-452,3,0
-1860,-882,4,2
-301,-185,1,2
-1189,-553,0,2
-1360,-622,7,2
-827,-405,3,2
-2488,-1174,5,2
-1484,-706,7,2
-1659,-744,4,2
-2479,-1129,5,2
-2346,-1081,5,2
-80,-28,8,2
-1584,-743,7,2
-2485,-1125,5,2
-1707,-783,4,0
-183,-95,8,0
-2407,-1103,5,2
-1768,-786,4,2
-1481,-691,7,2
-2026,-976,2,2
-520,-250,6,2
-5,-42,8,2
-549,-263,6,2
-224,-120,8,0
-1035,-477,0,2
-159,-91,8,0
-1903,-899,4,2
-2036,-964,2,0
-2477,-1140,5,0
-590,-329,6,2
-2481,-1138,5,0
-161,-103,8,2
-214,-110,8,2
-1986,-925,2,2
-1617,-772,7,0
-853,-409,3,2
-776,-377,3,0
-2155,-970,2,2
-2471,-1124,5,2
-870,-424,3,2
-2034,-922,2,2
-1246,-604,0,0
-2212,-1015,2,2
-918,-420,3,2
-2451,-1116,5,2
-898,-429,3,0
-1558,-732,7,2
-588,-297,6,2
-1990,-895,2,2
-1631,-751,7,2
-2028,-907,2,2
-2377,-1098,5,2
-757,-362,3,2
-757,-381,3,2
-1321,-627,0,2
-1976,-890,2,2
-124,-79,8,2
-214,-106,8,2
-2111,-958,2,2
-389,-190,1,2
-658,-308,6,0
-1546,-693,7,2
-1431,-645,7,2
-1332,-617,0,0
-1811,-823,4,2
-1670,-784,4,2
-2391,-1066,5,0
-1075,-504,0,2
-188,-106,8,2
-2479,-1134,5,2
-411,-194,1,2
-2444,-1104,5,0
-351,-196,1,0
-2149,-959,2,2
-135,-65,8,2
-1723,-808,4,0
-1396,-639,7,2
-700,-326,6,2
-2212,-1009,2,0
-156,-87,8,2
-1845,-866,4,2
-306,-140,1,0
-2041,-924,2,2
-2132,-977,2,2
-1500,-680,7,2
-229,-113,8,2
-953,-457,3,0
-78,-42,8,2
-2478,-1142,5,0
-975,-479,3,2
-2155,-995,2,2
-1509,-708,7,2
-1479,-679,7,2
-2307,-1031,5,2
-775,-361,3,2
-2464,-1120,5,0
-972,-452,3,2
-1393,-656,7,2
-397,-183,1,2
-1559,-717,7,2
-1173,-516,0,2
-1323,-648,0,0
-1718,-801,4,2
-78,-115,8,2
-1177,-543,0,2
-1154,-539,0,2
-1775,-813,4,0
-221,-94,8,2
-1227,-563,0,0
-1673,-760,4,2
-209,-104,8,2
-2400,-1078,5,2
-1938,-890,2,2
-2042,-929,2,2
-2179,-1014,2,2
-1017,-467,0,2
-196,-110,8,0
-2115,-961,2,2
-1793,-799,4,2
-1743,-813,4,2
-2267,-1057,5,2
-485,-224,1,2
-1608,-734,7,2
-1216,-547,0,2
-1084,-509,0,0
-1490,-720,7,0
-1044,-482,0,0
-1426,-667,7,0
-2346,-1078,5,0
-863,-402,3,2
-2000,-908,2,2
-2284,-1028,5,2
-196,-102,8,2
-200,-122,8,2
-1727,-815,4,2
-374,-182,1,2
-1029,-507,0,2
-720,-332,6,2
-332,-170,1,2
-2009,-938,2,2
-1942,-885,2,2
-1042,-497,0,0
-226,-116,8,0
-1126,-543,0,0
-425,-192,1,2
-1720,-795,4,2
-1836,-834,4,2
-2182,-1037,2,2
-1678,-787,4,2
-1290,-581,0,2
-1699,-761,4,2
-621,-303,6,2
-1113,-507,0,2
-159,-89,8,2
-702,-341,6,2
-2337,-1062,5,2
-1040,-495,0,2
-1583,-756,7,2
-978,-443,3,2
-2087,-1001,2,2
-1715,-816,4,2
-639,-316,6,2
-2452,-1117,5,0
-1981,-917,2,2
-2049,-956,2,2
-1895,-869,4,2
-949,-446,3,2
-821,-390,3,2
-1959,-908,2,2
-1610,-717,7,2
-2098,-941,2,2
-2316,-1041,5,2
-1770,-865,4,2
-1894,-856,4,2
-166,-125,8,2
-2193,-1018,2,2
-809,-387,3,2
-873,-399,3,2
-2103,-951,2,2
-1565,-688,7,2
-156,-93,8,2
-2252,-1046,5,2
-2462,-1129,5,2
-425,-225,1,2
-1525,-735,7,2
-2058,-941,2,2
-1940,-879,2,0
-992,-459,3,2
-1322,-641,0,2
-1611,-728,7,2
-1280,-575,0,2
-1178,-528,0,2
-138,-79,8,0
-2509,-1143,5,0
-1005,-481,0,0
-1540,-689,7,2
-929,-430,3,0
-827,-389,3,0
-2424,-1088,5,2
-1326,-625,0,0
-2488,-1168,5,2
-1000,-473,0,2
-1151,-542,0,2
-140,-99,8,2
-144,-77,8,2
-1090,-511,0,2
-66,-55,8,0
-1372,-663,7,0
-1224,-582,0,2
-983,-494,3,2
-70,-47,8,2
-2145,-977,2,2
-992,-467,3,2
-1228,-572,0,2
-384,-184,1,2
-1452,-657,7,2
-649,-302,6,2
-1157,-520,0,2
-2420,-1104,5,2
-2248,-1059,5,2
-1415,-647,7,2
-1596,-723,7,2
-915,-415,3,2
-1507,-699,7,2
-1652,-761,4,2
-1159,-594,0,2
-1396,-645,7,2
-1871,-857,4,0
-373,-238,1,2
-2268,-1040,5,2
-1838,-829,4,2
-488,-237,1,2
-516,-252,6,2
-199,-97,8,2
-1247,-601,0,0
-1598,-740,7,0
-2417,-1091,5,2
-1920,-895,4,0
-1680,-755,4,2
-903,-424,3,2
-2149,-994,2,2
-157,-88,8,2
-2421,-1115,5,2
-2022,-917,2,2
-2471,-1148,5,2
-1505,-689,7,2
-1378,-639,7,0
-595,-272,6,2
-2002,-910,2,0
-666,-317,6,2
-1729,-796,4,2
-1691,-804,4,2
-2431,-1093,5,2
-1027,-513,0,0
-2325,-1088,5,0
-1101,-545,0,2
-878,-408,3,2
-1957,-891,2,2
-1099,-490,0,2
-1970,-888,2,2
-578,-271,6,2
-1595,-765,7,0
-92,-79,8,2
-396,-212,1,2
-85,-83,8,2
-2089,-988,2,0
-595,-258,6,0
-232,-112,8,2
-1635,-744,7,2
-2505,-1126,5,2
-1303,-601,0,0
-1117,-498,0,2
-389,-208,1,2
-1470,-674,7,2
-1301,-582,0,2
-2221,-1050,5,2
-790,-389,3,2
-1052,-494,0,2
-2179,-1014,2,2
-2112,-984,2,0
-885,-412,3,2
-1946,-897,2,2
-723,-339,6,2
-1070,-503,0,2
-1539,-701,7,2
-1555,-706,7,2
-1223,-557,0,2
-146,-79,8,2
-1222,-570,0,2
-2061,-937,2,2
-169,-117,8,2
-2227,-1034,5,2
-51,-48,8,0
-999,-455,0,2
-2183,-1025,2,2
-113,-110,8,2
-1984,-899,2,2
-1444,-673,7,2
-309,-150,1,2
-541,-261,6,0
-1642,-756,4,2
-1181,-542,0,0
-1612,-761,7,0
-634,-307,6,2
-249,-158,1,2
-527,-255,6,0
-90,-54,8,0
-2017,-950,2,2
-1604,-727,7,2
-1379,-623,7,2
-794,-371,3,0
-1494,-692,7,2
-1742,-816,4,0
-2382,-1079,5,2
-1096,-544,0,2
-612,-271,6,2
-915,-414,3,0
-2275,-1029,5,2
-1053,-508,0,0
-2122,-970,2,2
-2334,-1115,5,2
-561,-302,6,2
-712,-331,6,0
-351,-155,1,2
-2243,-1008,5,2
-1751,-803,4,0
-441,-213,1,2
-1741,-794,4,2
-2338,-1048,5,2
-630,-354,6,2
-122,-77,8,2
-1309,-627,0,2
-769,-377,3,0
-1924,-904,4,0
-1604,-731,7,2
-169,-79,8,2
-1042,-494,0,2
-2398,-1072,5,2
-1886,-865,4,0
-1498,-667,7,2
-1518,-712,7,0
-223,-112,8,2
-773,-358,3,2
-134,-89,8,2
-2401,-1095,5,2
-2054,-938,2,2
-881,-415,3,0
-1317,-626,0,0
-1464,-658,7,2
-83,-52,8,2
-1349,-611,7,2
-315,-160,1,2
-1160,-567,0,2
-2478,-1123,5,2
-594,-288,6,0
-996,-469,3,0
-2164,-969,2,2
-2322,-1052,5,2
-402,-202,1,2
-467,-275,1,2
-2429,-1115,5,2
-1014,-467,0,2
-680,-318,6,2
-155,-105,8,2
-430,-190,1,2
-1593,-733,7,2
-1858,-830,4,2
-1932,-873,2,2
-1164,-535,0,2
-1181,-542,0,0
-262,-125,8,0
-980,-448,3,2
-2214,-997,2,2
-160,-91,8,2
-1473,-658,7,2
-639,-285,6,2
-2388,-1080,5,2
-1751,-807,4,0
-2308,-1063,5,0
-1373,-645,7,2
-1480,-685,7,2
-800,-412,3,2
-1229,-567,0,2
-1780,-810,4,2
-2337,-1061,5,2
-1610,-726,7,2
-402,-199,1,2
-2054,-935,2,2
-1776,-811,4,2
-1055,-493,0,2
-2098,-941,2,2
-1276,-572,0,2
-1307,-606,0,0
-887,-417,3,2
-349,-179,1,2
-1605,-726,7,2
-2217,-1035,5,0
-551,-268,6,0
-780,-362,3,0
-161,-101,8,2
-1792,-803,4,2
-1341,-613,7,2
-109,-87,8,0
-2000,-898,2,2
-727,-362,3,2
-914,-417,3,2
-1916,-872,4,2
-2221,-1020,2,2
-1399,-639,7,2
-349,-169,1,2
-1588,-738,7,2
-469,-249,1,2
-1687,-783,4,0
-1029,-458,0,2
-1141,-548,0,2
-502,-249,1,0
-185,-91,8,2
-1873,-854,4,2
-313,-166,1,0
-1018,-491,0,0
-1625,-738,7,2
-1604,-734,7,2
-1023,-491,0,2
-1958,-884,2,0
-1352,-613,7,2
-2418,-1144,5,2
-480,-218,1,2
-2206,-1017,2,2
-1866,-850,4,2
-1712,-809,4,0
-254,-130,8,2
-670,-336,6,0
-81,-61,8,2
-50,-49,8,2
-2127,-1004,2,0
-242,-124,8,2
-331,-185,1,0
-2087,-970,2,0
-1721,-799,4,2
-1801,-814,4,2
-489,-204,1,2
-112,-79,8,2
-974,-456,3,2
-735,-333,6,2
-1872,-861,4,2
-1521,-697,7,2
-1689,-779,4,0
-192,-130,8,2
-1724,-776,4,2
-2239,-1018,5,2
-2315,-1037,5,2
-1373,-642,7,0
-1668,-780,4,2
-418,-193,1,2
-1100,-504,0,2
-350,-183,1,0
-2220,-1012,2,2
-1453,-673,7,0
-693,-333,6,2
-2066,-971,2,2
-1422,-651,7,2
-988,-500,3,2
-510,-239,1,2
-60,-59,8,0
-1875,-866,4,2
-1075,-480,0,2
-1236,-558,0,2
-1848,-873,4,0
-617,-277,6,2
-318,-195,1,2
-1868,-848,4,2
-2438,-1122,5,0
-1652,-755,4,0
-535,-272,6,2
-134,-67,8,2
-1823,-889,4,2
-2243,-1024,5,2
-1060,-488,0,2
-1357,-620,7,0
-1433,-680,7,2
-684,-319,6,0
-1620,-779,7,0
-427,-195,1,2
-1020,-473,0,2
-1327,-595,0,2
-2462,-1126,5,2
-408,-182,1,2
-1907,-871,4,2
-2462,-1123,5,2
-1560,-722,7,2
-918,-448,3,0
-696,-364,6,2
-1010,-485,0,0
-660,-332,6,2
-749,-347,6,2
-548,-257,6,2
-349,-175,1,2
-181,-95,8,2
-1991,-929,2,0
-750,-388,3,2
-2326,-1071,5,2
-1396,-653,7,2
-664,-303,6,2
-1557,-747,7,2
-981,-466,3,0
-1698,-763,4,2
-791,-420,3,2
-1705,-845,4,2
-89,-85,8,2
-2232,-1014,5,2
-857,-408,3,0
-1893,-856,4,2
-2411,-1132,5,2
-1115,-513,0,2
-388,-187,1,2
-455,-234,1,0
-1734,-826,4,2
-2028,-950,2,0
-65,-50,8,2
-1928,-890,2,2
-2424,-1110,5,0
-403,-207,1,2
-232,-126,8,2
-2490,-1162,5,0
-2466,-1116,5,2
-824,-400,3,2
-2497,-1129,5,2
-1903,-883,4,0
-169,-94,8,2
-670,-323,6,2
-417,-236,1,0
-978,-456,3,2
-2083,-968,2,0
-1306,-604,0,2
-992,-472,3,2
-1723,-819,4,2
-452,-204,1,2
-2399,-1096,5,2
-1827,-822,4,2
-2322,-1059,5,2
-2066,-938,2,2
-801,-376,3,0
-1624,-739,7,2
-2197,-1017,2,0
-276,-119,8,2
-409,-239,1,0
-587,-277,6,0
-1684,-805,4,2
-1061,-501,0,0
-553,-250,6,2
-2131,-980,2,2
-221,-124,8,0
-2082,-941,2,2
-2346,-1094,5,2
-1636,-748,7,0
-2510,-1136,5,2
-2483,-1134,5,0
-1589,-718,7,2
-452,-255,1,2
-1194,-545,0,2
-514,-222,1,2
-2108,-986,2,2
-812,-373,3,2
-430,-223,1,2
-2060,-945,2,2
-623,-282,6,2
-839,-388,3,0
-825,-390,3,0
-715,-343,6,2
-1952,-896,2,2
-1389,-627,7,2
-2435,-1108,5,0
-150,-80,8,2
-1726,-831,4,2
-774,-396,3,2
-2528,-1140,5,2
-2448,-1112,5,2
-526,-256,6,2
-733,-364,3,2
-1245,-571,0,2
-1153,-527,0,2
-683,-334,6,2
-2317,-1070,5,2
-2475,-1123,5,2
-1680,-770,4,2
-1843,-877,4,2
-790,-367,3,2
-2274,-1025,5,2
-1138,-534,0,0
-573,-275,6,2
-2343,-1109,5,0
-349,-233,1,2
-934,-418,3,2
-1569,-704,7,2
-2504,-1121,5,2
-1651,-768,4,2
-2484,-1129,5,2
-1768,-850,4,2
-1601,-737,7,2
-1285,-601,0,2
-403,-214,1,0
-2468,-1103,5,2
-2044,-931,2,2
-622,-306,6,2
-2237,-1006,5,2
-1467,-691,7,2
-2067,-930,2,2
-915,-440,3,0
-838,-395,3,0
-1298,-615,0,2
-397,-194,1,0
-442,-222,1,2
-167,-89,8,0
-2385,-1084,5,2
-2200,-1009,2,2
-1075,-509,0,0
-1780,-800,4,2
-1499,-678,7,2
-639,-321,6,2
-904,-424,3,2
-161,-88,8,0
-1526,-707,7,2
-1881,-865,4,2
-778,-377,3,0
-1367,-641,7,0
-1628,-772,7,2
-836,-380,3,2
-352,-190,1,2
-1416,-662,7,2
-2113,-964,2,0
-1802,-837,4,2
-284,-146,1,0
-798,-390,3,0
-511,-229,1,2
-709,-337,6,2
-1734,-786,4,2
-2259,-1047,5,2
-2294,-1041,5,2
-1895,-857,4,2
-2058,-930,2,0
-958,-479,3,2
-609,-299,6,0
-2462,-1133,5,2
-1151,-540,0,0
-617,-288,6,2
-113,-102,8,0
-1124,-530,0,2
-1894,-873,4,2
-841,-377,3,2
-1519,-673,7,2
-964,-455,3,0
-818,-432,3,2
-595,-287,6,2
-273,-161,1,2
-1724,-783,4,2
-925,-425,3,2
-525,-284,6,2
-1861,-867,4,0
-1519,-736,7,2
-1985,-920,2,2
-1926,-900,2,2
-313,-172,1,2
-217,-122,8,2
-949,-456,3,2
-1050,-499,0,2
-280,-167,1,2
-1025,-496,0,0
-1752,-808,4,2
-167,-119,8,0
-2433,-1118,5,2
-1914,-891,4,0
-2365,-1076,5,2
-1903,-876,4,0
-494,-216,1,2
-718,-351,6,0
-1970,-905,2,0
-220,-100,8,2
-617,-298,6,2
-1995,-944,2,2
-1627,-786,7,2
-857,-412,3,0
-259,-157,1,0
-120,-42,8,2
-1322,-632,0,2
-300,-151,1,2
-2323,-1077,5,0
-222,-119,8,0
-740,-355,3,2
-116,-94,8,2
-1645,-752,4,0
-1006,-491,0,2
-287,-138,1,2
-223,-109,8,2
-1083,-498,0,2
-263,-151,1,0
-1225,-579,0,2
-1913,-869,4,2
-356,-166,1,2
-694,-356,6,2
-1106,-492,0,2
-2049,-951,2,0
-1209,-590,0,2
-379,-188,1,2
-2470,-1126,5,2
-1369,-618,7,2
-2101,-944,2,2
-1202,-557,0,2
-2115,-1029,2,2
-1525,-686,7,2
-415,-236,1,2
-306,-156,1,2
-1747,-803,4,2
-670,-327,6,2
-361,-238,1,2
-413,-183,1,2
-1941,-894,2,2
-611,-294,6,0
-1978,-886,2,2
-962,-434,3,2
-1037,-527,0,2
-1312,-588,0,2
-2377,-1058,5,2
-585,-278,6,0
-282,-178,1,2
-1550,-718,7,0
-1713,-777,4,0
-2174,-1002,2,0
-1003,-458,0,2
-2437,-1109,5,2
-147,-84,8,2
-1797,-835,4,2
-1060,-505,0,0
-918,-446,3,0
-1670,-782,4,2
-277,-171,1,2
-2041,-955,2,2
-571,-275,6,2
-803,-382,3,0
-1342,-617,7,2
-1159,-525,0,0
-1802,-839,4,2
-876,-407,3,2
-229,-120,8,2
-1954,-884,2,2
-392,-200,1,0
-1293,-604,0,0
-2298,-1056,5,0
-1334,-616,0,2
-2027,-907,2,2
-421,-196,1,2
-1024,-458,0,2
-1839,-864,4,2
-1378,-643,7,0
-751,-364,3,2
-696,-319,6,2
-2393,-1118,5,2
-1054,-492,0,0
-1410,-643,7,2
-1482,-678,7,2
-233,-122,8,2
-1149,-531,0,2
-438,-208,1,0
-2129,-983,2,2
-365,-193,1,0
-253,-140,8,0
-1046,-464,0,2
-131,-81,8,2
-643,-287,6,2
-2007,-896,2,2
-2445,-1161,5,2
-2409,-1087,5,2
-1618,-735,7,0
-870,-409,3,2
-414,-248,1,2
-503,-254,1,0
-1305,-609,0,2
-230,-129,8,2
-1076,-502,0,0
-686,-331,6,2
-2243,-1020,5,2
-354,-176,1,2
-184,-107,8,0
-1766,-815,4,2
-1730,-785,4,0
-2015,-917,2,0
-2293,-1053,5,2
-666,-355,6,2
-1757,-808,4,2
-1361,-632,7,0
-2226,-1014,2,2
-1385,-646,7,2
-1166,-566,0,0
-1698,-793,4,2
-429,-197,1,2
-673,-327,6,2
-2216,-1006,2,2
-172,-97,8,2
-2460,-1129,5,2
-230,-108,8,2
-2453,-1118,5,0
-270,-175,1,2
-534,-255,6,2
-1774,-807,4,2
-1982,-895,2,2
-876,-417,3,2
-1851,-840,4,2
-977,-463,3,2
-893,-423,3,2
-892,-401,3,0
-1508,-706,7,0
-1551,-717,7,0
-428,-205,1,2
-1885,-878,4,2
-1055,-470,0,2
-1416,-629,7,2
-1217,-581,0,2
-1269,-596,0,2
-1116,-531,0,2
-2005,-912,2,0
-1200,-542,0,2
-916,-444,3,2
-2388,-1124,5,0
-1683,-787,4,0
-1489,-679,7,2
-2236,-1022,5,2
-1979,-875,2,2
-1802,-848,4,2
-649,-320,6,2
-205,-97,8,2
-107,-83,8,0
-2195,-988,2,0
-1343,-591,7,2
-1682,-761,4,2
-989,-471,3,2
-1707,-802,4,2
-203,-104,8,0
-2469,-1149,5,0
-395,-207,1,0
-839,-397,3,2
-1955,-936,2,0
-381,-166,1,2
-1154,-584,0,2
-880,-420,3,2
-1468,-700,7,2
-556,-297,6,2
-2147,-963,2,0
-2141,-966,2,2
-880,-430,3,2
-688,-351,6,0
-972,-445,3,2
-2017,-940,2,0
-2185,-1016,2,2
-1762,-808,4,2
-452,-246,1,0
-1293,-606,0,0
-2141,-981,2,2
-1167,-545,0,2
-675,-337,6,2
-637,-325,6,2
-2138,-998,2,2
-204,-151,8,2
-1030,-466,0,2
-1530,-697,7,2
-1446,-687,7,2
-867,-418,3,0
-1955,-898,2,2
-2185,-991,2,2
-951,-422,3,2
-198,-123,8,2
-814,-401,3,2
-499,-265,1,2
-1455,-641,7,2
-2257,-1030,5,2
-1883,-874,4,0
-1441,-659,7,0
-659,-321,6,2
-1962,-910,2,0
-1329,-608,0,2
-158,-116,8,0
-1858,-884,4,2
-2385,-1092,5,0
-2143,-964,2,2
-393,-199,1,2
-1819,-826,4,0
-1169,-537,0,2
-1878,-853,4,2
-2484,-1153,5,0
-1186,-531,0,2
-478,-270,1,0
-1418,-654,7,0
-589,-271,6,2
-1361,-620,7,2
-1129,-525,0,0
-1517,-715,7,0
-1980,-926,2,2
-1316,-625,0,2
-792,-401,3,2
-1317,-588,0,0
-1445,-665,7,2
-2020,-923,2,0
-670,-318,6,2
-1985,-917,2,2
-1182,-590,0,2
-1626,-758,7,0
-1856,-874,4,2
-789,-367,3,2
-2134,-989,2,2
-126,-83,8,2
-784,-351,3,2
-2170,-995,2,2
-1194,-547,0,2
-929,-435,3,2
-2308,-1057,5,2
-1948,-889,2,0
-1875,-890,4,2
-1058,-497,0,2
-664,-351,6,0
-634,-306,6,2
-992,-491,3,2
-590,-288,6,0
-479,-255,1,2
-995,-467,3,2
-1240,-574,0,2
-1372,-648,7,0
-2101,-967,2,2
-1672,-752,4,2
-1144,-556,0,2
-1337,-598,7,2
-339,-168,1,2
-2323,-1065,5,2
-420,-232,1,0
-2044,-947,2,0
-385,-188,1,2
-1449,-668,7,2
-2436,-1132,5,0
-1018,-525,0,2
-1751,-850,4,2
-534,-239,6,2
-647,-305,6,2
-1005,-470,0,0
-1946,-904,2,2
-2082,-952,2,2
-2120,-980,2,2
-1124,-536,0,2
-205,-96,8,2
-530,-246,6,2
-1900,-860,4,2
-1425,-633,7,2
-505,-268,6,0
-358,-188,1,0
-669,-343,6,0
-2080,-967,2,2
-1957,-906,2,2
-957,-463,3,2
-563,-275,6,0
-2004,-959,2,0
-629,-283,6,2
-2372,-1095,5,0
-966,-456,3,2
-2040,-943,2,0
-863,-445,3,2
-2060,-947,2,2
-2136,-999,2,2
-821,-430,3,2
-2328,-1090,5,2
-1699,-782,4,2
-1676,-781,4,2
-180,-105,8,2
-1723,-788,4,2
-1459,-648,7,2
-1607,-748,7,2
-1980,-909,2,2
-2303,-1042,5,2
-1809,-815,4,2
-2136,-964,2,2
-920,-446,3,0
-862,-400,3,2
-1232,-568,0,2
-1898,-874,4,0
-1572,-719,7,2
-1150,-528,0,2
-2420,-1114,5,2
-298,-171,1,0
-1696,-795,4,2
-1038,-477,0,2
-1507,-678,7,2
-836,-415,3,2
-2193,-976,2,0
-2501,-1130,5,2
-178,-91,8,0
-1907,-878,4,2
-450,-227,1,0
-2262,-1050,5,0
-24,-63,8,2
-192,-85,8,2
-1015,-465,0,0
-239,-143,8,0
-2407,-1108,5,0
-420,-208,1,2
-1514,-699,7,2
-661,-326,6,0
-1765,-801,4,2
-1735,-801,4,2
-978,-449,3,2
-1899,-847,4,2
-1679,-762,4,2
-1600,-754,7,2
-457,-243,1,0
-2065,-934,2,2
-779,-373,3,2
-1466,-687,7,0
-1577,-766,7,2
-1947,-889,2,2
-1371,-619,7,2
-2421,-1127,5,2
-2184,-1008,2,2
-85,-87,8,2
-1072,-491,0,2
-906,-428,3,2
-335,-187,1,0
-478,-231,1,2
-490,-221,1,0
-1307,-641,0,2
-2204,-997,2,0
-1064,-486,0,0
-760,-368,3,2
-997,-466,3,2
-349,-209,1,2
-1811,-857,4,0
-553,-284,6,2
-2161,-984,2,2
-1016,-475,0,2
-878,-392,3,2
-114,-72,8,2
-455,-247,1,0
-91,-51,8,2
-1134,-528,0,2
-696,-330,6,2
-1565,-739,7,2
-728,-361,3,2
-1339,-635,0,2
-417,-213,1,0
-2199,-1002,2,2
-2125,-963,2,2
-994,-498,3,2
-1318,-615,0,2
-2501,-1151,5,2
-690,-343,6,2
-68,-55,8,2
-1407,-658,7,2
-2170,-1018,2,2
-1069,-528,0,0
-2455,-1101,5,2
-1226,-553,0,2
-2073,-933,2,2
-639,-295,6,2
-255,-106,8,2
-413,-207,1,2
-312,-162,1,2
-1993,-915,2,2
-1608,-724,7,0
-1056,-471,0,2
-2227,-1008,2,2
-1802,-817,4,2
-1720,-785,4,0
-1375,-661,7,2
-1439,-650,7,2
-1452,-693,7,2
-1405,-667,7,0
-2039,-948,2,2
-180,-115,8,2
-1500,-722,7,2
-410,-217,1,0
-1584,-740,7,2
-1867,-883,4,2
-168,-116,8,2
-2337,-1066,5,2
-2232,-1033,5,2
-1496,-680,7,0
-1819,-840,4,2
-2008,-925,2,0
-457,-225,1,2
-353,-177,1,2
-1905,-889,4,2
-1094,-514,0,2
-1496,-695,7,0
-1948,-907,2,0
-761,-391,3,2
-2341,-1058,5,2
-2440,-1111,5,2
-863,-395,3,0
-332,-162,1,0
-177,-108,8,2
-759,-336,6,2
-1556,-724,7,2
-1160,-548,0,2
-908,-446,3,2
-334,-195,1,2
-350,-186,1,2
-1970,-910,2,0
-1741,-804,4,2
-1288,-582,0,2
-767,-385,3,0
-455,-234,1,2
-1756,-837,4,2
-869,-403,3,0
-651,-285,6,2
-1239,-565,0,2
-892,-454,3,2
-2167,-978,2,2
-1312,-612,0,0
-423,-211,1,2
-2324,-1077,5,0
-803,-395,3,2
-1946,-932,2,2
-1943,-894,2,0
-1688,-783,4,2
-484,-254,1,0
-1809,-846,4,2
-1500,-687,7,2
-264,-147,8,2
-903,-436,3,0
-1386,-644,7,0
-1803,-819,4,2
-914,-466,3,2
-1935,-885,2,2
-303,-168,1,0
-2280,-1054,5,0
-1824,-864,4,2
-1317,-597,0,2
-1846,-824,4,2
-1202,-614,0,2
-2477,-1128,5,0
-958,-459,3,0
-608,-317,6,2
-823,-378,3,0
-2235,-1027,5,0
-47,-60,8,2
-595,-331,6,2
-2359,-1067,5,2
-61,-56,8,2
-2175,-979,2,2
-1318,-611,0,0
-241,-149,8,0
-2507,-1130,5,2
-1304,-596,0,2
-1177,-587,0,2
-1219,-545,0,2
-1946,-911,2,2
-2416,-1105,5,2
-894,-413,3,2
-1109,-512,0,2
-1424,-649,7,2
-1998,-928,2,2
-1537,-738,7,0
-1526,-716,7,0
-1565,-718,7,2
-1752,-814,4,0
-1212,-566,0,2
-2325,-1055,5,2
-781,-363,3,2
-1670,-797,4,2
-795,-372,3,0
-2120,-957,2,2
-67,-43,8,2
-77,-71,8,0
-530,-281,6,0
-1470,-671,7,2
-1256,-587,0,0
-2402,-1104,5,0
-990,-454,3,2
-101,-57,8,0
-1371,-612,7,2
-2118,-968,2,0
-2172,-997,2,2
-1914,-853,4,2
-813,-415,3,0
-1723,-823,4,2
-284,-148,1,2
-2195,-1033,2,2
-1518,-707,7,2
-2153,-967,2,2
-2155,-987,2,2
-1363,-609,7,2
-692,-319,6,0
-1296,-604,0,0
-1771,-847,4,2
-245,-146,8,0
-239,-121,8,2
-549,-280,6,0
-1659,-789,4,2
-1272,-580,0,2
-1917,-858,4,2
-1512,-712,7,2
-427,-229,1,2
-1872,-846,4,2
-736,-326,6,2
-715,-322,6,2
-1400,-628,7,2
-589,-282,6,2
-792,-393,3,2
-147,-96,8,0
-1623,-756,7,2
-1406,-667,7,2
-2422,-1126,5,0
-294,-163,1,0
-1509,-723,7,0
-2341,-1079,5,2
-1093,-506,0,2
-266,-132,8,2
-2361,-1090,5,2
-1305,-601,0,2
-1615,-745,7,2
-1093,-504,0,2
-623,-318,6,2
-1165,-548,0,2
-629,-324,6,2
-2174,-1045,2,2
-692,-324,6,2
-652,-305,6,2
-847,-406,3,2
-294,-147,1,0
-499,-246,1,2
-1151,-526,0,2
-366,-179,1,2
-201,-140,8,2
-1280,-576,0,2
-254,-139,8,0
-421,-226,1,2
-1857,-844,4,2
-1024,-467,0,2
-2028,-914,2,2
-1467,-647,7,2
-1256,-572,0,2
-481,-242,1,2
-83,-107,8,0
-529,-281,6,2
-427,-221,1,2
-134,-81,8,2
-165,-81,8,2
-2390,-1101,5,2
-589,-296,6,2
-772,-349,3,2
-2300,-1028,5,2
-1313,-620,0,0
-1102,-495,0,2
-303,-130,1,2
-1565,-751,7,2
-1199,-580,0,2
-1576,-730,7,2
-489,-214,1,2
-1516,-694,7,2
-1256,-625,0,2
-1637,-743,7,0
-659,-291,6,2
-1142,-522,0,2
-332,-178,1,0
-2319,-1075,5,2
-72,-52,8,0
-2326,-1070,5,2
-315,-155,1,2
-706,-328,6,2
-272,-131,8,2
-1161,-570,0,2
-2202,-998,2,2
-1210,-539,0,2
-2434,-1111,5,0
-1862,-864,4,2
-509,-244,1,0
-263,-135,8,2
-2452,-1120,5,2
-844,-388,3,2
-1309,-592,0,2
-1669,-776,4,2
-2326,-1087,5,2
-838,-374,3,2
-1428,-687,7,0
-1660,-776,4,2
-1837,-886,4,2
-2186,-1004,2,2
-58,-62,8,2
-2083,-974,2,2
-1214,-567,0,2
-1249,-613,0,2
-2414,-1104,5,0
-2152,-981,2,0
-2242,-1049,5,0
-606,-285,6,2
-2236,-1052,5,0
-1986,-905,2,0
-1841,-828,4,2
-2076,-961,2,2
-128,-81,8,2
-2293,-1049,5,0
-867,-417,3,0
-2334,-1064,5,2
-461,-231,1,2
-795,-375,3,2
-602,-315,6,0
-302,-177,1,2
-472,-242,1,0
-2173,-1003,2,2
-1097,-509,0,2
-1889,-871,4,2
-1549,-755,7,2
-1970,-913,2,0
-318,-157,1,2
-2106,-970,2,2
-780,-387,3,0
-1729,-799,4,2
-2441,-1103,5,2
-807,-376,3,0
-1133,-543,0,0
-568,-294,6,2
-1716,-797,4,0
-296,-163,1,0
-1139,-553,0,0
-2220,-1035,5,2
-337,-217,1,0
-1468,-669,7,2
-2107,-960,2,2
-249,-131,8,0
-428,-253,1,2
-1884,-843,4,2
-387,-204,1,2
-644,-297,6,2
-1165,-543,0,2
-2144,-991,2,0
-219,-117,8,0
-1268,-583,0,2
-1105,-532,0,2
-1280,-569,0,2
-823,-430,3,2
-139,-98,8,2
-141,-95,8,0
-902,-433,3,2
-1607,-763,7,2
-2169,-1005,2,2
-2351,-1083,5,2
-588,-288,6,0
-141,-93,8,2
-2459,-1147,5,2
-2514,-1151,5,0
-2100,-964,2,0
-2403,-1097,5,2
-212,-138,8,2
-849,-377,3,2
-698,-341,6,0
-2080,-957,2,2
-627,-323,6,0
-2089,-939,2,2
-335,-155,1,2
-2154,-983,2,2
-658,-322,6,2
-1480,-673,7,2
-740,-350,6,0
-418,-224,1,2
-1288,-573,0,2
-995,-468,3,0
-2102,-971,2,2
-765,-363,3,0
-162,-104,8,2
-451,-232,1,0
-1734,-788,4,2
-100,-61,8,2
-2092,-938,2,2
-1679,-791,4,0
-506,-247,1,2
-2153,-1001,2,0
-1875,-877,4,2
-280,-139,1,2
-1154,-550,0,2
-824,-404,3,2
-1556,-713,7,2
-2194,-981,2,2
-1624,-729,7,2
-183,-97,8,2
-2071,-931,2,2
-701,-337,6,2
-940,-468,3,0
-582,-288,6,2
-2297,-1021,5,2
-1160,-544,0,0
-1585,-778,7,2
-629,-294,6,2
-99,-93,8,2
-553,-271,6,0
-492,-238,1,2
-1104,-511,0,2
-995,-476,3,2
-1377,-624,7,0
-1817,-833,4,0
-951,-449,3,2
-2051,-939,2,2
-59,-61,8,2
-2428,-1109,5,0
-1307,-606,0,0
-2301,-1040,5,2
-1798,-830,4,2
-1096,-538,0,0
-1538,-703,7,2
-929,-445,3,0
-2380,-1084,5,2
-816,-357,3,2
-2262,-1040,5,2
-1861,-844,4,2
-1464,-677,7,2
-2088,-944,2,2
-345,-208,1,0
-1769,-805,4,2
-1915,-867,4,2
-834,-388,3,0
-2250,-1049,5,2
-226,-119,8,0
-2499,-1163,5,2
-1070,-527,0,2
-668,-325,6,2
-1038,-484,0,2
-877,-412,3,2
-2225,-1013,2,2
-559,-258,6,2
-1327,-609,0,2
-2504,-1167,5,2
-1357,-636,7,2
-1834,-842,4,2
-1996,-920,2,2
-105,-108,8,2
-1063,-518,0,0
-714,-329,6,2
-606,-294,6,2
-1966,-904,2,2
-665,-342,6,2
-1087,-486,0,2
-1542,-707,7,0
-1590,-773,7,2
-647,-318,6,2
-1306,-608,0,2
-344,-179,1,0
-501,-252,1,0
-1395,-635,7,2
-1075,-512,0,2
-3,-58,8,2
-643,-285,6,0
-2256,-1026,5,2
-657,-315,6,0
-203,-125,8,0
-587,-282,6,2
-704,-350,6,0
-1746,-812,4,2
-1224,-568,0,2
-500,-268,1,2
-1398,-645,7,2
-971,-448,3,0
-1773,-810,4,0
-1660,-770,4,2
-908,-432,3,2
-1456,-678,7,0
-1013,-472,0,2
-1877,-860,4,0
-77,-50,8,0
-2365,-1081,5,0
-383,-200,1,2
-409,-242,1,2
-980,-459,3,2
-2277,-1054,5,2
-835,-410,3,2
-636,-311,6,2
-2249,-1016,5,2
-517,-246,6,0
-2016,-923,2,2
-2163,-985,2,2
-573,-300,6,0
-492,-277,1,2
-943,-438,3,2
-1170,-540,0,2
-2418,-1125,5,2
-170,-93,8,0
-103,-74,8,2
-1232,-585,0,2
-881,-455,3,2
-1197,-553,0,2
-1353,-678,0,2
-40,-59,8,2
-180,-126,8,2
-842,-390,3,0
-635,-318,6,0
-1861,-850,4,2
-953,-464,3,0
-1637,-740,7,2
-2051,-953,2,2
-1114,-536,0,2
-866,-415,3,2
-1191,-563,0,0
-1698,-772,4,2
-1925,-887,2,2
-2151,-958,2,2
-1612,-719,7,2
-589,-297,6,0
-1324,-631,0,0
-1076,-464,0,0
-234,-130,8,2
-1732,-771,4,2
-1026,-486,0,2
-430,-193,1,2
-1098,-532,0,2
-1637,-762,7,2
-1315,-613,0,2
-1575,-753,7,2
-2327,-1054,5,2
-1826,-861,4,2
-1797,-870,4,2
-1517,-688,7,2
-1915,-888,4,2
-1389,-623,7,2
-2312,-1046,5,2
-1855,-855,4,2
-655,-304,6,2
-253,-157,1,2
-1618,-752,7,2
-642,-288,6,2
-2257,-1005,5,2
-1455,-671,7,2
-1458,-666,7,0
-374,-175,1,2
-1376,-672,7,2
-567,-267,6,2
-1456,-663,7,2
-1409,-641,7,2
-1002,-457,0,2
-2277,-1042,5,2
-558,-246,6,2
-533,-253,6,2
-718,-359,6,0
-1477,-669,7,2
-402,-206,1,2
-2405,-1121,5,0
-820,-380,3,2
-2359,-1079,5,0
-2052,-974,2,2
-1427,-642,7,2
-346,-180,1,2
-935,-460,3,2
-1794,-819,4,0
-758,-377,3,2
-1376,-635,7,2
-580,-265,6,0
-730,-346,6,2
-306,-138,1,2
-732,-371,3,0
-443,-222,1,0
-1148,-537,0,2
-1399,-638,7,2
-2113,-956,2,2
-1682,-749,4,2
-65,-56,8,0
-1501,-694,7,0
-2238,-1015,5,2
-1605,-724,7,2
-1452,-657,7,2
-106,-105,8,2
-909,-436,3,0
-428,-186,1,2
-1110,-502,0,2
-1062,-535,0,2
-453,-251,1,2
-1946,-884,2,2
-1029,-474,0,0
-2300,-1080,5,2
-2174,-1004,2,0
-171,-104,8,2
-579,-280,6,2
-161,-83,8,2
-264,-122,8,2
-468,-197,1,2
-1628,-786,7,2
-2471,-1121,5,2
-1654,-756,4,2
-837,-392,3,0
-610,-306,6,0
-1930,-889,2,2
-1338,-603,7,2
-2470,-1130,5,2
-988,-467,3,2
-950,-463,3,2
-1022,-482,0,2
-830,-408,3,2
-1876,-869,4,2
-2314,-1058,5,2
-295,-152,1,0
-624,-307,6,2
-1323,-604,0,2
-317,-151,1,2
-1359,-632,7,2
-258,-135,8,2
-238,-129,8,0
-1848,-854,4,0
-299,-134,1,2
-1694,-768,4,2
-1408,-645,7,0
-1205,-549,0,2
-971,-467,3,2
-661,-302,6,2
-1061,-511,0,2
-660,-318,6,2
-544,-295,6,2
-597,-268,6,2
-1266,-574,0,0
-730,-337,6,2
-1301,-659,0,2
-1556,-719,7,2
-1701,-783,4,2
-526,-258,6,0
-87,-54,8,2
-645,-307,6,2
-1855,-888,4,2
-1548,-700,7,2
-1428,-666,7,0
-542,-261,6,2
-1961,-891,2,0
-784,-393,3,2
-1307,-616,0,2
-1794,-814,4,2
-63,-53,8,0
-2202,-1019,2,2
-430,-261,1,2
-1370,-627,7,2
-669,-307,6,2
-1585,-778,7,2
-1143,-548,0,2
-1249,-618,0,2
-701,-369,3,2
-1295,-588,0,2
-993,-456,3,0
-1492,-690,7,2
-573,-292,6,0
-457,-237,1,0
-1625,-762,7,0
-972,-448,3,2
-2194,-998,2,2
-1592,-710,7,2
-1761,-804,4,2
-976,-495,3,2
-375,-195,1,0
-1911,-868,4,2
-2334,-1078,5,2
-219,-96,8,0
-146,-68,8,2
-1299,-604,0,2
-216,-104,8,0
-257,-123,8,2
-1962,-891,2,2
-99,-90,8,0
-2206,-1026,2,2
-1576,-740,7,2
-680,-346,6,0
-1989,-908,2,2
-1440,-666,7,0
-1010,-484,0,0
-2160,-983,2,2
-398,-210,1,0
-708,-335,6,2
-2091,-959,2,2
-872,-396,3,2
-2019,-891,2,2
-1449,-662,7,2
-2038,-934,2,0
-160,-111,8,2
-1188,-546,0,0
-2260,-1034,5,2
-334,-183,1,0
-1797,-864,4,2
-2091,-956,2,0
-1065,-517,0,2
-2402,-1100,5,2
-98,-47,8,2
-1725,-830,4,2
-2335,-1111,5,0
-1029,-483,0,2
-1601,-732,7,2
-874,-423,3,2
-1751,-799,4,2
-1545,-703,7,2
-2277,-1018,5,2
-1922,-878,2,2
-610,-275,6,2
-1608,-729,7,2
-190,-96,8,2
-1286,-587,0,2
-701,-302,6,2
-715,-326,6,2
-2075,-975,2,2
-2184,-989,2,0
-1052,-491,0,2
-1936,-876,2,2
-44,-28,8,2
-581,-264,6,2
-1180,-550,0,2
-2002,-921,2,2
-553,-257,6,2
-1046,-504,0,0
-543,-266,6,2
-1320,-614,0,2
-1556,-708,7,2
-1265,-584,0,0
-623,-323,6,0
-1393,-646,7,2
-914,-446,3,2
-1944,-893,2,2
-2208,-998,2,2
-1932,-862,2,2
-808,-415,3,2
-1254,-589,0,2
-2402,-1093,5,0
-1059,-482,0,2
-1437,-698,7,2
-158,-96,8,2
-1238,-563,0,0
-1669,-785,4,2
-2302,-1051,5,2
-1085,-501,0,2
-640,-322,6,2
-1845,-840,4,0
-2522,-1137,5,2
-965,-436,3,2
-1799,-844,4,0
-1719,-786,4,2
-1419,-626,7,2
-737,-334,6,2
-1603,-739,7,2
-1976,-899,2,0
-326,-165,1,2
-2021,-912,2,2
-812,-374,3,2
-2408,-1114,5,2
-2072,-929,2,2
-2320,-1044,5,2
-176,-102,8,0
-532,-281,6,2
-2264,-1026,5,2
-1770,-830,4,0
-2477,-1170,5,2
-2417,-1104,5,0
-1179,-540,0,2
-2053,-950,2,2
-92,-75,8,2
-2243,-1064,5,2
-348,-188,1,0
-312,-153,1,0
-460,-218,1,2
-601,-308,6,2
-1827,-819,4,2
-321,-147,1,2
-1804,-836,4,2
-239,-153,8,2
-565,-274,6,0
-1784,-814,4,2
-262,-146,8,2
-1804,-819,4,2
-2224,-1015,2,0
-1204,-579,0,0
-1824,-831,4,2
-1212,-562,0,0
-285,-152,1,0
-1926,-892,2,0
-2132,-973,2,2
-2132,-965,2,2
-779,-385,3,0
-1691,-760,4,2
-676,-333,6,0
-284,-133,8,2
-590,-311,6,2
-1601,-748,7,0
-123,-87,8,2
-1342,-635,0,0
-491,-262,1,2
-1976,-902,2,2
-677,-312,6,0
-584,-255,6,2
-110,-64,8,2
-1294,-609,0,0
-1209,-532,0,2
-582,-310,6,2
-381,-210,1,0
-1187,-544,0,0
-1822,-842,4,2
-1619,-747,7,0
-76,-78,8,2
-2455,-1110,5,2
-865,-386,3,2
-2029,-931,2,2
-377,-199,1,2
-940,-473,3,2
-844,-405,3,2
-1046,-497,0,2
-154,-73,8,2
-1114,-509,0,2
-2184,-986,2,2
-882,-422,3,2
-159,-77,8,2
-2391,-1074,5,2
-1453,-670,7,2
-435,-218,1,0
-1816,-837,4,2
-338,-165,1,2
-1348,-623,7,2
-121,-74,8,2
-2385,-1082,5,2
-1832,-850,4,2
-2395,-1103,5,2
-232,-145,8,2
-510,-249,6,2
-1663,-782,4,2
-101,-77,8,0
-694,-348,6,2
-269,-155,1,2
-1472,-697,7,2
-2257,-1046,5,2
-1228,-567,0,2
-1715,-781,4,2
-2519,-1141,5,2
-935,-468,3,2
-2303,-1046,5,2
-2370,-1068,5,2
-1151,-540,0,2
-1034,-472,0,2
-1798,-808,4,2
-483,-241,1,0
-53,-96,8,2
-198,-160,8,2
-2301,-1036,5,2
-1154,-532,0,0
-225,-136,8,0
-243,-138,8,0
-1260,-587,0,0
-2307,-1032,5,2
-1073,-498,0,2
-163,-124,8,2
-1929,-897,2,0
-42,-19,8,2
-1778,-832,4,2
-1481,-697,7,0
-1110,-509,0,2
-496,-283,1,2
-1681,-779,4,2
-311,-157,1,2
-1340,-630,0,2
-1635,-775,7,2
-720,-350,6,2
-2039,-922,2,0
-264,-160,1,2
-1589,-770,7,2
-1140,-536,0,0
-831,-414,3,0
-2108,-965,2,0
-1464,-659,7,0
-2173,-993,2,0
-1228,-573,0,2
-2248,-1051,5,0
-946,-460,3,2
-2362,-1088,5,2
-2027,-913,2,2
-2255,-1017,5,2
-2061,-983,2,2
-570,-298,6,0
-2021,-906,2,2
-1790,-849,4,2
-2207,-1004,2,2
-566,-270,6,2
-911,-436,3,2
-1259,-595,0,0
-1031,-472,0,2
-386,-210,1,0
-2061,-955,2,2
-2371,-1107,5,2
-905,-420,3,2
-1358,-653,7,2
-1945,-905,2,2
-642,-310,6,2
-1249,-592,0,0
-2024,-939,2,0
-2208,-1011,2,2
-1837,-834,4,2
-2241,-1041,5,2
-829,-393,3,2
-583,-274,6,2
-2337,-1079,5,2
-334,-212,1,0
-804,-414,3,2
-324,-153,1,0
-790,-356,3,2
-430,-221,1,0
-1341,-620,7,2
-1351,-641,7,2
-1396,-648,7,2
-2084,-981,2,2
-2515,-1121,5,2
-1947,-886,2,2
-1585,-735,7,2
-1437,-651,7,2
-1656,-760,4,2
-1357,-623,7,0
-2502,-1151,5,0
-1311,-617,0,2
-732,-372,3,0
-323,-166,1,2
-1938,-900,2,2
-810,-369,3,0
-992,-470,3,2
-597,-295,6,2
-1196,-582,0,0
-604,-289,6,0
-721,-332,6,2
-911,-423,3,2
-1968,-896,2,0
-38,-67,8,2
-1160,-560,0,0
-1471,-694,7,0
-1280,-618,0,2
-310,-172,1,0
-609,-318,6,2
-2360,-1115,5,2
-1451,-646,7,2
-1441,-675,7,0
-1952,-898,2,2
-1198,-561,0,2
-797,-388,3,0
-1317,-591,0,2
-1267,-623,0,0
-566,-263,6,2
-1329,-624,0,2
-1320,-598,0,2
-1421,-639,7,0
-304,-156,1,2
-2370,-1070,5,2
-2137,-969,2,2
-690,-344,6,2
-2279,-1028,5,2
-1833,-832,4,2
-580,-279,6,0
-2202,-1002,2,2
-1731,-791,4,2
-668,-330,6,2
-1221,-572,0,2
-100,-70,8,2
-1688,-765,4,2
-1503,-670,7,2
-226,-120,8,2
-234,-144,8,2
-1112,-495,0,2
-1659,-780,4,2
-1354,-639,7,2
-1920,-877,2,2
-145,-68,8,2
-1577,-705,7,2
-263,-136,8,2
-1312,-600,0,0
-1763,-800,4,2
-2078,-929,2,2
-2448,-1102,5,2
-203,-109,8,0
-1281,-608,0,0
-1594,-716,7,2
-253,-147,8,2
-1169,-529,0,2
-129,-94,8,2
-1985,-911,2,2
-1690,-792,4,0
-427,-237,1,2
-1276,-576,0,2
-1113,-510,0,2
-242,-124,8,2
-356,-184,1,2
-573,-259,6,2
-1996,-921,2,2
-572,-288,6,2
-2107,-942,2,2
-2197,-1052,5,2
-1540,-717,7,0
-1001,-461,0,0
-2066,-949,2,2
-1311,-584,0,2
-420,-220,1,0
-1115,-556,0,2
-314,-193,1,2
-1659,-764,4,0
-2316,-1045,5,0
-513,-248,6,2
-1785,-826,4,2
-331,-189,1,2
-146,-94,8,2
-987,-488,3,2
-1905,-897,4,0
-337,-191,1,0
-1414,-654,7,2
-1442,-670,7,0
-2216,-999,2,2
-1449,-639,7,2
-2473,-1158,5,0
-2400,-1097,5,0
-1127,-521,0,2
-2097,-937,2,2
-2369,-1118,5,2
-1449,-656,7,2
-745,-358,3,0
-1433,-659,7,2
-1671,-754,4,0
-1145,-537,0,2
-1032,-487,0,0
-2163,-969,2,2
-577,-287,6,2
-1412,-651,7,2
-821,-374,3,2
-196,-105,8,0
-1542,-701,7,2
-75,-52,8,2
-2233,-1007,5,2
-1031,-476,0,2
-1083,-514,0,0
-1291,-591,0,0
-2328,-1060,5,2
-2289,-1026,5,2
-366,-227,1,0
-1207,-544,0,2
-2320,-1061,5,2
-1325,-608,0,0
-2388,-1094,5,0
-780,-357,3,2
-1304,-587,0,2
-168,-90,8,2
-1079,-487,0,2
-2202,-1023,2,0
-925,-483,3,2
-280,-145,1,2
-586,-279,6,2
-1512,-670,7,0
-833,-380,3,0
-2164,-984,2,2
-887,-401,3,2
-897,-428,3,2
-123,-75,8,2
-1237,-563,0,0
-288,-141,1,2
-2314,-1053,5,2
-671,-322,6,2
-950,-460,3,2
-1878,-911,4,2
-1153,-553,0,2
-2280,-1052,5,2
-1506,-678,7,2
-345,-182,1,2
-816,-398,3,0
-1265,-569,0,2
-2399,-1097,5,2
-489,-223,1,2
-1869,-856,4,2
-99,-74,8,2
-1805,-864,4,2
-753,-334,6,2
-1237,-594,0,0
-1851,-845,4,0
-2323,-1064,5,2
-1144,-528,0,2
-1483,-690,7,2
-2359,-1056,5,0
-1008,-454,0,2
-163,-86,8,2
-1505,-680,7,2
-1975,-876,2,2
-1841,-843,4,2
-557,-283,6,0
-2394,-1073,5,2
-2291,-1030,5,2
-2230,-1023,5,2
-220,-108,8,2
-411,-178,1,2
-319,-212,1,2
-1960,-926,2,0
-846,-405,3,2
-382,-192,1,2
-2022,-936,2,0
-1543,-730,7,2
-1868,-868,4,2
-2099,-944,2,2
-2116,-994,2,2
-1877,-852,4,2
-2407,-1085,5,2
-845,-409,3,2
-1939,-891,2,0
-531,-260,6,0
-2272,-1071,5,2
-325,-147,1,2
-400,-200,1,2
-2006,-929,2,2
-823,-424,3,0
-664,-355,6,2
-290,-150,1,2
-1635,-739,7,2
-2385,-1126,5,2
-604,-292,6,0
-280,-146,1,0
-1734,-777,4,2
-538,-267,6,2
-1787,-819,4,2
-1387,-666,7,0
-1491,-719,7,0
-1974,-884,2,2
-1760,-816,4,0
-2185,-988,2,2
-1228,-571,0,2
-505,-243,1,2
-1626,-754,7,2
-49,-18,8,2
-161,-83,8,2
-737,-347,6,2
-1982,-947,2,2
-385,-207,1,2
-2355,-1066,5,2
-749,-340,6,2
-49,-28,8,2
-2300,-1054,5,2
-1910,-874,4,2
-1554,-711,7,2
-1984,-913,2,2
-2417,-1115,5,2
-743,-354,3,2
-760,-355,3,2
-784,-360,3,2
-1192,-572,0,2
-1755,-811,4,2
-1336,-647,0,2
-106,-76,8,2
-859,-393,3,2
-268,-139,8,2
-1784,-819,4,0
-1722,-785,4,2
-1832,-875,4,0
-755,-370,3,2
-893,-459,3,2
-293,-152,1,0
-2394,-1107,5,2
-2305,-1066,5,2
-1021,-483,0,2
-1422,-642,7,0
-1133,-542,0,0
-1853,-838,4,2
-2130,-952,2,0
-1963,-894,2,0
-310,-155,1,2
-1980,-904,2,2
-1330,-605,0,2
-293,-163,1,2
-2255,-1066,5,2
-2310,-1079,5,2
-1067,-495,0,2
-460,-227,1,0
-1423,-653,7,2
-2412,-1152,5,2
-915,-436,3,0
-1787,-817,4,2
-608,-345,6,2
-445,-246,1,2
-1476,-707,7,2
-1459,-683,7,2
-104,-68,8,2
-498,-281,1,2
-882,-407,3,2
-2150,-982,2,2
-1585,-735,7,2
-2362,-1087,5,0
-2022,-907,2,2
-580,-267,6,0
-1176,-572,0,0
-2258,-1015,5,2
-1550,-701,7,2
-655,-302,6,2
-602,-323,6,2
-623,-318,6,2
-455,-259,1,2
-2347,-1097,5,0
-453,-201,1,2
-65,-73,8,2
-1981,-909,2,0
-381,-187,1,0
-1226,-579,0,2
-1572,-755,7,2
-1619,-745,7,0
-675,-320,6,2
-2221,-999,2,0
-1265,-590,0,2
-2084,-953,2,2
-56,-54,8,0
-721,-319,6,2
-774,-370,3,2
-1425,-650,7,0
-691,-352,6,2
-359,-196,1,2
-1092,-529,0,2
-740,-393,3,2
-965,-463,3,2
-2450,-1124,5,2
-1679,-769,4,2
-51,-59,8,2
-1266,-600,0,0
-1765,-791,4,2
-566,-252,6,2
-408,-194,1,2
-2202,-989,2,2
-176,-99,8,2
-1600,-734,7,2
-1281,-586,0,2
-1698,-767,4,2
-657,-329,6,0
-971,-448,3,2
-567,-301,6,2
-1027,-474,0,0
-1118,-499,0,2
-719,-356,6,2
-1032,-461,0,2
-71,-50,8,2
-2324,-1036,5,0
-890,-402,3,2
-28,-63,8,2
-2240,-1016,5,2
-773,-341,3,2
-1823,-848,4,2
-1519,-711,7,2
-2477,-1124,5,2
-2221,-1021,2,2
-2325,-1040,5,2
-1864,-876,4,0
-285,-128,8,2
-60,-55,8,2
-424,-210,1,2
-730,-356,6,0
-1266,-587,0,2
-760,-376,3,2
-760,-389,3,2
-347,-149,1,2
-273,-135,8,2
-850,-428,3,2
-665,-306,6,2
-1794,-815,4,2
-25,-38,8,0
-283,-175,1,0
-486,-220,1,2
-1358,-619,7,2
-213,-151,8,2
-1110,-506,0,0
-2205,-1000,2,2
-170,-89,8,0
-1214,-579,0,2
-2156,-1023,2,0
-947,-461,3,2
-481,-251,1,0
-501,-243,1,2
-1188,-558,0,2
-623,-298,6,0
-1963,-930,2,2
-70,-73,8,2
-497,-238,1,2
-486,-220,1,2
-1898,-861,4,0
-1443,-681,7,0
-1315,-624,0,2
-809,-358,3,2
-369,-231,1,2
-1788,-813,4,0
-473,-275,1,2
-1887,-870,4,2
-397,-197,1,2
-1575,-719,7,0
-897,-427,3,0
-2339,-1103,5,0
-1077,-499,0,2
-603,-313,6,2
-2068,-954,2,2
-629,-292,6,0
-2406,-1095,5,2
-1233,-571,0,2
-1983,-887,2,2
-1053,-499,0,0
-1173,-525,0,2
-51,-47,8,2
-2139,-971,2,2
-2308,-1045,5,2
-217,-113,8,2
-2304,-1036,5,2
-1814,-842,4,0
-12,-69,8,2
-1573,-716,7,2
-1489,-678,7,2
-301,-150,1,0
-2365,-1089,5,2
-1602,-746,7,0
-387,-182,1,2
-1520,-708,7,2
-1250,-570,0,2
-1432,-672,7,0
-606,-312,6,2
-1755,-823,4,0
-1851,-851,4,2
-2415,-1098,5,2
-872,-436,3,2
-1782,-838,4,2
-1047,-484,0,0
-2325,-1066,5,2
-428,-230,1,0
-148,-139,8,2
-2333,-1081,5,2
-1947,-875,2,2
-240,-125,8,0
-575,-300,6,0
-302,-138,1,2
-1402,-653,7,2
-440,-223,1,2
-1509,-680,7,2
-1190,-562,0,0
-1100,-497,0,2
-395,-204,1,2
-573,-298,6,2
-1624,-755,7,2
-154,-72,8,2
-940,-436,3,2
-1936,-877,2,2
-2481,-1138,5,2
-1247,-569,0,0
-202,-87,8,2
-916,-423,3,2
-459,-208,1,2
-1709,-769,4,2
-633,-293,6,2
-1676,-785,4,2
-1180,-517,0,2
-130,-96,8,0
-1734,-805,4,2
-802,-387,3,2
-895,-430,3,0
-626,-307,6,0
-2461,-1157,5,0
-246,-115,8,2
-2126,-973,2,2
-1459,-652,7,2
-1385,-651,7,0
-1401,-665,7,0
-958,-465,3,2
-1714,-785,4,2
-2168,-989,2,2
-1721,-782,4,2
-2234,-1025,5,2
-380,-220,1,2
-2454,-1112,5,2
-219,-106,8,2
-2429,-1131,5,2
-1903,-853,4,2
-1536,-724,7,2
-657,-344,6,2
-1254,-585,0,0
-341,-228,1,2
-2128,-959,2,2
-970,-471,3,2
-388,-203,1,0
-545,-268,6,2
-1310,-598,0,2
-1069,-537,0,2
-28,-65,8,2
-2067,-962,2,2
-470,-220,1,2
-2011,-898,2,2
-486,-241,1,0
-2284,-1021,5,2
-1872,-873,4,2
-770,-384,3,2
-1392,-644,7,2
-556,-303,6,2
-2416,-1099,5,2
-40,-62,8,2
-378,-185,1,2
-1979,-886,2,2
-1317,-614,0,2
-1189,-545,0,2
-2232,-1024,5,0
-976,-472,3,2
-1612,-733,7,2
-2448,-1125,5,0
-1709,-759,4,2
-1368,-618,7,2
-853,-392,3,0
-1624,-750,7,2
-84,-102,8,2
-2090,-961,2,0
-483,-224,1,2
-1225,-585,0,2
-457,-228,1,0
-2177,-990,2,2
-2449,-1106,5,0
-1679,-761,4,2
-1422,-649,7,2
-1300,-603,0,0
-2019,-914,2,0
-2338,-1063,5,0
-928,-437,3,2
-2437,-1089,5,2
-1740,-787,4,2
-2466,-1150,5,2
-561,-299,6,0
-924,-411,3,2
-125,-85,8,2
-2476,-1131,5,0
-1331,-580,7,2
-1783,-823,4,0
-1179,-574,0,2
-2405,-1084,5,0
-1055,-503,0,2
-1368,-630,7,0
-972,-470,3,2
-2020,-934,2,2
-1148,-529,0,2
-257,-127,8,0
-1409,-653,7,2
-1672,-785,4,2
-656,-340,6,2
-1707,-770,4,2
-981,-448,3,2
-267,-150,1,2
-1159,-571,0,2
-678,-332,6,0
-315,-165,1,0
-867,-468,3,2
-1240,-549,0,2
-506,-248,1,0
-1362,-618,7,2
-1354,-626,7,2
-256,-151,8,0
-2296,-1082,5,2
-2006,-927,2,2
-1413,-675,7,0
-1839,-837,4,2
-226,-104,8,2
-726,-339,6,2
-1122,-514,0,2
-2137,-966,2,0
-1797,-814,4,2
-1467,-654,7,2
-2278,-1032,5,2
-1559,-724,7,2
-2175,-971,2,2
-1802,-824,4,2
-420,-234,1,0
-358,-170,1,0
-984,-449,3,2
-1826,-824,4,2
-1642,-761,4,2
-753,-350,3,2
-2418,-1125,5,2
-874,-432,3,0
-292,-145,1,2
-947,-447,3,0
-2185,-1031,2,2
-810,-409,3,2
-1567,-707,7,2
-2331,-1037,5,2
-1042,-460,0,2
-370,-184,1,2
-1506,-708,7,2
-2448,-1144,5,2
-1892,-860,4,2
-504,-277,6,2
-987,-438,3,2
-2019,-924,2,2
-444,-220,1,0
-1978,-898,2,2
-1590,-742,7,2
-1232,-574,0,2
-682,-339,6,0
-1782,-812,4,2
-1011,-462,0,2
-633,-301,6,2
-1301,-594,0,2
-2101,-959,2,2
-950,-455,3,2
-762,-373,3,2
-1842,-855,4,2
-1661,-762,4,2
-506,-258,6,2
-74,-76,8,2
-46,-41,8,2
-2107,-945,2,2
-1294,-589,0,2
-1424,-676,7,2
-584,-295,6,2
-1429,-671,7,0
-1433,-666,7,2
-712,-336,6,2
-2188,-1001,2,2
-359,-157,1,2
-2174,-994,2,2
-2055,-935,2,2
-2258,-1038,5,2
-961,-453,3,2
-427,-215,1,2
-1899,-851,4,2
-777,-391,3,0
-132,-74,8,0
-2119,-1003,2,2
-2109,-963,2,2
-1997,-927,2,0
-2007,-935,2,0
-594,-274,6,2
-2127,-967,2,2
-2043,-945,2,2
-2292,-1080,5,2
-1663,-769,4,2
-87,-71,8,2
-2346,-1076,5,0
-373,-188,1,2
-2382,-1087,5,2
-1968,-902,2,0
-886,-408,3,0
-252,-141,8,0
-2355,-1089,5,2
-971,-449,3,2
-1524,-695,7,0
-2422,-1082,5,2
-2261,-1040,5,2
-1505,-671,7,2
-1890,-888,4,2
-2063,-937,2,2
-1305,-588,0,2
-495,-238,1,2
-608,-311,6,2
-549,-254,6,2
-868,-405,3,2
-1970,-896,2,0
-55,-54,8,0
-2010,-927,2,2
-2516,-1147,5,2
-211,-112,8,2
-1676,-757,4,2
-92,-56,8,2
-2069,-936,2,2
-2077,-979,2,2
-1241,-565,0,2
-1937,-881,2,2
-1653,-778,4,2
-495,-253,1,0
-168,-109,8,2
-357,-181,1,2
-126,-76,8,0
-1389,-636,7,2
-2220,-1008,2,2
-1531,-744,7,2
-2130,-979,2,2
-502,-242,1,2
-589,-282,6,2
-1925,-870,2,2
-1057,-515,0,2
-1646,-765,4,0
-1375,-676,7,2
-1878,-900,4,2
-905,-424,3,0
-1844,-828,4,2
-1560,-716,7,2
-1531,-712,7,2
-773,-373,3,2
-689,-374,3,2
-1001,-494,3,2
-151,-73,8,2
-924,-450,3,0
-1967,-909,2,2
-1648,-774,4,0
-468,-276,1,2
-288,-136,1,2
-1515,-673,7,2
-2265,-1040,5,0
-140,-109,8,0
-1828,-852,4,2
-1121,-522,0,2
-2312,-1041,5,2
-2019,-956,2,2
-143,-137,8,2
-1601,-739,7,2
-1236,-559,0,2
-841,-398,3,0
-584,-278,6,2
-559,-248,6,2
-2484,-1141,5,2
-360,-176,1,2
-1407,-650,7,2
-1113,-503,0,2
-2050,-932,2,2
-829,-387,3,0
-454,-221,1,2
-482,-239,1,0
-1636,-781,7,2
-1470,-675,7,2
-705,-361,6,2
-1686,-782,4,2
-1285,-590,0,2
-75,-64,8,0
-715,-326,6,2
-2440,-1134,5,2
-1795,-819,4,2
-1228,-577,0,2
-1411,-630,7,2
-846,-412,3,2
-1101,-517,0,2
-358,-157,1,0
-1469,-668,7,2
-829,-400,3,2
-2230,-1009,2,2
-2458,-1105,5,2
-1462,-698,7,2
-2045,-932,2,2
-2383,-1076,5,2
-1079,-544,0,0
-2199,-998,2,2
-115,-62,8,2
-887,-413,3,2
-813,-382,3,2
-2169,-977,2,2
-1779,-809,4,2
-2413,-1110,5,0
-945,-442,3,2
-718,-332,6,0
-309,-163,1,2
-2016,-916,2,2
-1357,-628,7,2
-1486,-676,7,2
-71,-65,8,2
-1388,-674,7,0
-1732,-806,4,2
-1324,-613,0,2
-1608,-764,7,2
-1650,-744,4,2
-327,-219,1,2
-254,-142,8,0
-1806,-827,4,2
-1055,-486,0,2
-886,-414,3,0
-623,-287,6,2
-938,-490,3,2
-69,-64,8,0
-2410,-1086,5,2
-1500,-686,7,2
-322,-160,1,0
-877,-416,3,2
-948,-447,3,0
-2438,-1147,5,2
-2081,-937,2,2
-839,-395,3,2
-2326,-1083,5,0
-1018,-468,0,2
-419,-206,1,2
-2500,-1142,5,0
-1154,-531,0,2
-778,-372,3,2
-470,-258,1,2
-206,-97,8,2
-620,-285,6,2
-1489,-734,7,0
-534,-265,6,2
-173,-84,8,2
-804,-378,3,2
-2173,-971,2,2
-232,-145,8,2
-596,-289,6,2
-59,-50,8,2
-2028,-917,2,2
-683,-343,6,2
-1161,-546,0,2
-1307,-612,0,2
-1377,-636,7,2
-805,-423,3,1
-543,-264,6,2
-327,-192,1,2
-669,-311,6,2
-63,-36,8,2
-101,-55,8,2
-178,-76,8,2
-558,-264,6,2
-735,-353,6,2
-872,-401,3,2
-301,-156,1,2
-248,-133,8,2
-553,-265,6,0
-361,-186,1,0
-322,-189,1,0
-151,-80,8,0
-305,-151,1,2
-308,-162,1,2
-536,-281,6,0
-503,-225,1,2
-671,-327,6,2
-244,-143,8,0
-852,-415,3,0
-484,-254,1,0
-747,-357,3,2
-863,-391,3,2
-825,-393,3,2
-769,-356,3,2
-353,-171,1,0
-777,-343,3,2
-775,-355,3,2
-256,-160,1,2
-666,-309,6,2
-120,-75,8,0
-816,-396,3,2
-740,-345,6,2
-409,-223,1,0
-680,-358,6,2
-611,-301,6,2
-648,-329,6,2
-527,-253,6,0
-112,-78,8,0
-605,-273,6,2
-537,-272,6,2
-363,-154,1,2
-380,-179,1,2
-118,-100,8,2
-421,-223,1,2
-551,-258,6,2
-541,-274,6,2
-106,-69,8,0
-236,-138,8,0
-94,-70,8,2
-61,-27,8,0
-508,-245,1,2
-807,-388,3,2
-867,-407,3,2
-675,-348,6,0
-78,-108,8,2
-261,-121,8,2
-230,-126,8,2
-868,-386,3,2
-506,-251,6,2
-770,-366,3,2
-165,-95,8,2
-812,-384,3,0
-35,-81,8,2
-583,-252,6,2
-759,-367,3,2
-481,-223,1,2
-274,-164,1,2
-615,-286,6,2
-711,-326,6,0
-360,-174,1,2
-479,-225,1,2
-665,-289,6,2
-139,-54,8,2
-599,-282,6,2
-553,-264,6,0
-66,-23,8,2
-854,-393,3,0
-720,-340,6,0
-177,-97,8,2
-184,-136,8,2
-250,-124,8,2
-77,-32,8,2
-218,-91,8,2
-68,-55,8,2
-25,-45,8,2
-310,-134,1,2
-163,-104,8,0
-331,-166,1,2
-647,-314,6,0
-250,-158,1,2
-343,-187,1,0
-557,-273,6,2
-381,-204,1,0
-285,-134,1,2
-641,-292,6,2
-532,-256,6,2
-570,-263,6,2
-563,-277,6,2
-839,-423,3,2
-462,-201,1,2
-166,-69,8,2
-415,-187,1,2
-241,-127,8,0
-518,-256,6,0
-65,-62,8,0
-78,-31,8,0
-289,-121,8,2
-755,-342,6,2
-284,-153,1,0
-457,-212,1,2
-375,-195,1,0
-241,-101,8,2
-673,-304,6,2
-425,-222,1,2
-259,-123,8,2
-138,-66,8,2
-232,-128,8,2
-356,-191,1,2
-207,-88,8,2
-631,-292,6,0
-772,-372,3,2
-310,-131,1,2
-196,-122,8,0
-668,-330,6,2
-157,-74,8,2
-399,-179,1,2
-527,-288,6,0
-294,-165,1,2
-464,-196,1,2
-593,-283,6,2
-804,-390,3,0
-626,-312,6,0
-329,-193,1,2
-621,-298,6,2
-535,-285,6,0
-652,-315,6,2
-839,-373,3,2
-221,-127,8,0
-423,-200,1,2
-632,-319,6,2
-604,-281,6,0
-268,-143,8,0
-514,-255,6,2
-397,-208,1,2
-170,-83,8,2
-839,-400,3,2
-326,-188,1,2
-760,-364,3,2
-278,-131,8,2
-156,-123,8,0
-116,-94,8,0
-103,-69,8,0
-430,-204,1,0
-854,-391,3,0
-617,-271,6,2
-780,-397,3,2
-444,-237,1,0
-508,-249,6,2
-573,-260,6,2
-807,-392,3,2
-55,-62,8,0
-228,-110,8,0
-402,-196,1,2
-382,-189,1,0
-498,-241,1,0
-80,-46,8,0
-285,-153,1,2
-658,-290,6,2
-385,-191,1,2
-674,-316,6,2
-362,-162,1,2
-491,-239,1,2
-388,-182,1,0
-206,-125,8,0
-487,-219,1,2
-367,-206,1,2
-446,-226,1,2
-644,-302,6,0
-803,-364,3,2
-40,-28,8,2
-585,-285,6,2
-835,-408,3,0
-359,-174,1,0
-544,-258,6,2
-214,-106,8,2
-696,-354,6,2
-623,-296,6,2
-668,-333,6,0
-135,-103,8,2
-169,-121,8,2
-813,-389,3,2
-750,-346,6,2
-130,-69,8,2
-460,-210,1,2
-287,-162,1,2
-423,-211,1,0
-803,-398,3,0
-614,-282,6,2
-157,-74,8,2
-143,-63,8,2
-559,-270,6,2
-31,-41,8,0
-249,-131,8,2
-226,-128,8,0
-123,-61,8,2
-594,-311,6,2
-847,-428,3,2
-752,-354,3,2
-557,-327,6,2
-407,-209,1,0
-258,-183,1,2
-346,-152,1,2
-352,-157,1,2
-563,-268,6,0
-204,-135,8,0
-467,-225,1,0
-560,-307,6,2
-36,-44,8,0
-154,-106,8,2
-75,-32,8,2
-517,-257,6,2
-436,-228,1,0
-226,-121,8,0
-604,-326,6,2
-108,-67,8,2
-776,-366,3,2
-410,-218,1,2
-230,-133,8,0
-130,-89,8,2
-436,-235,1,2
-155,-108,8,2
-487,-234,1,2
-701,-341,6,2
-175,-103,8,2
-730,-326,6,2
-415,-213,1,2
-61,-15,8,2
-786,-359,3,2
-446,-216,1,2
-739,-344,6,2
-422,-195,1,2
-177,-103,8,2
-459,-227,1,0
-342,-157,1,2
-84,-75,8,0
-559,-278,6,2
-580,-279,6,0
-397,-224,1,2
-176,-74,8,2
-164,-103,8,0
-864,-398,3,2
-421,-225,1,0
-52,-58,8,2
-262,-131,8,0
-433,-207,1,2
-760,-340,6,2
-304,-161,1,2
-460,-217,1,0
-63,-39,8,2
-343,-174,1,0
-454,-210,1,2
-234,-124,8,2
-263,-129,8,0
-327,-157,1,2
-581,-282,6,0
-739,-340,6,0
-470,-216,1,2
-74,-110,8,2
-869,-410,3,0
-129,-82,8,2
-483,-233,1,0
-581,-293,6,0
-479,-249,1,2
-453,-214,1,2
-294,-153,1,2
-607,-321,6,0
-302,-163,1,2
-727,-323,6,2
-752,-344,6,0
-560,-270,6,2
-562,-278,6,2
-355,-165,1,2
-726,-328,6,2
-746,-350,3,2
-836,-380,3,2
-211,-111,8,2
-465,-245,1,2
-847,-406,3,0
-559,-325,6,2
-300,-180,1,0
-807,-387,3,2
-447,-228,1,2
-786,-343,3,2
-797,-362,3,2
-504,-283,1,0
-406,-178,1,2
-737,-322,6,2
-337,-166,1,2
-387,-224,1,2
-823,-421,3,2
-772,-368,3,2
-276,-144,1,2
-703,-351,6,2
-526,-234,6,2
-45,-66,8,2
-647,-318,6,2
-671,-327,6,2
-257,-125,8,2
-190,-124,8,2
-833,-381,3,2
-479,-217,1,2
-217,-137,8,2
-796,-422,3,2
-487,-240,1,2
-616,-286,6,0
-223,-98,8,2
-158,-72,8,2
-280,-148,1,2
-344,-172,1,0
-730,-340,6,2
-54,-41,8,2
-569,-296,6,2
-257,-139,8,2
-753,-342,6,2
-27,-56,8,2
-517,-257,6,0
-57,-70,8,2
-687,-342,6,2
-302,-142,1,2
-392,-194,1,2
-471,-239,1,0
-436,-203,1,2
-366,-203,1,2
-543,-261,6,0
-568,-284,6,0
-133,-131,8,2
-844,-393,3,2
-451,-209,1,2
-548,-287,6,2
-301,-157,1,2
-177,-91,8,2
-372,-163,1,2
-117,-92,8,2
-801,-368,3,2
-517,-254,6,2
-73,-41,8,2
-238,-122,8,0
-708,-322,6,2
-864,-396,3,2
-381,-185,1,2
-283,-159,1,0
-515,-252,6,2
-220,-104,8,2
-135,-72,8,2
-278,-108,8,2
-616,-305,6,0
-36,-32,8,0
-727,-364,3,0
-543,-252,6,2
-161,-95,8,2
-571,-268,6,2
-319,-139,1,2
-139,-100,8,0
-655,-328,6,2
-817,-381,3,2
-434,-204,1,0
-173,-125,8,2
-678,-317,6,2
-490,-216,1,2
-684,-309,6,2
-674,-323,6,2
-349,-200,1,2
-622,-273,6,2
-769,-370,3,2
-843,-399,3,2
-402,-201,1,2
-295,-146,1,2
-422,-199,1,2
-730,-343,6,0
-779,-381,3,0
-631,-308,6,2
-179,-109,8,0
-546,-283,6,2
-364,-171,1,2
-205,-135,8,0
-561,-282,6,0
-562,-277,6,0
-408,-202,1,0
-704,-310,6,2
-674,-329,6,2
-223,-116,8,2
-886,-397,3,2
-179,-121,8,0
-369,-200,1,2
-776,-380,3,2
-266,-135,8,0
-709,-351,6,2
-256,-130,8,2
-806,-408,3,0
-304,-197,1,2
-640,-305,6,2
-491,-250,1,2
-130,-84,8,2
-374,-180,1,2
-73,-63,8,0
-257,-125,8,0
-801,-388,3,2
-102,-71,8,0
-224,-110,8,2
-313,-165,1,2
-644,-297,6,0
-347,-185,1,2
-445,-241,1,2
-608,-296,6,2
-534,-231,6,2
-313,-167,1,0
-663,-312,6,2
-676,-296,6,2
-599,-283,6,2
-233,-128,8,2
-420,-212,1,2
-643,-313,6,2
-616,-284,6,2
-693,-331,6,2
-736,-365,3,2
-576,-276,6,2
-298,-123,1,2
-693,-338,6,0
-173,-89,8,2
-408,-204,1,2
-73,-52,8,2
-862,-426,3,2
-843,-412,3,0
-447,-225,1,2
-340,-205,1,2
-191,-125,8,0
-223,-124,8,2
-448,-194,1,2
-239,-109,8,2
-400,-203,1,0
-536,-256,6,2
-404,-220,1,2
-79,-61,8,0
-483,-223,1,2
-240,-157,8,2
-720,-344,6,0
-339,-164,1,2
-764,-363,3,2
-34,-29,8,0
-204,-99,8,2
-159,-78,8,2
-509,-258,6,2
-526,-249,6,2
-69,-31,8,2
-194,-81,8,2
-756,-355,3,2
-700,-319,6,2
-697,-337,6,0
-334,-185,1,2
-659,-305,6,2
-545,-254,6,2
-385,-182,1,0
-465,-214,1,2
-866,-407,3,0
-238,-148,8,2
-80,-57,8,0
-719,-345,6,2
-292,-194,1,2
-376,-179,1,2
-440,-199,1,2
-745,-327,6,2
-55,-47,8,2
-80,-44,8,0
-627,-290,6,2
-734,-358,3,0
-664,-312,6,0
-36,-43,8,2
-129,-97,8,0
-483,-235,1,2
-737,-338,6,2
-48,-34,8,2
-405,-196,1,2
-654,-335,6,0
-380,-191,1,2
-775,-377,3,2
-113,-57,8,2
-228,-118,8,0
-811,-426,3,2
-629,-290,6,2
-822,-381,3,2
-179,-101,8,0
-742,-340,6,0
-281,-106,8,2
-148,-79,8,2
-241,-116,8,0
-128,-59,8,2
-139,-63,8,2
-679,-333,6,2
-579,-271,6,2
-744,-347,6,0
-655,-312,6,2
-107,-62,8,2
-807,-377,3,2
-425,-187,1,2
-78,-37,8,2
-546,-253,6,2
-849,-372,3,2
-548,-286,6,2
-664,-329,6,2
-206,-102,8,2
-406,-192,1,0
-824,-392,3,2
-330,-194,1,0
-331,-145,1,2
-464,-242,1,0
-377,-204,1,0
-762,-381,3,2
-455,-220,1,2
-51,-63,8,2
-418,-227,1,2
-634,-313,6,0
-382,-177,1,2
-755,-351,3,2
-700,-317,6,2
-50,-30,8,2
-557,-261,6,2
-73,-64,8,2
-327,-166,1,0
-572,-275,6,2
-104,-64,8,2
-430,-241,1,2
-605,-266,6,2
-285,-127,8,2
-305,-168,1,0
-106,-121,8,2
-431,-215,1,0
-680,-339,6,0
-236,-118,8,0
-333,-169,1,2
-859,-414,3,2
-48,-38,8,0
-785,-375,3,2
-196,-89,8,2
-131,-66,8,2
-283,-183,1,2
-309,-156,1,2
-535,-243,6,2
-314,-157,1,2
-802,-350,3,2
-351,-195,1,0
-823,-401,3,2
-822,-367,3,2
-446,-215,1,2
-33,-71,8,2
-830,-395,3,2
-163,-74,8,2
-195,-123,8,0
-112,-60,8,2
-420,-221,1,0
-767,-388,3,2
-671,-340,6,2
-169,-109,8,2
-203,-98,8,2
-573,-261,6,2
-517,-276,6,2
-574,-281,6,0
-809,-366,3,2
-465,-229,1,2
-757,-384,3,2
-708,-325,6,2
-704,-321,6,2
-492,-267,1,0
-654,-312,6,0
-97,-54,8,2
-722,-354,6,0
-730,-340,6,0
-261,-111,8,2
-23,-63,8,0
-653,-292,6,2
-864,-400,3,2
-863,-404,3,0
-715,-320,6,0
-435,-202,1,2
-776,-358,3,2
-159,-109,8,2
9,-57,8,2
-758,-345,3,2
-501,-218,1,2
-45,-19,8,2
-652,-306,6,2
-608,-318,6,2
-151,-111,8,0
-204,-98,8,0
-303,-130,1,2
-359,-169,1,2
-756,-348,3,2
-865,-400,3,0
-416,-236,1,2
-866,-401,3,2
-754,-395,3,0
-191,-137,8,2
-153,-94,8,2
-143,-74,8,2
-443,-250,1,2
-453,-221,1,2
-491,-212,1,2
-424,-183,1,2
-680,-362,6,2
-286,-152,1,2
-755,-370,3,0
-92,-48,8,2
-715,-327,6,2
-390,-176,1,2
-339,-161,1,2
-804,-378,3,2
-700,-312,6,2
-108,-62,8,2
-683,-346,6,2
-273,-172,1,2
-385,-179,1,2
-493,-234,1,2
-105,-109,8,2
-500,-240,1,2
-710,-348,6,2
-73,-35,8,2
-408,-189,1,2
-145,-79,8,2
-685,-317,6,2
-323,-196,1,2
-384,-171,1,2
-582,-334,6,2
-841,-404,3,2
-598,-282,6,2
-571,-283,6,2
-290,-136,1,2
-703,-321,6,2
-450,-221,1,0
-453,-249,1,2
-350,-159,1,2
-463,-268,1,2
-647,-304,6,2
-663,-309,6,2
-256,-130,8,2
-668,-320,6,2
-189,-108,8,2
-765,-352,3,2
-175,-72,8,2
-60,-27,8,2
-610,-288,6,0
-225,-119,8,0
-593,-279,6,2
-793,-383,3,0
-732,-343,6,0
-497,-247,1,2
-527,-247,6,0
-669,-292,6,2
-418,-202,1,0
-479,-251,1,2
-150,-103,8,2
-487,-239,1,2
-672,-318,6,0
-240,-151,8,0
-302,-145,1,0
-501,-251,1,0
-556,-262,6,2
-376,-199,1,2
-824,-394,3,2
-483,-229,1,2
-281,-202,1,2
-34,-36,8,2
-267,-131,8,0
-787,-364,3,0
-181,-90,8,2
-25,-39,8,2
-284,-162,1,0
-183,-107,8,2
-66,-40,8,2
-489,-224,1,2
-604,-271,6,2
-551,-259,6,2
-792,-391,3,2
-271,-154,1,2
-762,-381,3,2
-553,-267,6,2
-616,-284,6,2
-617,-279,6,2
-649,-352,6,2
-600,-276,6,2
-837,-395,3,2
-548,-279,6,0
-88,-96,8,2
-610,-286,6,2
-693,-318,6,2
-738,-336,6,2
-514,-240,6,2
-199,-108,8,0
-125,-100,8,2
-103,-75,8,0
-733,-326,6,2
-591,-275,6,2
-522,-232,1,2
-55,-35,8,2
-820,-408,3,2
-743,-330,6,2
-37,-28,8,0
-213,-117,8,2
-660,-319,6,2
-718,-331,6,2
-711,-334,6,2
-82,-47,8,2
-82,-60,8,2
-652,-294,6,0
-662,-294,6,2
-576,-285,6,0
-367,-175,1,2
-418,-179,1,2
-786,-341,3,2
-782,-380,3,2
-72,-52,8,0
-172,-95,8,0
-267,-157,1,0
-502,-239,1,0
-608,-266,6,2
-432,-229,1,0
-874,-401,3,0
-200,-109,8,2
-540,-252,6,2
-66,-38,8,2
-398,-193,1,2
-37,-28,8,0
-526,-277,6,0
-200,-89,8,2
-116,-60,8,2
-768,-358,3,2
-376,-179,1,2
-804,-372,3,2
-75,-73,8,2
-451,-232,1,0
-315,-165,1,2
-261,-119,8,2
-604,-275,6,2
-770,-348,3,2
-338,-161,1,2
-593,-287,6,2
-806,-377,3,2
-649,-301,6,2
-620,-314,6,0
-265,-122,8,2
-102,-70,8,2
-160,-105,8,2
-231,-108,8,2
-485,-244,1,0
-221,-107,8,2
-227,-126,8,2
-666,-312,6,2
-624,-296,6,0
-342,-219,1,2
-582,-279,6,0
-231,-140,8,2
-707,-312,6,2
-485,-226,1,0
-418,-177,1,2
-236,-145,8,2
-545,-265,6,2
-498,-235,1,2
-436,-203,1,2
-336,-161,1,2
-91,-63,8,2
-362,-197,1,2
-29,-45,8,2
-814,-424,3,2
-675,-326,6,0
-607,-267,6,2
-820,-384,3,2
-820,-422,3,2
-45,-60,8,2
-849,-427,3,0
-475,-241,1,2
-411,-192,1,2
-398,-236,1,2
-159,-82,8,2
-311,-176,1,2
-485,-209,1,2
-121,-67,8,0
-829,-371,3,2
-222,-137,8,0
-258,-131,8,0
-158,-99,8,2
-544,-245,6,2
-79,-78,8,2
-772,-340,3,2
-843,-378,3,2
-153,-108,8,0
-204,-149,8,2
-628,-336,6,2
-750,-355,3,2
-158,-94,8,2
-144,-115,8,2
-679,-321,6,2
-395,-171,1,2
-455,-212,1,2
-552,-261,6,2
-747,-330,6,2
-67,-40,8,0
-372,-171,1,2
-726,-360,3,2
-388,-171,1,0
-517,-260,6,2
-417,-194,1,2
-821,-374,3,0
-396,-208,1,2
-437,-201,1,2
-343,-145,1,2
-274,-130,8,2
-596,-299,6,0
-293,-147,1,2
-402,-179,1,2
-725,-327,6,2
-708,-325,6,2
-615,-320,6,2
-687,-325,6,2
-739,-320,6,2
-298,-133,1,2
-374,-180,1,2
-561,-249,6,2
-748,-350,3,2
-808,-383,3,0
-796,-402,3,2
-392,-207,1,0
-133,-74,8,2
-347,-174,1,2
-206,-100,8,2
-136,-85,8,2
-798,-385,3,0
-826,-406,3,2
-464,-226,1,2
-170,-128,8,2
-788,-367,3,2
-82,-70,8,2
-317,-174,1,2
-688,-298,6,2
-122,-74,8,2
-383,-199,1,0
-792,-360,3,2
-40,-43,8,0
-574,-256,6,0
-597,-281,6,2
-658,-319,6,0
-615,-273,6,2
-614,-269,6,2
-356,-171,1,2
-819,-415,3,2
-102,-57,8,2
-102,-30,8,2
-279,-148,1,2
-685,-305,6,2
-618,-310,6,2
-595,-290,6,0
-266,-152,1,2
-118,-73,8,0
-808,-412,3,2
-457,-241,1,0
-167,-103,8,0
-450,-227,1,0
-798,-414,3,0
-445,-207,1,2
-37,-46,8,2
-815,-384,3,2
-702,-327,6,2
-235,-126,8,2
-158,-88,8,2
-637,-281,6,2
-501,-244,1,2
-163,-125,8,2
-278,-145,1,2
-218,-135,8,2
-126,-87,8,0
-109,-79,8,0
-121,-106,8,2
-508,-257,6,0
-193,-148,8,2
-80,-65,8,0
-191,-94,8,2
-693,-329,6,0
-542,-259,6,0
-634,-315,6,2
-444,-238,1,0
-717,-325,6,2
-211,-122,8,2
-350,-177,1,0
-272,-158,1,2
-641,-331,6,0
-283,-167,1,0
-147,-96,8,2
-263,-114,8,2
-855,-398,3,2
-466,-211,1,2
-47,-56,8,0
-754,-331,6,2
-144,-62,8,2
-749,-333,6,2
-285,-201,1,2
-402,-226,1,2
-761,-379,3,2
-520,-247,6,2
-393,-185,1,2
-172,-88,8,0
-307,-169,1,2
-211,-145,8,0
-800,-387,3,2
-39,-43,8,2
-738,-354,3,2
-311,-178,1,0
-142,-76,8,2
-520,-228,1,2
-822,-399,3,2
-483,-217,1,2
-739,-381,3,2
-322,-169,1,2
-829,-377,3,2
-18,-41,8,2
-53,-48,8,2
-162,-93,8,2
-619,-305,6,0
-385,-207,1,0
-528,-256,6,2
-631,-317,6,0
-738,-333,6,2
-815,-437,3,2
-130,-76,8,0
-528,-250,6,2
-27,-46,8,2
-417,-194,1,2
-583,-291,6,2
-344,-178,1,2
-827,-384,3,2
-231,-121,8,2
-25,-61,8,2
-661,-310,6,2
-712,-331,6,2
-694,-347,6,2
-716,-336,6,2
-596,-289,6,0
-81,-46,8,2
-493,-250,1,2
-655,-320,6,2
-557,-286,6,2
-631,-297,6,2
-642,-291,6,2
-265,-120,8,0
-569,-272,6,2
-219,-124,8,2
-446,-212,1,2
-755,-358,3,2
-26,-47,8,2
-603,-289,6,0
-194,-101,8,0
-262,-133,8,2
-807,-412,3,2
-395,-183,1,2
-476,-292,1,2
-822,-388,3,0
-609,-297,6,2
-40,-43,8,0
-69,-51,8,2
-749,-376,3,2
-86,-84,8,2
-586,-291,6,2
-407,-201,1,2
-87,-58,8,2
-356,-159,1,2
-830,-391,3,2
-453,-207,1,2
-101,-98,8,2
-476,-219,1,2
-718,-351,6,2
-853,-410,3,2
-18,-56,8,0
-179,-81,8,2
-133,-86,8,2
-762,-405,3,0
-798,-396,3,2
-131,-57,8,2
-215,-112,8,2
-791,-364,3,2
-341,-192,1,0
-348,-151,1,2
-134,-134,8,2
-810,-358,3,2
-278,-161,1,0
-220,-120,8,2
-858,-405,3,2
-130,-57,8,2
-371,-204,1,2
-597,-290,6,2
-312,-171,1,2
-122,-74,8,1
