2708,-29,1,2
2742,-41,1,2
1445,10,4,2
1604,10,5,2
2201,-38,8,2
1941,-7,3,2
637,16,7,2
1383,22,4,0
2493,-20,8,0
625,38,7,0
1920,12,3,0
443,24,2,0
264,30,6,2
1321,15,4,2
257,24,6,0
1706,-5,5,2
893,17,0,2
1041,19,0,2
1969,-1,3,2
1986,-2,3,0
1156,31,4,0
2043,-10,3,2
2701,-32,1,2
193,51,6,2
107,63,6,2
1457,17,4,0
753,21,7,2
937,41,0,0
2323,2,8,2
1153,24,4,2
1110,17,0,2
1822,-9,3,2
2378,-17,8,2
2616,-32,1,2
2089,-33,3,2
1681,2,5,2
1211,7,4,2
2575,-43,1,2
2747,-57,1,0
1819,1,5,2
2537,-27,1,2
2778,-24,1,2
819,27,0,2
2822,-27,1,2
1975,-16,3,2
2199,-5,8,0
472,46,2,2
334,46,2,2
19,53,6,2
1866,-7,3,2
2136,-19,3,2
1543,-29,5,2
2553,-19,1,0
1740,13,5,0
118,67,6,2
1633,6,5,0
1455,4,4,2
2593,-32,1,2
503,45,2,2
1060,21,0,2
2615,-30,1,2
1994,-33,3,2
524,44,2,2
189,53,6,0
72,57,6,2
584,35,7,2
982,17,0,2
775,38,7,0
1127,30,4,0
1261,7,4,2
17,38,6,2
2081,-14,3,2
669,44,7,0
1405,2,4,2
291,55,6,2
1428,-1,4,2
2133,-13,3,2
1417,11,4,2
2079,-31,3,2
310,39,2,2
2483,-37,8,2
1892,-16,3,2
2548,-19,1,2
634,51,7,2
2230,-10,8,0
2246,-9,8,2
1845,4,3,0
1287,17,4,2
2575,-29,1,2
2424,-12,8,0
1735,9,5,2
1953,-7,3,2
1415,-3,4,2
202,21,6,2
1538,3,5,0
179,49,6,2
1120,37,0,0
1294,18,4,0
796,16,7,2
1730,-1,5,2
287,64,6,0
1231,30,4,0
517,49,2,2
1062,12,0,2
43,48,6,2
2112,-10,3,0
2062,-25,3,2
1179,12,4,2
1086,17,0,2
290,48,6,2
2460,-29,8,2
2640,-27,1,0
2191,-16,8,0
2359,-29,8,2
34,53,6,2
2831,-20,1,2
2050,6,3,2
1216,20,4,0
1722,18,5,2
31,46,6,2
1251,6,4,2
220,58,6,2
2704,-49,1,2
1840,-1,3,0
2041,-22,3,2
1959,-3,3,0
137,33,6,2
170,43,6,0
347,41,2,2
2319,-18,8,2
2664,-22,1,2
2464,-27,8,2
248,46,6,2
1749,5,5,2
488,39,2,2
311,33,2,0
2599,-11,1,2
678,21,7,2
2227,-34,8,2
2736,-25,1,0
2648,-15,1,2
1593,0,5,2
2108,-34,3,2
1200,19,4,0
70,69,6,2
1026,14,0,2
863,9,0,2
100,42,6,2
952,37,0,2
851,29,0,2
1028,16,0,2
1230,14,4,2
675,24,7,2
2005,-19,3,2
1745,10,5,0
1058,30,0,2
1435,0,4,2
2525,-17,1,2
1123,27,0,2
1558,13,5,2
2370,-17,8,2
1743,-5,5,2
2711,-27,1,2
2776,-52,1,2
1270,18,4,0
1344,3,4,2
1610,3,5,2
30,57,6,2
1779,-26,5,2
2581,-23,1,2
294,41,2,2
862,23,0,2
2833,-26,1,0
2453,-22,8,2
523,32,2,0
1746,-12,5,2
2094,-19,3,2
2518,-25,1,2
996,-1,0,2
2344,-8,8,2
954,25,0,0
164,50,6,2
2632,-29,1,2
1951,-13,3,0
1979,-7,3,0
2057,-11,3,2
461,40,2,2
397,53,2,2
2869,-32,1,2
115,43,6,0
581,28,7,2
627,27,7,2
2561,-25,1,2
247,54,6,2
355,35,2,2
1217,0,4,2
2863,-36,1,2
2597,-17,1,0
430,42,2,0
2165,-18,3,2
2394,-25,8,2
789,10,7,2
1787,10,5,0
1751,1,5,2
2516,-27,1,2
438,29,2,2
338,42,2,0
2312,-6,8,2
1389,20,4,0
2640,-55,1,2
649,38,7,2
1364,11,4,0
568,35,7,2
2758,-19,1,2
301,52,2,0
2633,-17,1,0
2095,-5,3,2
973,25,0,2
115,62,6,2
1753,-8,5,2
1224,12,4,2
1056,32,0,2
2551,0,1,2
891,24,0,2
440,44,2,2
1688,-6,5,2
1677,-6,5,2
738,53,7,2
2098,-23,3,2
894,40,0,2
2569,-25,1,2
352,44,2,2
629,28,7,2
128,46,6,2
2699,-25,1,0
1847,9,3,2
789,28,7,2
936,20,0,0
174,64,6,0
177,42,6,2
2252,-15,8,0
1190,9,4,2
1883,-6,3,2
226,25,6,2
927,25,0,2
1305,0,4,2
1621,17,5,0
996,17,0,2
1352,24,4,0
559,19,7,2
149,51,6,0
2386,-19,8,2
804,33,0,2
1882,-15,3,2
1785,-1,5,2
2048,-26,3,0
205,39,6,2
813,21,0,2
1057,26,0,2
1315,18,4,2
531,35,2,2
2847,-16,1,2
1709,-26,5,2
486,52,2,2
2360,-26,8,2
1772,13,5,0
1473,-31,5,2
1408,24,4,0
1022,22,0,2
1508,5,5,0
2665,-15,1,0
1117,0,0,2
2072,18,3,2
1372,2,4,2
2671,-31,1,2
2510,-20,8,2
795,35,0,0
1100,17,0,2
1159,11,4,2
1911,-4,3,0
2259,-53,8,2
2844,-29,1,0
865,26,0,2
831,40,0,2
1329,5,4,2
2448,-11,8,0
1493,21,5,0
890,35,0,2
2340,-26,8,2
1162,6,4,2
1256,16,4,2
324,41,2,2
1491,11,5,2
1587,0,5,2
1726,-5,5,2
129,52,6,2
2605,-15,1,2
601,16,7,2
1901,-11,3,2
767,50,7,2
489,46,2,0
566,18,7,2
1464,9,4,0
1641,16,5,0
2050,-25,3,2
822,31,0,2
1164,13,4,2
2742,-32,1,2
1160,14,4,0
2265,-7,8,0
2612,-33,1,2
458,35,2,0
2759,-51,1,2
1327,11,4,0
1247,-6,4,2
1130,11,4,2
428,61,2,2
2399,-37,8,2
2445,-25,8,2
632,39,7,2
838,29,0,2
2533,-16,1,2
1032,25,0,2
1256,9,4,2
839,30,0,2
2712,-13,1,2
1403,-13,4,2
1059,30,0,0
2128,0,3,2
329,69,2,2
1341,16,4,2
1521,0,5,2
921,28,0,2
2853,-27,1,2
1684,11,5,2
1864,-18,3,2
2820,-36,1,2
2675,-11,1,2
56,25,6,2
1795,3,5,2
2824,-40,1,2
2010,-6,3,0
229,51,6,0
2751,-43,1,2
1991,-15,3,2
1673,5,5,2
2309,13,8,2
547,30,7,2
10,42,6,2
590,23,7,2
208,43,6,0
1138,13,4,2
132,46,6,0
2166,-15,3,2
2341,-9,8,0
2828,-33,1,0
655,46,7,2
2835,-33,1,0
141,48,6,2
194,37,6,2
2254,-27,8,2
1855,9,3,0
942,30,0,2
848,32,0,0
2423,-19,8,2
2810,-37,1,2
980,36,0,2
2310,-41,8,2
1414,21,4,0
2513,-21,8,2
1026,0,0,2
2787,-61,1,2
999,21,0,0
1766,3,5,2
639,37,7,2
2269,-43,8,2
1835,-4,3,2
2295,-24,8,2
2729,-32,1,2
818,36,0,2
840,38,0,2
1442,15,4,2
2241,-22,8,2
104,55,6,2
197,47,6,2
2393,-35,8,2
390,38,2,2
664,48,7,0
1749,-24,5,2
1588,-3,5,2
1487,7,5,0
2039,-9,3,2
1900,-2,3,2
2847,-51,1,0
1194,12,4,2
178,52,6,2
2841,-30,1,2
412,28,2,2
2769,-31,1,0
367,55,2,0
2435,-31,8,2
101,45,6,2
1963,0,3,0
1551,16,5,2
720,22,7,2
2480,-7,8,0
120,45,6,2
2110,-14,3,2
272,39,6,0
2316,-15,8,2
2446,-29,8,2
1674,-4,5,2
215,44,6,2
1066,37,0,0
39,49,6,2
2812,-29,1,0
1111,18,0,2
2449,-38,8,2
1693,-1,5,2
1654,2,5,2
2623,-42,1,2
856,3,0,2
2806,-37,1,0
1068,17,0,2
1558,-2,5,2
379,49,2,2
1756,-1,5,2
1317,5,4,2
1511,21,5,0
1957,-1,3,2
94,64,6,2
1290,1,4,2
1311,14,4,2
2011,-22,3,0
185,37,6,2
1365,15,4,0
1944,7,3,2
192,46,6,2
2732,-39,1,2
2211,-13,8,2
2314,-22,8,2
2494,-26,8,2
1116,12,0,2
189,51,6,0
2411,-34,8,2
2023,-21,3,2
1978,-3,3,2
2598,-19,1,2
493,30,2,2
1783,-8,5,2
1339,3,4,2
1215,27,4,0
1703,13,5,0
1220,-4,4,0
1605,9,5,0
2682,-29,1,0
939,21,0,2
2271,-9,8,2
2570,-19,1,2
181,44,6,2
189,49,6,2
1969,3,3,2
371,45,2,2
1154,22,4,2
782,11,7,2
317,56,2,2
2291,-7,8,2
2210,-13,8,2
1142,27,4,0
216,29,6,0
1284,25,4,0
436,31,2,2
1944,-7,3,2
2057,0,3,2
2524,-19,1,2
1909,-2,3,2
1411,10,4,2
1920,-19,3,2
653,26,7,2
1225,6,4,2
138,44,6,2
791,20,7,2
2667,-45,1,2
1157,20,4,2
1869,5,3,2
1092,1,0,2
2403,-13,8,2
1956,9,3,2
696,35,7,2
2797,-20,1,0
2253,-16,8,2
2338,-14,8,2
2135,-3,3,2
1050,12,0,2
912,11,0,2
2228,-15,8,2
1807,-11,5,2
2406,-45,8,2
2637,-37,1,2
2053,-2,3,2
2144,-23,3,2
162,63,6,2
2521,-17,1,2
948,20,0,2
949,17,0,2
2383,-28,8,2
1732,9,5,2
144,51,6,2
2574,-20,1,2
2805,-31,1,2
451,45,2,2
1741,0,5,2
2335,-20,8,2
2198,-9,8,0
1087,18,0,2
1510,13,5,2
1831,-21,3,2
1437,-10,4,2
1311,0,4,2
99,54,6,0
2858,-16,1,0
1195,33,4,0
1725,-1,5,2
1030,24,0,0
910,38,0,0
2757,-36,1,2
1497,8,5,0
2861,3,1,2
1104,26,0,2
1295,17,4,2
112,52,6,2
102,45,6,2
1213,16,4,2
20,59,6,0
1585,25,5,0
1357,18,4,2
1114,22,0,2
26,46,6,2
2432,-23,8,2
1097,18,0,2
1387,14,4,2
385,37,2,2
1632,0,5,2
687,29,7,2
1281,15,4,2
2749,-30,1,2
2550,2,1,2
1596,3,5,2
1787,-11,5,2
1010,17,0,2
1709,10,5,2
1861,-3,3,2
1323,29,4,2
1563,5,5,2
2120,-16,3,0
406,56,2,2
2579,-26,1,2
2136,-46,8,2
510,32,2,2
551,24,7,2
160,52,6,2
1419,14,4,0
1814,8,5,0
2740,-37,1,2
2182,5,3,0
1878,-8,3,2
1069,29,0,2
2465,-26,8,2
126,42,6,2
2772,-26,1,2
2283,-23,8,2
2830,-25,1,2
1685,-25,5,2
1522,5,5,0
610,45,7,2
2267,-22,8,0
707,11,7,2
1956,-11,3,2
1934,3,3,2
2767,-35,1,2
1187,24,4,0
2666,-17,1,0
1249,26,4,2
957,19,0,2
2216,-18,8,2
1221,-1,4,2
2224,-8,8,2
593,24,7,2
1779,8,5,0
55,80,6,2
414,43,2,2
64,60,6,2
2387,-3,8,0
756,10,7,0
205,38,6,2
1832,-6,3,2
2864,-52,1,2
1433,19,4,0
1257,9,4,2
408,49,2,2
1651,0,5,2
1458,-8,5,2
2546,-14,1,2
868,28,0,2
1171,14,4,2
2492,-19,8,2
2421,-14,8,0
971,19,0,2
2209,-14,8,2
770,7,7,2
1265,37,4,2
1722,-5,5,2
1733,0,5,2
1360,5,4,2
119,33,6,2
1354,25,4,2
2329,-17,8,2
162,51,6,2
2541,-9,1,2
28,61,6,0
1104,0,0,2
2498,-31,8,2
113,55,6,2
2235,-12,8,2
1671,-9,5,2
285,53,6,2
566,38,7,0
1838,11,3,2
1324,9,4,0
1843,-5,3,0
700,37,7,2
241,50,6,2
574,50,7,0
48,46,6,0
2299,5,8,2
1806,-25,5,2
1536,-3,5,2
869,35,0,0
1724,-6,5,2
1974,12,3,0
2694,-26,1,2
1245,27,4,2
650,24,7,2
1074,29,0,0
2591,-27,1,2
1185,23,4,0
2405,-23,8,2
2710,-26,1,2
615,51,7,2
768,25,7,0
356,22,2,2
2590,-23,1,2
1987,-10,3,0
465,42,2,2
1962,-16,3,2
2677,-39,1,2
732,32,7,2
83,52,6,2
1478,6,5,2
846,31,0,0
2186,-11,8,0
1798,9,5,2
140,44,6,2
1170,18,4,2
2730,-48,1,2
2217,-10,8,0
1729,-2,5,2
1717,3,5,0
167,35,6,2
811,21,0,2
123,54,6,2
2723,-54,1,2
2326,-47,8,2
972,20,0,0
1481,22,4,0
1659,-2,5,2
31,27,6,2
1537,-4,5,2
304,44,2,2
1309,31,4,2
2810,-31,1,2
652,27,7,0
1102,18,0,0
2457,-30,8,2
2613,-33,1,2
409,40,2,2
521,50,2,2
2766,-20,1,2
1180,-2,4,2
731,20,7,2
153,57,6,2
437,35,2,2
1804,6,5,2
2107,-31,3,2
2189,-32,8,2
1289,7,4,2
1307,24,4,0
218,44,6,0
1088,11,0,2
2507,-42,8,2
127,54,6,2
1691,-20,5,2
687,17,7,2
2725,-34,1,2
2002,11,3,0
2630,-19,1,0
1562,-3,5,2
1682,5,5,2
905,34,0,2
1359,-7,4,2
2008,-14,3,2
2670,-30,1,2
1869,-26,3,2
477,42,2,2
2368,-37,8,2
2002,-10,3,2
1168,16,4,2
2361,-26,8,2
1434,-12,4,2
1464,8,4,0
972,22,0,2
308,59,2,2
1865,-6,3,2
2535,-16,1,0
667,40,7,0
911,6,0,0
135,54,6,2
2031,-29,3,2
1515,-2,5,2
213,53,6,0
2273,-33,8,2
820,36,0,2
956,19,0,2
2177,-35,8,2
2544,-22,1,2
1605,3,5,2
361,39,2,2
1794,6,5,2
589,38,7,2
1913,-3,3,0
1139,0,4,2
1268,42,4,2
540,45,2,0
151,42,6,2
2109,-33,3,2
314,45,2,0
1219,30,4,0
1839,-7,3,2
1830,-21,3,2
1150,19,4,2
2293,-19,8,0
1516,-12,5,2
2773,-23,1,2
478,39,2,2
2512,-22,8,2
2111,-20,3,2
1950,3,3,0
235,46,6,2
733,35,7,0
42,53,6,2
16,41,6,2
2440,-11,8,0
230,42,6,2
334,66,2,0
2377,-4,8,0
1931,-8,3,2
2040,-12,3,2
544,8,7,2
79,62,6,2
1073,18,0,2
799,20,7,2
2158,-33,8,2
1698,6,5,2
1917,-15,3,0
187,57,6,2
1926,-5,3,2
2554,-27,1,2
2686,-52,1,2
1543,14,5,0
1909,3,3,2
497,19,2,2
1201,11,4,2
355,48,2,0
2526,-11,1,2
1630,12,5,0
769,29,7,2
2321,2,8,2
1580,-11,5,2
1134,16,4,2
527,29,7,2
23,64,6,0
2131,-10,3,2
1192,1,4,2
1391,6,4,2
2101,14,3,0
669,14,7,2
340,56,2,2
2106,-16,3,2
2795,-31,1,0
1885,-18,3,0
578,36,7,2
76,40,6,2
2102,-7,3,2
2547,-29,1,2
1160,-4,4,2
1580,10,5,0
1632,8,5,2
777,32,7,0
1859,9,3,0
428,27,2,2
1125,13,4,2
1485,-1,5,2
2819,-28,1,2
415,32,2,2
2149,-35,8,2
2816,-19,1,2
1751,12,5,2
1035,36,0,0
776,48,7,2
1120,32,0,0
730,34,7,2
809,28,0,2
576,30,7,2
346,39,2,2
121,60,6,2
2223,0,8,0
841,41,0,2
2658,-35,1,2
1595,-2,5,2
706,24,7,2
1775,-15,5,2
1169,27,4,0
1916,-11,3,2
903,45,0,2
1970,0,3,2
67,61,6,2
2529,-30,1,2
940,32,0,0
2130,-14,3,2
2762,-6,1,2
1226,-6,4,2
398,45,2,2
497,45,2,0
1983,9,3,2
2381,-7,8,0
35,55,6,2
2179,-5,3,2
2765,-30,1,0
422,40,2,2
224,31,6,2
2867,-22,1,0
2796,-32,1,2
904,38,0,2
2838,-40,1,2
2161,-1,3,0
136,49,6,2
722,30,7,2
452,52,2,0
1081,17,0,2
2372,-5,8,0
1452,-13,5,2
1123,15,0,2
1949,3,3,2
454,50,2,2
2730,-32,1,2
2078,-31,3,2
2624,-37,1,2
2327,-36,8,2
882,33,0,0
1827,-7,3,2
2511,-21,8,0
252,45,6,2
463,57,2,0
644,22,7,0
1929,-6,3,2
1175,29,4,0
556,45,7,2
2427,-23,8,2
202,50,6,0
2354,-34,8,2
2681,-23,1,2
1859,-13,3,0
2836,-23,1,2
2827,-27,1,0
1782,7,5,2
526,35,2,2
1331,-2,4,2
585,23,7,2
2412,-10,8,2
898,24,0,2
473,37,2,2
2343,-21,8,2
692,13,7,2
991,32,0,0
901,42,0,0
784,30,7,2
2221,-1,8,2
1540,3,5,2
2771,-34,1,0
109,47,6,2
1968,13,3,2
873,22,0,2
2866,-42,1,2
2789,-40,1,2
550,40,7,2
807,32,0,2
1394,16,4,2
1292,-8,4,2
757,14,7,2
2661,-20,1,2
2817,-42,1,2
1906,-3,3,2
2087,7,3,2
872,24,0,2
2573,-31,1,2
1285,16,4,0
619,41,7,2
2702,-14,1,0
403,59,2,2
1035,2,0,2
1772,-16,5,2
2849,-40,1,2
1884,-12,3,2
2842,-35,1,2
2025,10,3,2
1801,-3,5,2
1440,9,4,2
422,59,2,0
2803,-39,1,2
2345,-36,8,2
663,45,7,2
2556,-53,1,2
1673,8,5,2
2350,-33,8,2
1044,24,0,0
897,48,0,0
1477,4,5,2
368,45,2,0
464,32,2,2
136,45,6,0
2714,-35,1,2
2502,-24,8,2
1198,17,4,0
1990,-13,3,2
1670,-6,5,2
718,35,7,2
1008,22,0,2
100,52,6,0
1737,-1,5,2
2146,-9,3,2
852,32,0,0
1546,9,5,0
1849,2,3,2
907,6,0,2
380,48,2,2
1648,-24,5,2
2398,0,8,0
2028,-12,3,2
277,41,6,0
884,26,0,0
532,33,2,2
765,26,7,2
1961,-2,3,2
2563,-28,1,2
2600,-29,1,2
2140,-31,3,2
2328,-7,8,0
1091,19,0,2
699,24,7,0
2824,-47,1,2
1285,9,4,0
659,24,7,2
67,66,6,0
1254,15,4,2
2132,9,3,2
917,19,0,2
1761,-7,5,2
1077,18,0,0
977,47,0,2
633,33,7,2
273,54,6,2
1938,-16,3,2
1009,15,0,2
577,49,7,2
2115,-6,3,0
1752,0,5,2
2261,-17,8,2
2193,-8,8,2
316,48,2,2
263,55,6,2
1053,25,0,2
1175,17,4,2
292,46,6,2
1143,30,4,0
1977,-5,3,2
151,68,6,0
2781,-25,1,2
2174,0,3,0
2737,-28,1,2
2169,-7,3,0
511,28,2,2
750,51,7,0
2231,-13,8,0
174,52,6,2
671,17,7,2
2292,-8,8,2
1868,11,3,2
945,26,0,0
271,62,6,0
110,36,6,2
1494,15,5,2
293,42,2,2
2700,-20,1,0
214,51,6,0
821,20,0,2
91,55,6,2
1852,-6,3,0
1132,22,4,2
265,38,6,2
196,32,6,2
1232,14,4,2
271,47,6,0
1377,9,4,2
2174,-15,8,2
344,36,2,2
761,48,7,2
1275,-8,4,2
2326,-5,8,0
1356,15,4,2
423,41,2,2
2815,-38,1,2
1516,-13,5,2
2384,-25,8,2
1338,10,4,2
2458,-15,8,2
1668,-6,5,2
536,13,7,2
282,63,6,2
1976,-13,3,2
695,46,7,2
411,66,2,2
420,32,2,2
2217,-13,8,2
729,48,7,0
2239,-24,8,2
1048,25,0,2
1196,17,4,2
1465,0,5,2
2689,-32,1,2
591,40,7,0
298,57,6,2
1812,-14,5,0
2009,-10,3,0
2484,-6,8,0
1147,7,4,2
2775,-35,1,2
84,64,6,2
2042,-9,3,2
1165,24,4,0
1018,30,0,0
1897,-4,3,2
341,58,2,2
2358,-22,8,2
607,31,7,2
878,51,0,0
1514,7,5,2
1244,34,4,0
2032,-10,3,2
955,25,0,2
197,57,6,2
2214,-34,8,2
375,43,2,0
1443,15,4,0
2592,-16,1,0
1489,-18,5,2
2304,-38,8,2
416,35,2,2
1121,15,0,2
2096,-4,3,2
1552,7,5,0
825,30,0,2
740,18,7,2
2735,-7,1,2
1183,19,4,0
1589,0,5,2
1663,-2,5,2
210,45,6,2
1282,5,4,2
536,49,2,0
2429,-27,8,2
377,42,2,0
242,55,6,0
1191,6,4,2
96,49,6,2
688,23,7,2
2306,-48,8,2
2808,-21,1,2
2728,-40,1,2
1791,-12,5,0
968,26,0,2
440,72,2,2
529,52,2,0
1467,1,5,2
217,53,6,2
1201,5,4,0
744,24,7,2
2545,-25,1,2
359,30,2,2
211,49,6,0
1995,1,3,2
1972,-12,3,0
2279,-16,8,0
2619,-30,1,2
747,48,7,2
1981,-8,3,2
1539,12,5,0
2542,-26,1,2
1550,15,5,2
1322,22,4,0
1960,-8,3,2
443,36,2,2
794,37,0,2
2530,-28,1,2
147,48,6,2
2826,-32,1,2
201,36,6,2
2784,-25,1,0
288,59,6,2
574,40,7,2
1998,-10,3,2
2251,-20,8,2
962,22,0,2
2105,-20,3,2
1088,16,0,2
999,24,0,2
1002,16,0,0
1711,7,5,0
1737,10,5,0
426,43,2,2
2162,-24,8,2
1172,-3,4,2
1578,0,5,2
1413,8,4,2
1430,7,4,2
1255,36,4,2
2285,-16,8,0
1329,20,4,2
1012,34,0,2
2750,-21,1,0
1990,3,3,0
1669,-8,5,2
2556,-26,1,2
2294,-46,8,2
2047,5,3,2
705,36,7,2
200,45,6,2
77,59,6,0
2481,-21,8,0
1547,-21,5,2
1890,-19,3,2
1155,21,4,2
1940,2,3,2
166,57,6,0
2833,-26,1,0
387,48,2,0
919,23,0,2
2268,-14,8,0
362,51,2,2
1337,36,4,2
969,26,0,2
1665,11,5,2
599,40,7,2
2410,-5,8,0
2428,-37,8,2
978,29,0,2
779,39,7,0
1071,4,0,2
2296,-4,8,0
2494,-18,8,2
1974,-12,3,2
487,45,2,0
1452,11,4,0
2436,-23,8,2
1300,11,4,2
739,34,7,2
709,37,7,2
2462,-12,8,2
219,56,6,2
1119,24,0,2
1720,-8,5,2
1645,8,5,2
976,28,0,0
2204,0,8,2
2478,-28,8,2
1048,3,0,2
191,53,6,2
895,43,0,2
542,56,2,2
1657,-24,5,2
2691,-40,1,2
2125,10,3,0
1610,5,5,0
721,26,7,2
2237,-12,8,0
1498,4,5,2
157,61,6,0
2128,1,3,2
2720,-29,1,0
2439,-36,8,2
399,44,2,2
2127,6,3,0
1301,25,4,2
2141,-27,3,2
2861,-22,1,0
1330,-10,4,2
534,48,2,0
1693,9,5,0
674,11,7,2
1582,5,5,2
1264,15,4,0
1718,5,5,0
2259,-10,8,2
1503,14,5,2
885,36,0,2
1511,3,5,0
1617,0,5,2
2281,-6,8,0
726,45,7,2
2302,-26,8,2
1367,28,4,2
1818,1,5,0
2116,-3,3,2
858,20,0,2
2430,-15,8,2
80,48,6,2
854,14,0,2
2472,-32,8,2
1376,-3,4,2
1023,14,0,2
2642,-26,1,2
2208,-12,8,0
2153,-11,3,2
1174,17,4,2
735,57,7,0
710,15,7,2
1144,20,4,2
720,56,7,0
516,44,2,2
1098,18,0,2
1380,9,4,2
1566,18,5,0
2396,-3,8,2
1933,-30,3,2
1289,23,4,2
1472,4,5,2
336,39,2,2
2644,-23,1,2
445,58,2,0
2331,-16,8,0
404,40,2,2
1624,0,5,2
2785,-18,1,0
1187,13,4,2
2018,8,3,2
565,24,7,2
685,33,7,2
1090,20,0,0
2234,-12,8,2
2379,-23,8,2
2418,-18,8,2
1263,21,4,2
183,42,6,2
533,49,2,2
2139,-17,3,2
1590,-4,5,2
554,42,7,0
343,47,2,0
809,62,0,0
2374,-16,8,2
2223,-11,8,2
1037,37,0,2
619,30,7,0
2306,-3,8,0
690,6,7,2
2780,-22,1,0
1084,25,0,2
2333,-7,8,0
964,32,0,2
2342,-17,8,2
2443,-14,8,2
920,34,0,2
2718,-40,1,2
1904,11,3,2
1912,-4,3,2
155,49,6,2
1916,-6,3,2
1623,4,5,2
1818,-1,5,2
2263,-13,8,2
2609,-34,1,2
2038,-2,3,2
2438,-33,8,2
1039,32,0,0
944,30,0,2
1372,10,4,2
2154,-12,3,0
1769,-6,5,2
1287,-1,4,2
2759,-24,1,2
302,51,2,0
1930,-3,3,2
1145,12,4,2
1700,-17,5,2
930,32,0,2
2538,-41,1,0
2837,-39,1,2
226,49,6,0
2156,-8,3,2
476,40,2,0
2588,-19,1,0
12,63,6,2
169,33,6,2
1107,22,0,0
259,46,6,0
2747,-30,1,0
423,16,2,2
1765,-15,5,2
756,27,7,0
1993,-24,3,2
1947,-12,3,2
1070,15,0,2
2143,-21,3,2
1888,-14,3,2
1817,20,5,2
495,44,2,0
2413,-34,8,2
856,27,0,2
1653,4,5,0
1851,1,3,2
2219,-15,8,2
1533,2,5,2
2782,-22,1,2
2505,-19,8,2
68,63,6,2
1180,12,4,2
1001,19,0,2
393,44,2,0
483,20,2,2
558,25,7,0
1532,25,5,2
2504,-19,8,0
1251,20,4,0
830,32,0,2
1117,19,0,2
372,51,2,2
2036,16,3,0
580,43,7,2
2455,-28,8,2
1117,26,0,2
961,16,0,2
75,50,6,2
491,46,2,0
45,36,6,2
1304,11,4,2
754,25,7,2
1775,5,5,2
802,35,0,2
1530,13,5,2
549,40,7,0
2479,-33,8,2
2408,-28,8,2
1115,43,0,2
1504,0,5,2
2856,-23,1,2
764,27,7,2
25,56,6,2
1576,18,5,2
2485,-13,8,2
1235,30,4,0
2842,-58,1,2
1369,4,4,2
2336,-20,8,2
677,28,7,2
225,43,6,2
413,53,2,2
322,50,2,2
2258,-12,8,2
1825,3,3,0
1165,6,4,2
2501,-29,8,2
2030,-14,3,2
1971,-27,3,0
1544,13,5,2
1601,-5,5,2
1636,4,5,2
1574,6,5,0
2396,-7,8,2
169,63,6,2
1714,9,5,2
420,61,2,0
1790,0,5,2
2145,-12,3,2
154,55,6,2
2650,-24,1,2
2551,-28,1,2
1667,0,5,0
2044,-14,3,2
2275,-11,8,0
467,47,2,2
350,42,2,2
2167,-6,3,2
1207,36,4,2
1689,1,5,0
2232,-5,8,0
828,45,0,2
2682,-46,1,2
2768,-26,1,2
923,42,0,0
325,39,2,0
172,52,6,2
814,24,0,2
1763,-1,5,2
1297,15,4,2
1000,23,0,2
354,51,2,2
391,31,2,2
2310,-15,8,0
2018,-10,3,2
1424,1,4,2
826,40,0,0
501,37,2,2
2008,3,3,2
946,26,0,0
777,7,7,2
1393,9,4,2
993,33,0,2
2474,-34,8,2
1471,5,5,0
446,38,2,2
2655,-21,1,0
863,46,0,2
2250,-17,8,2
2196,-8,8,0
1914,-7,3,2
484,62,2,0
2060,-1,3,2
1769,6,5,2
245,64,6,2
1017,31,0,0
1567,14,5,0
2022,-8,3,2
1025,33,0,2
2180,-32,8,2
309,55,2,0
2594,-9,1,0
2087,-2,3,2
1505,6,5,2
2082,-18,3,2
1399,19,4,2
2819,-19,1,0
1146,28,4,0
658,36,7,2
906,21,0,0
2542,-22,1,0
3,52,6,2
675,49,7,2
2656,-26,1,2
14,75,6,2
2450,-18,8,2
1559,6,5,0
248,65,6,0
2851,-41,1,2
1453,3,4,2
1368,11,4,2
1357,0,4,2
2221,-11,8,2
2745,-25,1,2
979,15,0,2
1222,-5,4,2
1609,-1,5,2
2274,-13,8,2
1760,8,5,0
1813,11,5,0
1764,-14,5,2
1992,-5,3,0
1380,0,4,2
2607,-28,1,2
848,13,0,2
1906,5,3,2
861,38,0,0
2406,-18,8,2
11,48,6,2
46,56,6,0
596,41,7,0
1646,-1,5,2
1386,10,4,0
2723,-32,1,0
1047,33,0,2
63,59,6,0
1532,-4,5,2
2392,-3,8,0
2531,-14,1,2
2158,-19,3,2
926,46,0,0
1980,2,3,2
275,41,6,2
2519,-12,1,2
1706,11,5,2
2458,-47,8,2
2467,-21,8,2
1525,0,5,2
743,40,7,0
1459,4,4,0
2030,10,3,2
296,38,2,0
281,28,2,2
583,50,7,0
1942,0,3,2
1414,2,4,2
2130,-2,3,2
1716,4,5,2
448,44,2,2
2121,-16,3,2
792,19,7,2
716,34,7,2
1583,-19,5,2
624,33,7,2
878,33,0,2
210,63,6,0
1847,-18,3,2
1593,9,5,2
2759,-31,1,0
302,49,2,0
1705,7,5,0
2686,-23,1,2
1209,11,4,2
262,43,6,2
2695,-25,1,2
1438,0,4,2
1821,-2,5,2
1210,5,4,2
669,62,7,2
1301,15,4,2
710,42,7,2
2506,-9,8,2
746,23,7,2
682,15,7,2
938,23,0,2
266,53,6,0
508,31,2,2
1268,7,4,2
355,21,2,2
195,56,6,2
1429,1,4,2
393,37,2,0
434,43,2,2
2103,-26,3,2
1180,6,4,2
2272,-7,8,2
1622,12,5,2
1368,11,4,2
524,40,2,2
130,55,6,0
572,42,7,2
447,43,2,2
139,44,6,2
140,44,6,2
2715,-33,1,2
643,35,7,2
852,3,0,2
2627,-48,1,2
1458,10,4,0
1227,3,4,2
289,35,2,2
1794,2,5,2
1362,17,4,2
1771,7,5,2
500,38,2,2
1698,3,5,2
1423,46,4,2
1828,0,3,0
759,5,7,2
1260,16,4,2
337,44,2,0
2645,-15,1,2
40,56,6,0
2674,-22,1,2
303,40,2,2
762,12,7,2
253,36,6,2
1346,12,4,2
2497,-30,8,2
1342,8,4,2
2852,-39,1,0
2134,-29,3,2
519,48,2,0
233,56,6,2
2798,-33,1,2
889,27,0,2
1450,7,4,2
1872,-6,3,2
2660,-11,1,2
921,6,0,2
1627,14,5,0
1881,1,3,2
2117,0,3,2
2486,-24,8,2
24,58,6,2
2365,-20,8,2
1390,11,4,2
1402,27,4,2
2755,-39,1,0
2499,-38,8,0
2568,-16,1,0
651,20,7,2
2566,-12,1,0
2334,2,8,0
2085,-20,3,2
2349,-23,8,2
93,52,6,2
2611,-5,1,0
928,32,0,0
2669,-33,1,2
499,41,2,2
867,21,0,2
679,42,7,0
312,51,2,2
508,57,2,0
2454,-16,8,2
1266,-11,4,2
2163,-3,3,2
1784,5,5,2
2244,-16,8,0
327,26,2,2
2410,-30,8,2
876,42,0,0
1937,-13,3,2
2787,-30,1,2
870,36,0,0
1339,31,4,0
621,41,7,2
1945,-1,3,0
318,50,2,0
1375,25,4,0
2564,-32,1,2
383,49,2,0
1658,0,5,2
2385,-22,8,2
229,52,6,0
462,48,2,2
2138,-33,3,2
402,34,2,2
680,28,7,2
1296,13,4,2
2444,-19,8,0
239,46,6,0
1408,4,4,2
1237,25,4,2
1436,-14,4,2
932,19,0,2
87,58,6,2
122,52,6,0
1004,25,0,2
1879,-10,3,2
2475,-18,8,2
2679,-28,1,2
636,52,7,0
98,51,6,2
2821,-25,1,2
2868,-18,1,0
2469,-16,8,0
2746,-22,1,2
245,53,6,2
933,5,0,2
793,22,7,0
2366,-10,8,2
754,23,7,0
2371,-27,8,2
329,43,2,2
2441,-22,8,2
724,16,7,2
1642,9,5,2
883,43,0,0
441,47,2,2
1400,22,4,2
1071,24,0,0
2390,-13,8,2
800,36,0,0
198,32,6,2
479,42,2,0
1946,-11,3,2
52,29,6,2
2348,-20,8,2
1923,3,3,0
541,46,2,2
2433,-13,8,0
2132,-3,3,2
279,43,6,2
1292,20,4,2
911,46,0,2
1767,-5,5,2
2498,-48,8,2
1829,-10,3,2
143,51,6,2
2351,-31,8,2
759,30,7,2
1054,35,0,0
618,30,7,2
2650,-52,1,2
1277,17,4,0
1836,2,3,2
747,13,7,2
70,55,6,2
592,35,7,0
513,35,2,2
1242,14,4,2
1112,20,0,2
1599,-10,5,0
2054,-8,3,0
1046,26,0,2
2323,-21,8,2
10,77,6,2
2765,-27,1,0
1477,9,5,0
2608,-40,1,2
2052,-7,3,2
1240,25,4,0
1719,0,5,2
1031,34,0,0
2709,-33,1,2
935,41,0,2
2595,-22,1,2
2097,-15,3,2
1650,-1,5,2
2357,-19,8,2
395,51,2,0
1996,-15,3,2
2151,-33,8,2
973,8,0,0
2560,2,1,2
208,41,6,0
2855,-36,1,2
1208,15,4,2
728,30,7,2
1155,32,4,2
970,34,0,2
2528,-27,1,2
579,27,7,2
1479,0,5,2
2859,-32,1,2
1525,9,5,2
2062,3,3,2
2264,-16,8,2
84,61,6,2
1197,28,4,0
766,22,7,2
673,39,7,2
2216,3,8,2
736,38,7,2
1216,-10,4,2
1741,8,5,0
1825,11,5,2
705,32,7,2
1446,5,4,2
386,53,2,0
631,32,7,0
1555,0,5,2
1186,13,4,2
65,63,6,2
731,27,7,0
2558,-28,1,2
805,44,0,0
237,59,6,0
616,10,7,2
774,36,7,0
1964,-11,3,2
1349,3,4,2
506,51,2,2
1554,-13,5,2
1162,24,4,0
2083,-7,3,0
1876,-3,3,2
987,17,0,2
1639,8,5,0
1146,12,4,2
2206,-6,8,0
38,48,6,0
2717,-29,1,0
396,40,2,2
455,49,2,2
1075,16,0,2
2602,-25,1,2
915,36,0,2
714,29,7,2
2565,-30,1,2
582,37,7,0
2290,-21,8,2
2456,-29,8,2
628,41,7,0
539,50,2,2
1040,15,0,2
1317,12,4,2
2770,-25,1,2
151,49,6,0
90,54,6,2
1397,15,4,2
988,33,0,2
1324,16,4,2
1594,6,5,2
8,60,6,2
164,71,6,2
995,29,0,0
689,48,7,0
2090,-23,3,2
1064,28,0,0
1833,-10,3,2
2310,-12,8,2
1250,21,4,2
1018,9,0,2
1335,20,4,0
1924,-20,3,2
2177,-18,8,2
2437,-33,8,2
1808,-10,5,2
621,62,7,0
1502,13,5,0
1297,-6,4,0
222,43,6,2
1952,-21,3,2
1130,33,4,2
456,14,2,2
1234,24,4,2
1875,-9,3,2
1482,8,5,2
1797,8,5,2
2636,-34,1,2
2092,0,3,2
2074,1,3,2
1711,-4,5,2
2200,-17,8,2
1553,0,5,2
2626,-28,1,2
2104,-12,3,2
701,23,7,2
255,53,6,2
1878,3,3,2
686,22,7,2
2567,-37,1,2
1635,0,5,2
1700,5,5,0
365,34,2,2
1587,11,5,2
594,24,7,2
1625,3,5,2
1569,5,5,2
1099,12,0,2
2587,-10,1,2
552,46,2,2
564,22,7,2
797,28,7,0
1645,-3,5,2
431,44,2,2
2829,-13,1,0
888,20,0,2
2680,-19,1,0
2375,-24,8,2
1611,-14,5,2
342,47,2,2
1050,16,0,2
2025,-9,3,0
823,28,0,2
1541,3,5,2
608,44,7,0
798,22,7,2
312,18,2,2
832,41,0,0
475,44,2,0
1274,28,4,2
1567,-7,5,2
2400,-22,8,2
1925,-27,3,2
29,54,6,0
1715,-3,5,0
2538,-27,1,2
1810,-8,5,2
1612,0,5,2
98,68,6,2
1006,53,0,0
459,18,2,2
1246,-6,4,2
1209,36,4,2
522,36,2,2
2194,-19,8,2
1133,25,4,0
2657,-12,1,2
2480,-19,8,0
146,61,6,2
600,28,7,2
118,47,6,2
234,44,6,2
529,12,7,2
1856,16,3,2
2801,-28,1,2
1857,-9,3,2
924,31,0,0
662,37,7,0
2207,-7,8,2
1485,8,5,2
2802,-43,1,2
1083,26,0,2
1045,22,0,2
1129,25,4,2
933,32,0,2
2142,-18,3,2
2649,-27,1,2
258,60,6,0
666,53,7,2
1475,5,5,2
308,33,2,2
1528,3,5,2
240,44,6,2
232,46,6,0
2122,-20,3,0
287,35,2,2
1904,-10,3,2
1571,8,5,0
1314,13,4,2
1066,28,0,2
698,23,7,2
1182,46,4,2
724,37,7,2
588,39,7,2
670,12,7,2
1395,10,4,0
780,24,7,2
1507,32,5,2
1758,-1,5,2
1923,-8,3,2
622,20,7,0
37,47,6,2
704,35,7,2
2114,-3,3,2
1728,-5,5,2
1688,10,5,0
562,15,7,2
2170,-1,3,0
880,36,0,2
1472,11,5,2
2051,-29,3,2
29,53,6,0
2517,-22,1,2
475,71,2,2
1535,1,5,2
707,24,7,2
1812,11,5,2
1273,12,4,2
1427,27,4,2
788,42,7,2
1434,9,4,2
1106,16,0,0
1678,-2,5,2
630,41,7,0
504,48,2,0
1842,8,3,0
1078,4,0,2
2487,-29,8,2
1792,-15,5,2
1984,-12,3,2
1095,27,0,2
388,51,2,0
2171,-14,3,2
2652,-33,1,2
269,43,6,0
134,40,6,2
1461,-3,5,2
259,26,6,0
236,37,6,2
2229,-16,8,2
61,62,6,0
2507,-24,8,2
1790,13,5,2
751,36,7,0
2256,-20,8,2
1661,4,5,0
1220,37,4,0
2442,-20,8,2
429,52,2,0
769,16,7,2
2367,-14,8,2
963,16,0,2
2317,-44,8,2
1619,-1,5,2
2314,3,8,0
146,54,6,2
1319,10,4,0
2580,-16,1,2
331,63,2,0
2068,15,3,2
2368,-11,8,0
1199,22,4,2
2739,-35,1,2
56,47,6,2
1989,8,3,2
2688,-7,1,0
1139,25,4,2
1804,-12,5,2
1014,22,0,2
2003,-16,3,2
1715,12,5,2
2577,-27,1,2
2172,-18,8,2
659,14,7,2
1815,-5,5,2
158,42,6,2
1412,8,4,2
787,24,7,2
827,41,0,2
2337,-7,8,2
2535,-42,1,0
1150,9,4,2
2182,-22,8,2
36,36,6,2
640,24,7,2
1315,10,4,2
2277,-18,8,2
573,32,7,2
1177,20,4,0
575,35,7,2
1495,11,5,2
1745,3,5,2
1406,5,4,0
735,28,7,0
1568,1,5,2
1021,27,0,2
2192,-23,8,2
2495,-29,8,2
2185,-24,8,2
897,28,0,2
1423,15,4,2
2747,-32,1,0
1166,8,4,2
1640,12,5,2
159,36,6,2
1366,16,4,0
1888,17,3,2
2616,-56,1,2
1202,3,4,2
717,39,7,2
2055,-12,3,0
2864,-42,1,2
1074,0,0,2
2048,4,3,0
1932,-28,3,2
1598,-3,5,2
782,22,7,2
1798,-5,5,2
2321,-15,8,0
319,43,2,2
2282,-31,8,2
885,8,0,2
2754,-25,1,2
2353,-34,8,2
2627,-36,1,2
131,52,6,0
597,46,7,2
2586,-35,1,2
2013,-3,3,0
2854,-19,1,2
2763,-38,1,0
1320,12,4,2
2339,-11,8,2
47,49,6,2
2582,-12,1,2
376,48,2,0
315,43,2,0
471,33,2,2
657,39,7,2
2064,-16,3,2
297,38,2,2
2059,-2,3,2
243,58,6,2
605,31,7,0
2016,4,3,2
251,52,6,2
2076,-40,3,2
2523,-13,1,0
1363,16,4,0
2058,-18,3,2
1347,9,4,0
274,48,6,0
2187,-9,8,0
2422,-27,8,2
2420,-16,8,2
863,37,0,0
1910,-17,3,2
749,36,7,0
305,15,2,2
647,47,7,2
1827,7,3,0
171,38,6,2
1519,10,5,0
538,42,2,2
2233,-18,8,2
815,44,0,0
681,10,7,2
51,39,6,2
1428,13,4,0
1395,-17,4,2
644,45,7,2
492,56,2,0
1303,23,4,0
2080,-7,3,2
1817,-2,5,0
50,64,6,2
2791,-40,1,2
958,0,0,2
2278,-7,8,2
401,39,2,2
1061,37,0,2
929,26,0,2
1157,28,4,2
105,42,6,2
1240,-4,4,2
2473,-29,8,2
1015,10,0,2
111,47,6,2
2734,-55,1,2
1616,19,5,2
480,32,2,0
2067,1,3,2
352,24,2,2
1504,21,5,2
81,48,6,2
2721,-45,1,2
2155,-6,3,2
2735,-26,1,2
246,58,6,2
561,34,7,2
1893,-6,3,2
70,61,6,0
773,36,7,2
267,53,6,2
1685,10,5,2
2585,-18,1,2
1375,7,4,2
1928,-11,3,2
2846,-45,1,2
1054,32,0,2
2618,-31,1,2
2693,-26,1,2
1270,8,4,2
1147,18,4,2
2037,-24,3,2
494,39,2,0
22,87,6,2
204,60,6,2
2621,-34,1,2
1279,17,4,0
229,71,6,0
249,49,6,0
1489,13,5,0
2620,-38,1,2
1183,-8,4,2
158,67,6,2
2177,9,3,0
4,31,6,2
2020,-2,3,2
1680,4,5,0
1225,18,4,2
546,41,7,2
1895,2,3,2
300,43,2,2
1508,9,5,2
1856,3,3,2
781,38,7,2
2304,-23,8,0
283,58,6,2
1824,7,5,2
1275,12,4,0
931,35,0,0
2388,-16,8,0
1697,-22,5,0
2470,-14,8,0
1351,26,4,2
2572,2,1,0
1055,26,0,2
2704,-24,1,2
2276,-10,8,2
2572,-35,1,2
2398,-13,8,2
597,57,7,0
2289,-26,8,2
2033,-5,3,2
2520,-36,1,2
601,31,7,2
1007,24,0,2
1432,14,4,0
1135,10,4,2
411,46,2,0
2345,-13,8,2
2793,-4,1,2
981,28,0,2
1547,13,5,2
2212,-3,8,2
702,13,7,2
1405,16,4,0
2303,-11,8,0
2509,-24,8,2
2073,-3,3,2
2562,-18,1,2
925,21,0,2
610,31,7,2
2667,-25,1,2
366,46,2,0
909,40,0,2
321,46,2,0
860,18,0,2
453,49,2,0
1499,6,5,2
1548,5,5,2
1556,-10,5,2
2389,-12,8,2
2840,-26,1,2
2195,-23,8,2
1773,-4,5,2
1614,-13,5,2
1862,-7,3,2
1513,9,5,0
2862,-34,1,0
1523,-4,5,2
833,39,0,0
323,41,2,2
2205,-9,8,2
915,14,0,0
1094,16,0,2
646,35,7,2
1353,25,4,0
641,41,7,0
786,28,7,2
1007,27,0,2
2201,-6,8,0
8,60,6,2
1313,18,4,0
1666,6,5,0
1467,20,4,2
331,49,2,0
692,30,7,2
2716,-16,1,2
1623,-5,5,2
1648,0,5,0
2213,-10,8,2
1355,15,4,2
875,37,0,0
1470,0,5,2
1446,23,4,0
598,27,7,2
1497,11,5,2
1469,-8,5,2
1666,1,5,0
282,44,6,2
2684,-33,1,2
2417,-21,8,2
762,32,7,2
2584,-18,1,2
2072,-22,3,2
626,43,7,0
2514,-49,8,2
1950,-10,3,2
742,30,7,2
1371,12,4,2
62,52,6,2
1898,-13,3,2
1686,-24,5,2
220,49,6,2
231,52,6,2
1203,9,4,2
1889,-4,3,2
1527,9,5,2
2167,-41,8,2
93,63,6,2
1780,-20,5,2
238,26,6,2
1481,-1,5,0
1985,-13,3,2
2401,-44,8,2
2774,-37,1,2
186,56,6,0
1450,9,4,0
1842,-26,3,2
257,39,6,2
1281,-8,4,2
108,53,6,2
2246,-42,8,2
1935,0,3,0
459,49,2,2
1416,0,4,2
1237,-2,4,2
221,44,6,2
350,58,2,2
609,27,7,2
2263,-2,8,2
616,40,7,2
2376,-13,8,2
2560,-5,1,2
1716,4,5,0
1103,14,0,0
2362,-17,8,2
1464,-4,5,2
528,48,2,0
1272,27,4,2
339,42,2,2
1886,-2,3,0
2625,-33,1,0
543,31,7,2
2026,-9,3,2
363,52,2,2
125,50,6,2
1108,35,0,2
2176,11,3,0
434,70,2,0
1602,4,5,2
1638,7,5,0
2496,-22,8,2
1686,-37,5,2
2845,-15,1,0
2706,-23,1,0
1266,13,4,2
2424,-49,8,2
2707,-15,1,2
1625,7,5,2
820,31,0,0
1608,0,5,2
1928,1,3,0
1243,34,4,2
1126,39,0,0
2462,-43,8,2
647,20,7,2
1573,-12,5,2
881,20,0,2
185,44,6,0
1747,-15,5,2
95,33,6,2
2554,-47,1,2
1121,9,0,2
1231,19,4,0
1440,4,4,0
2639,-17,1,2
2654,-35,1,2
393,53,2,0
1348,4,4,2
2638,-28,1,2
1487,9,5,0
2738,-32,1,0
891,6,0,2
1462,-6,5,2
140,37,6,2
1205,-1,4,2
2514,-18,1,0
1006,30,0,2
252,34,6,2
611,47,7,2
1763,9,5,0
994,27,0,0
2451,-26,8,2
960,17,0,2
1011,23,0,2
88,49,6,2
1444,10,4,0
269,39,6,2
2696,-29,1,2
723,32,7,2
1133,3,4,2
2217,5,8,2
1328,17,4,2
2653,-35,1,2
1676,-5,5,2
348,49,2,2
949,18,0,0
1412,2,4,2
2744,-29,1,2
515,25,2,2
2112,-40,3,2
55,53,6,2
2068,2,3,2
816,12,0,2
1410,26,4,0
2091,-10,3,0
2643,-23,1,2
1259,12,4,2
1675,0,5,2
2713,-39,1,0
1096,19,0,2
133,48,6,2
1674,-3,5,2
2226,-24,8,2
2045,-16,3,2
595,51,7,0
2721,-40,1,2
2589,-37,1,2
2540,-31,1,2
207,43,6,2
417,31,2,2
358,50,2,2
2249,-7,8,0
989,40,0,2
392,38,2,2
2317,-13,8,0
1735,1,5,2
2170,-6,3,2
2382,-25,8,2
2431,-23,8,2
2119,0,3,2
2762,-39,1,2
951,30,0,2
2152,-3,3,0
570,36,7,0
2614,-27,1,2
320,36,2,2
407,41,2,2
2269,-20,8,2
902,39,0,0
715,43,7,2
254,53,6,2
1834,-10,3,2
2741,-19,1,2
642,35,7,0
284,38,6,0
1958,-19,3,2
571,39,7,2
2000,11,3,2
1656,18,5,0
1697,21,5,0
2293,-40,8,2
1994,0,3,0
2476,-29,8,2
1388,13,4,2
544,24,7,2
1838,-1,3,2
1,36,6,2
138,46,6,2
796,28,7,2
2288,-16,8,2
418,48,2,2
2673,-38,1,2
802,14,7,2
7,50,6,2
2634,-37,1,2
2164,-25,8,2
1742,-3,5,2
2242,-31,8,2
2764,-27,1,2
816,20,0,2
806,18,7,2
842,21,0,2
1344,15,4,2
1983,-6,3,2
1520,20,5,2
73,52,6,2
947,17,0,2
268,29,6,2
2084,-9,3,0
1940,-14,3,2
2119,1,3,0
837,31,0,2
999,57,0,2
326,50,2,0
2727,-15,1,2
2629,-21,1,2
1128,20,4,2
1628,-3,5,0
1280,20,4,0
2088,-18,3,2
2460,-46,8,0
2170,0,3,0
299,40,2,2
2225,-24,8,2
1483,-3,5,2
278,40,6,2
2662,-16,1,2
2647,-18,1,2
1190,25,4,2
559,49,7,0
1577,-6,5,2
2811,-32,1,2
1015,23,0,0
2014,-13,3,2
697,56,7,2
481,48,2,2
1680,7,5,2
1657,15,5,2
60,56,6,2
556,73,2,2
958,19,0,2
2433,-44,8,2
1783,5,5,2
2779,-22,1,0
2297,-36,8,2
612,43,7,0
1336,22,4,0
2552,-32,1,2
1746,-6,5,2
661,41,7,2
674,40,7,2
676,47,7,2
496,50,2,2
2685,-9,1,0
466,28,2,2
58,55,6,2
2243,-13,8,0
382,42,2,0
1379,11,4,2
1803,25,5,2
1896,-22,3,0
846,14,0,2
2522,-25,1,0
1402,3,4,2
2347,-26,8,2
83,72,6,0
823,3,0,2
850,24,0,2
1598,14,5,0
773,37,7,2
378,44,2,2
1236,18,4,2
833,41,0,2
1078,21,0,2
2794,-29,1,2
1871,-3,3,2
27,51,6,2
1426,24,4,0
1997,-25,3,2
603,17,7,2
394,31,2,2
2503,-29,8,2
142,54,6,2
1814,-3,5,2
1423,3,4,2
1908,6,3,2
712,44,7,0
1065,16,0,2
615,64,7,2
1149,15,4,0
1233,15,4,2
874,40,0,2
1140,4,4,2
15,59,6,2
2622,-18,1,0
983,12,0,2
6,62,6,2
2605,-44,1,2
834,18,0,2
2069,-7,3,2
1733,7,5,2
2814,-38,1,2
2527,-24,1,2
2631,-22,1,2
2126,2,3,0
280,26,2,2
124,52,6,2
525,28,7,2
811,16,0,0
1448,-3,4,2
836,35,0,2
859,25,0,2
345,28,2,2
252,39,6,2
953,32,0,2
726,9,7,2
2007,1,3,2
72,70,6,0
295,53,6,0
512,22,2,2
1571,-18,5,2
206,55,6,2
1304,20,4,0
2482,-33,8,2
122,62,6,0
1359,24,4,2
2491,-9,8,0
1064,19,0,2
505,59,2,0
568,18,7,2
1308,12,4,2
745,41,7,0
2255,-11,8,2
41,59,6,2
547,10,7,2
561,16,7,2
2150,-9,3,0
1635,9,5,0
1500,8,5,2
942,0,0,2
482,52,2,2
2102,0,3,0
535,46,2,2
2148,-24,3,2
389,32,2,2
1850,1,3,0
983,33,0,0
2697,-23,1,0
1189,21,4,2
666,44,7,2
2355,-15,8,2
660,29,7,0
2725,-49,1,2
1373,8,4,2
2238,-18,8,2
1143,30,4,0
1301,5,4,2
23,56,6,2
2415,-40,8,2
2621,-37,1,2
190,46,6,2
2601,-32,1,2
2063,-9,3,0
18,61,6,2
1777,-14,5,2
1662,-4,5,2
293,40,2,0
2698,-27,1,2
1809,1,5,0
400,24,2,2
1708,15,5,2
1389,2,4,2
1614,10,5,0
637,52,7,2
2075,1,3,0
2099,-15,3,2
2733,-20,1,2
975,35,0,2
2012,-6,3,2
1172,14,4,0
2672,-39,1,2
451,60,2,0
152,56,6,2
2676,-21,1,2
2217,-38,8,2
223,43,6,0
630,45,7,0
334,16,2,2
1561,-1,5,2
456,47,2,2
1694,-2,5,2
1420,16,4,0
1204,8,4,2
425,44,2,2
654,28,7,2
1880,-10,3,2
180,53,6,2
1028,17,0,2
2183,-21,8,2
2834,-25,1,2
1420,-3,4,0
175,38,6,2
1013,29,0,2
504,19,2,2
1918,-23,3,2
684,28,7,2
1896,9,3,2
1342,0,4,2
106,59,6,0
1966,-5,3,2
879,29,0,2
986,36,0,0
681,32,7,0
2824,-1,1,0
212,40,6,2
2414,-12,8,2
1690,-16,5,2
1577,10,5,0
1631,13,5,0
1062,22,0,2
1936,1,3,2
2447,-36,8,2
1958,-30,3,2
2540,-26,1,2
435,42,2,2
2804,-36,1,2
199,46,6,2
2800,-18,1,2
2196,-44,8,2
1758,8,5,2
737,42,7,2
1401,11,4,0
405,46,2,2
2419,-27,8,2
1082,28,0,2
490,54,2,0
574,48,7,2
1454,0,4,2
1214,27,4,2
6,71,6,2
2356,-13,8,2
485,30,2,2
2300,-5,8,2
583,54,7,0
2603,-51,1,2
2124,1,3,2
854,34,0,2
1565,9,5,2
603,43,7,2
2813,-31,1,2
14,62,6,2
372,20,2,2
2245,-32,8,2
1474,11,5,2
1310,14,4,2
2635,-12,1,0
1092,20,0,2
1805,-9,5,2
2807,-23,1,0
1915,-9,3,2
1517,-1,5,2
1023,25,0,0
1820,-14,5,2
86,67,6,2
2392,-28,8,0
558,20,7,2
1384,22,4,2
470,47,2,0
2534,-26,1,2
2786,-25,1,0
1891,-22,3,2
1585,0,5,2
1521,19,5,0
2286,-21,8,0
2659,-33,1,0
1020,19,0,2
2775,-50,1,2
1954,-17,3,2
2839,-35,1,2
635,41,7,0
1043,21,0,2
116,50,6,2
2820,-35,1,0
1527,-20,5,2
2016,-7,3,0
1333,24,4,2
2818,-28,1,0
1176,20,4,2
1616,6,5,0
1085,26,0,2
2301,-17,8,2
1246,12,4,2
332,50,2,0
1581,3,5,2
2004,-12,3,2
713,35,7,2
1921,0,3,2
1100,-13,0,2
261,55,6,2
1325,11,4,2
835,29,0,0
306,60,2,0
1003,38,0,2
1397,-3,4,2
502,53,2,0
1513,0,5,2
1534,6,5,2
249,58,6,0
2646,-27,1,2
2249,0,8,2
1601,14,5,0
2070,-17,3,2
188,39,6,2
801,20,7,2
1237,9,4,2
2476,-36,8,0
2019,-15,3,2
1642,-4,5,2
2596,-30,1,2
1755,8,5,2
2468,-35,8,2
2034,-11,3,2
469,35,2,0
384,39,2,0
1080,14,0,2
2037,3,3,2
1853,-4,3,2
843,27,0,2
2790,-25,1,2
990,38,0,0
276,43,6,2
1042,36,0,0
2466,-10,8,2
914,26,0,2
1760,1,5,2
2636,-30,1,2
1177,3,4,2
377,57,2,2
1776,-6,5,2
2809,-23,1,2
2204,-3,8,2
557,47,7,2
1136,-7,4,2
2287,-17,8,2
433,58,2,0
2236,-20,8,2
1788,-4,5,2
1381,7,4,2
752,34,7,0
2000,-28,3,2
1113,30,0,2
693,19,7,2
1447,0,4,2
2379,-48,8,2
1066,24,0,2
844,26,0,2
2093,-13,3,2
1874,-9,3,2
553,50,2,2
59,50,6,2
74,46,6,2
2363,-35,8,2
1440,3,4,2
1630,0,5,2
613,38,7,2
1627,-3,5,0
1618,5,5,2
765,27,7,2
2489,-27,8,2
351,39,2,2
2452,-32,8,2
2315,-34,8,2
2583,-31,1,2
1052,30,0,2
442,39,2,2
2147,-20,3,2
871,34,0,0
90,62,6,0
2427,1,8,2
2404,-15,8,2
2281,5,8,0
2267,1,8,0
655,18,7,2
2400,-42,8,2
2324,-16,8,2
2663,-26,1,2
1860,-9,3,2
49,51,6,2
2691,-25,1,0
370,47,2,2
2718,-34,1,2
2240,-13,8,0
1034,38,0,0
256,55,6,0
2690,-18,1,2
1065,14,0,2
1713,11,5,0
2753,-42,1,2
2578,-28,1,2
1695,-18,5,2
2160,-8,3,2
2330,-21,8,2
1460,3,4,2
520,34,2,2
665,37,7,2
605,18,7,2
931,11,0,2
2190,-8,8,0
23,58,6,0
2325,-32,8,2
2850,-40,1,2
182,54,6,2
1899,-17,3,2
44,49,6,2
2352,-23,8,2
2373,-10,8,2
1384,-1,4,2
2188,-18,8,2
1873,-2,3,2
517,56,2,0
156,52,6,2
369,41,2,2
176,45,6,0
1551,2,5,2
2532,-40,1,2
1739,10,5,2
2415,-25,8,2
509,29,2,2
624,32,7,2
2184,-19,8,2
1197,23,4,2
1864,5,3,0
1607,3,5,2
2158,1,3,2
1067,32,0,0
2065,-18,3,2
1755,-3,5,2
1723,2,5,2
845,30,0,2
810,48,0,2
1151,14,4,2
103,43,6,2
1033,28,0,0
2257,-20,8,2
1870,1,3,0
514,47,2,2
282,38,6,2
1727,-26,5,2
2603,-25,1,0
79,83,6,0
2076,-6,3,2
1261,17,4,2
2611,-24,1,2
2299,-10,8,2
166,77,6,2
1800,-3,5,2
1334,19,4,2
991,17,0,0
622,25,7,2
587,29,7,2
2832,-29,1,2
364,37,2,2
1560,-2,5,2
1228,10,4,2
2334,-19,8,2
900,23,0,0
468,41,2,2
494,53,2,0
1849,32,3,2
1643,-8,5,2
785,39,7,2
1903,7,3,2
1491,-10,5,2
13,59,6,0
828,6,0,2
2799,-27,1,2
2027,-15,3,2
1346,26,4,2
1572,1,5,2
941,24,0,2
1238,-1,4,2
374,35,2,0
1652,-14,5,2
907,36,0,2
2543,-27,1,2
2783,-40,1,2
1647,6,5,2
2332,-19,8,2
2703,-38,1,2
1253,30,4,0
2490,-29,8,2
86,35,6,2
964,-1,0,2
887,23,0,2
2488,-38,8,2
2014,-35,3,2
2751,-19,1,0
1038,20,0,2
772,24,7,0
311,47,2,2
2284,-34,8,2
1530,-1,5,2
1660,-2,5,2
53,60,6,2
1592,11,5,0
1966,5,3,2
1495,8,5,2
1800,20,5,2
1845,-5,3,2
381,39,2,2
250,47,6,0
2022,11,3,2
1158,16,4,2
985,25,0,0
689,14,7,2
1076,40,0,2
34,65,6,0
2755,-47,1,2
1703,-1,5,2
360,46,2,0
966,20,0,2
1045,22,0,0
2793,-26,1,2
2364,-25,8,2
967,21,0,2
2678,-14,1,0
1109,25,0,2
449,36,2,2
2857,-35,1,0
1277,0,4,2
866,29,0,2
518,42,2,2
184,42,6,2
660,19,7,2
1702,13,5,0
585,39,7,2
148,44,6,2
918,21,0,2
2471,-40,8,2
247,59,6,2
701,14,7,2
2,47,6,2
2309,-15,8,2
741,25,7,2
1299,15,4,2
1468,3,5,2
1606,-6,5,2
900,62,0,1
588,21,7,2
352,51,2,2
749,21,7,2
46,33,6,2
74,33,6,2
168,24,6,2
604,31,7,2
839,22,0,2
967,8,0,2
312,35,2,2
242,51,6,2
611,27,7,0
389,36,2,0
394,47,2,0
131,36,6,0
337,40,2,2
331,33,2,2
609,33,7,0
520,31,2,2
767,25,7,2
264,43,6,0
978,19,0,0
547,32,7,0
868,0,0,2
942,6,0,2
957,8,0,2
845,16,0,2
345,47,2,0
860,9,0,2
862,11,0,2
282,48,6,2
708,20,7,2
109,58,6,0
925,10,0,2
808,25,0,2
456,52,2,0
779,46,7,2
678,25,7,2
713,32,7,2
581,41,7,0
107,53,6,0
642,34,7,2
612,12,7,2
390,17,2,2
395,24,2,2
98,61,6,2
486,32,2,2
600,21,7,2
624,28,7,2
93,48,6,0
262,53,6,0
81,48,6,2
25,48,6,0
541,37,7,2
901,25,0,2
968,13,0,2
769,33,7,0
94,46,6,2
268,30,6,2
232,40,6,2
978,-6,0,2
556,26,7,2
875,19,0,2
155,39,6,2
926,12,0,0
48,56,6,2
634,11,7,2
855,17,0,2
523,31,2,2
287,39,6,2
667,18,7,2
795,28,7,0
377,27,2,2
513,23,2,2
726,12,7,2
124,18,6,2
657,20,7,2
603,35,7,0
34,35,6,2
949,11,0,0
810,20,0,0
165,38,6,2
225,55,6,2
246,32,6,2
53,30,6,2
201,15,6,2
39,55,6,2
9,41,6,2
317,24,2,2
170,52,6,0
362,33,2,2
714,28,7,0
255,62,6,2
380,36,2,0
606,41,7,2
424,35,2,0
283,25,2,2
697,14,7,2
595,29,7,2
601,12,7,2
621,26,7,2
931,42,0,2
491,20,2,2
156,20,6,2
445,25,2,2
288,48,6,0
555,32,7,0
103,38,6,0
83,44,6,0
296,16,2,2
833,10,0,2
295,47,2,0
482,22,2,2
413,39,2,0
239,23,6,2
763,24,7,2
464,47,2,2
266,31,6,2
120,22,6,2
248,24,6,2
403,39,2,2
199,28,6,2
684,17,7,0
869,17,0,2
314,24,2,2
193,53,6,0
750,24,7,2
130,40,6,2
426,24,2,2
605,37,7,0
302,35,2,2
539,4,7,2
666,26,7,2
904,25,0,0
704,29,7,0
367,46,2,2
697,32,7,2
577,32,7,0
721,21,7,2
938,2,0,2
217,52,6,0
440,31,2,2
711,27,7,2
652,20,7,0
277,41,6,0
564,30,7,2
417,25,2,2
153,32,6,2
962,18,0,2
359,45,2,2
849,18,0,2
290,15,2,2
185,44,6,0
122,49,6,0
80,50,6,0
489,32,2,0
955,14,0,0
673,14,7,2
897,28,0,2
530,26,7,0
563,29,7,2
615,17,7,2
910,20,0,2
35,58,6,0
270,28,6,0
426,18,2,2
464,28,2,0
551,25,7,0
42,50,6,0
300,36,2,2
721,13,7,2
409,44,2,2
759,22,7,2
383,24,2,2
550,28,7,2
452,34,2,0
219,41,6,0
509,23,2,2
405,46,2,2
477,26,2,2
704,19,7,0
881,8,0,2
2,41,6,2
644,27,7,2
954,22,0,0
370,41,2,0
590,30,7,2
254,21,6,2
792,32,7,2
696,31,7,2
728,30,7,0
139,41,6,2
206,66,6,2
898,12,0,2
828,12,0,2
105,38,6,2
492,13,2,2
303,49,2,2
455,31,2,0
932,28,0,0
702,17,7,2
159,27,6,2
114,37,6,2
618,21,7,2
1,61,6,0
247,31,6,2
216,46,6,0
100,31,6,2
661,27,7,2
979,16,0,2
837,13,0,2
652,50,7,2
416,45,2,0
314,43,2,2
363,21,2,2
392,27,2,2
614,28,7,0
218,57,6,0
501,33,2,0
631,34,7,2
7,60,6,0
138,52,6,2
51,33,6,2
566,39,7,2
502,37,2,0
204,54,6,0
681,32,7,2
116,41,6,2
864,14,0,2
442,37,2,2
248,37,6,0
135,52,6,2
534,13,7,2
158,47,6,2
528,24,7,2
780,15,7,2
181,37,6,2
824,9,0,2
466,29,2,2
35,27,6,2
880,14,0,2
497,30,2,2
815,15,0,2
447,22,2,2
177,40,6,2
532,34,2,0
344,34,2,2
132,39,6,0
622,31,7,2
623,30,7,0
435,35,2,2
170,22,6,2
166,42,6,0
952,19,0,2
467,36,2,0
41,45,6,2
308,28,2,0
450,33,2,2
821,16,0,2
357,36,2,2
497,21,2,0
28,37,6,2
361,35,2,0
494,26,2,2
233,40,6,2
258,41,6,0
340,29,2,2
639,25,7,0
814,20,0,0
499,16,2,2
96,44,6,2
981,13,0,0
97,41,6,2
516,32,2,0
693,31,7,0
546,40,7,2
484,33,2,2
306,33,2,2
694,34,7,0
325,36,2,2
800,18,7,2
839,15,0,0
625,34,7,2
625,20,7,2
375,26,2,2
798,1,7,2
841,0,0,2
928,26,0,2
209,32,6,2
544,18,7,2
937,11,0,0
664,31,7,2
334,52,2,0
905,17,0,2
488,32,2,2
857,20,0,2
871,14,0,2
627,30,7,0
431,24,2,2
814,4,7,2
351,28,2,2
425,37,2,2
953,22,0,2
902,8,0,2
280,38,6,2
803,20,7,2
570,23,7,2
37,54,6,2
724,25,7,2
751,19,7,2
270,33,6,2
200,53,6,2
913,18,0,2
507,19,2,2
221,41,6,2
918,27,0,2
549,32,7,2
750,18,7,0
211,41,6,2
128,32,6,2
307,38,2,2
358,38,2,0
820,20,0,2
38,47,6,2
651,35,7,2
263,37,6,2
831,22,0,2
43,44,6,2
565,40,7,0
55,52,6,2
762,15,7,2
301,30,2,2
415,29,2,2
518,30,2,0
461,24,2,2
404,40,2,2
591,21,7,0
632,33,7,0
167,56,6,2
937,12,0,2
475,23,2,2
608,46,7,2
310,41,2,2
152,50,6,2
396,15,2,2
104,43,6,2
888,9,0,2
575,18,7,2
66,29,6,2
239,35,6,0
788,8,7,2
972,2,0,2
400,28,2,2
339,44,2,0
556,10,7,2
211,30,6,2
117,34,6,2
323,21,2,2
687,25,7,0
11,41,6,0
828,28,0,0
583,11,7,2
141,31,6,2
637,22,7,2
334,17,2,2
146,45,6,0
723,21,7,2
941,20,0,2
499,44,2,0
183,57,6,2
747,32,7,2
529,15,7,2
742,11,7,2
745,24,7,2
373,37,2,2
674,21,7,2
843,22,0,2
948,15,0,2
422,42,2,2
299,31,2,2
456,19,2,2
812,14,0,0
884,19,0,0
707,21,7,2
188,44,6,0
599,28,7,2
440,19,2,2
230,35,6,0
630,27,7,0
649,33,7,0
472,25,2,0
782,1,7,2
755,26,7,2
222,36,6,2
976,0,0,2
201,50,6,0
410,36,2,2
877,22,0,2
269,38,6,0
791,39,7,2
275,35,6,2
924,26,0,0
363,37,2,2
686,21,7,2
551,21,7,2
136,44,6,2
401,26,2,2
75,48,6,0
250,37,6,0
893,24,0,2
95,42,6,0
236,31,6,2
346,36,2,2
735,30,7,0
393,38,2,2
517,39,2,2
673,24,7,2
579,10,7,2
378,37,2,0
744,24,7,2
736,19,7,2
653,20,7,2
244,33,6,2
481,32,2,2
725,13,7,2
678,5,7,2
764,29,7,2
841,26,0,2
638,39,7,2
298,26,2,2
774,32,7,0
149,16,6,2
438,30,2,2
44,46,6,2
981,22,0,2
955,22,0,0
487,29,2,2
390,43,2,2
197,52,6,0
224,42,6,2
472,28,2,2
223,30,6,2
451,33,2,0
587,14,7,2
453,47,2,2
66,42,6,0
542,18,7,2
276,37,6,2
837,23,0,0
349,34,2,2
851,24,0,2
40,44,6,0
192,29,6,2
146,16,6,2
569,31,7,2
586,26,7,2
48,24,6,2
186,23,6,2
843,16,0,2
761,12,7,2
777,20,7,0
413,15,2,2
712,28,7,2
581,5,7,2
439,33,2,0
495,21,2,2
971,22,0,0
253,41,6,2
68,32,6,0
809,36,0,2
326,45,2,2
385,36,2,2
462,21,2,2
829,0,0,2
29,49,6,2
57,46,6,0
668,10,7,2
852,24,0,0
733,19,7,0
21,46,6,2
173,50,6,0
528,16,7,2
806,14,7,2
54,33,6,2
478,16,2,2
748,28,7,0
406,29,2,2
871,21,0,2
77,40,6,2
228,35,6,0
946,28,0,2
699,19,7,2
916,10,0,2
179,27,6,0
818,10,0,0
320,10,2,2
126,16,6,2
241,44,6,0
89,39,6,2
149,35,6,2
765,24,7,2
633,18,7,2
882,14,0,0
690,32,7,2
87,36,6,2
901,12,0,2
453,21,2,2
47,36,6,2
598,32,7,2
947,-4,0,2
617,35,7,2
779,13,7,2
192,32,6,2
443,30,2,0
919,19,0,2
374,44,2,0
347,15,2,2
512,36,2,0
420,37,2,0
864,27,0,2
489,23,2,2
59,50,6,2
442,43,2,2
731,31,7,0
401,15,2,2
827,24,0,2
781,14,7,2
10,37,6,2
593,6,7,2
58,48,6,2
354,44,2,0
628,16,7,2
111,24,6,2
514,28,2,2
666,7,7,2
278,24,2,2
328,45,2,0
142,53,6,2
469,26,2,0
766,25,7,0
234,42,6,0
347,42,2,2
975,15,0,2
18,45,6,0
883,13,0,2
190,34,6,2
114,22,6,2
308,44,2,2
320,37,2,2
573,19,7,2
342,33,2,2
906,2,0,2
379,43,2,0
914,16,0,2
894,18,0,2
469,7,2,2
63,47,6,2
934,21,0,2
134,38,6,2
213,43,6,0
73,49,6,2
471,35,2,0
878,24,0,2
760,27,7,2
182,56,6,2
203,35,6,2
619,17,7,2
585,37,7,2
633,25,7,0
886,10,0,2
513,20,7,2
859,35,0,2
786,-2,7,2
777,3,7,2
533,54,2,0
725,24,7,0
59,21,6,2
850,33,0,0
798,35,0,0
304,2,2,2
19,57,6,0
715,25,7,2
959,11,0,2
966,17,0,0
776,26,7,0
459,21,2,2
854,14,0,2
164,46,6,2
16,48,6,2
852,10,0,2
534,25,7,2
4,29,6,2
771,0,7,2
702,36,7,2
196,51,6,0
194,29,6,0
318,14,2,2
369,25,2,2
835,9,0,2
974,20,0,0
458,35,2,2
965,13,0,2
860,29,0,0
207,49,6,2
145,43,6,2
118,19,6,2
560,20,7,2
506,29,2,2
553,3,7,2
475,8,2,2
802,19,7,2
292,46,6,2
896,25,0,0
69,27,6,2
787,10,7,2
415,27,2,2
353,25,2,2
888,25,0,2
756,11,7,2
82,39,6,2
774,28,7,2
317,41,2,2
388,38,2,2
559,18,7,2
124,56,6,2
537,35,7,2
796,22,7,2
87,26,6,2
436,12,2,2
120,43,6,2
752,16,7,2
366,44,2,2
407,24,2,2
692,29,7,2
946,17,0,2
647,17,7,2
669,10,7,2
304,30,2,2
767,12,7,2
480,29,2,0
519,41,2,2
355,24,2,2
522,38,2,2
716,16,7,2
718,17,7,2
257,35,6,2
739,21,7,2
236,29,6,2
846,10,0,2
163,27,6,2
17,33,6,2
672,30,7,0
274,40,6,0
640,27,7,2
891,21,0,0
797,32,0,0
558,27,7,2
615,22,7,0
736,8,7,2
444,27,2,0
525,49,2,2
168,48,6,2
524,34,2,2
739,19,7,0
260,58,6,0
313,30,2,0
583,27,7,0
591,28,7,2
419,28,2,2
942,19,0,2
505,38,2,2
330,48,2,2
8,52,6,2
329,35,2,0
874,12,0,0
183,23,6,2
3,48,6,2
316,40,2,0
186,38,6,2
22,23,6,2
558,13,7,2
646,16,7,2
610,30,7,2
898,19,0,2
289,40,2,2
866,24,0,2
606,21,7,2
678,10,7,2
676,25,7,2
758,34,7,2
646,22,7,2
929,14,0,2
612,30,7,0
91,64,6,2
682,22,7,2
774,17,7,2
816,5,7,2
548,23,7,2
206,46,6,0
154,47,6,2
99,58,6,0
811,10,7,2
642,18,7,2
566,16,7,2
20,47,6,2
920,16,0,2
832,0,0,2
52,51,6,0
214,37,6,2
737,13,7,2
815,15,0,2
794,31,7,2
56,32,6,2
61,45,6,2
755,2,7,0
740,2,7,2
641,32,7,0
387,26,2,2
446,12,2,2
891,-1,0,2
880,23,0,2
45,49,6,0
175,45,6,0
283,51,6,0
527,38,2,0
662,12,7,2
478,36,2,0
974,7,0,0
191,33,6,2
586,19,7,2
32,38,6,2
436,31,2,2
26,49,6,0
597,45,7,0
178,25,6,2
108,32,6,2
867,29,0,2
382,17,2,2
889,11,0,2
62,47,6,2
495,36,2,0
333,34,2,2
267,32,6,2
683,6,7,2
857,4,0,2
349,23,2,2
656,21,7,2
899,11,0,2
720,26,7,2
695,46,7,0
272,30,6,2
85,45,6,2
161,45,6,2
226,27,6,2
536,34,7,0
198,34,6,2
242,26,6,2
742,29,7,2
718,30,7,0
399,41,2,2
645,30,7,0
256,46,6,2
783,7,7,2
525,14,7,0
434,27,2,2
261,40,6,2
596,26,7,2
553,25,7,2
459,30,2,2
343,29,2,2
84,33,6,2
395,40,2,2
5,59,6,2
964,27,0,2
771,32,7,0
661,13,7,2
923,22,0,2
945,47,0,2
50,55,6,2
970,31,0,0
538,33,7,2
428,23,2,2
468,36,2,2
129,51,6,2
338,41,2,2
520,16,7,2
79,48,6,0
924,9,0,2
231,51,6,0
259,38,6,0
156,46,6,2
568,33,7,2
78,47,6,2
861,-1,0,2
962,8,0,2
143,57,6,0
245,38,6,2
732,33,7,2
853,-5,0,2
133,36,6,2
140,50,6,2
760,4,7,2
411,28,2,2
484,19,2,2
592,6,7,2
825,5,0,2
42,40,6,0
385,23,2,2
823,27,0,2
408,27,2,0
578,29,7,2
446,37,2,2
907,11,0,0
430,36,2,2
461,22,2,2
397,12,2,2
281,28,2,2
671,36,7,0
311,41,2,2
427,23,2,2
789,17,7,2
805,1,7,2
701,27,7,2
754,27,7,2
801,21,7,2
293,28,2,2
365,35,2,2
617,10,7,2
844,16,0,2
909,20,0,0
914,23,0,2
433,35,2,0
100,33,6,2
382,35,2,2
250,7,6,2
123,42,6,2
951,22,0,0
937,21,0,2
542,31,7,2
189,51,6,2
878,10,0,2
69,49,6,2
360,40,2,2
746,23,7,2
110,39,6,2
421,32,2,0
885,11,0,2
12,48,6,0
627,20,7,0
665,26,7,2
716,31,7,0
674,14,7,2
676,4,7,2
355,23,2,2
940,27,0,2
72,39,6,2
117,16,6,2
296,52,6,2
792,0,7,2
691,28,7,2
650,26,7,0
285,43,6,2
90,47,6,0
957,25,0,2
511,35,2,0
162,45,6,0
507,48,2,0
920,35,0,0
476,16,2,2
24,47,6,2
894,7,0,2
772,17,7,2
252,41,6,2
144,37,6,2
698,13,7,2
538,22,7,2
178,47,6,2
286,35,2,2
238,42,6,2
113,42,6,0
111,53,6,0
137,47,6,2
579,32,7,0
210,49,6,2
64,59,6,0
174,32,6,2
769,18,7,0
599,13,7,0
710,27,7,2
504,34,2,0
804,4,7,2
215,41,6,2
371,41,2,0
290,42,6,2
729,30,7,0
323,48,2,0
159,49,6,2
272,17,2,2
958,2,0,2
490,20,2,2
15,58,6,0
831,7,0,2
128,31,6,2
847,0,0,2
336,39,2,2
432,39,2,2
873,21,0,2
562,22,7,2
418,25,2,2
148,51,6,0
332,36,2,2
235,49,6,0
936,24,0,2
31,47,6,2
817,14,0,2
341,41,2,0
126,33,6,2
572,4,7,2
922,28,0,2
503,32,2,2
868,35,0,2
327,27,2,2
911,8,0,2
27,48,6,2
65,43,6,2
172,39,6,2
706,29,7,0
429,42,2,0
572,31,7,2
709,27,7,0
810,2,7,2
964,19,0,2
112,38,6,0
570,22,7,2
14,51,6,2
422,17,2,2
655,25,7,2
372,28,2,2
934,14,0,2
220,47,6,2
33,47,6,2
732,11,7,2
785,15,7,2
785,24,7,2
823,16,0,2
660,25,7,0
71,44,6,2
544,29,7,2
730,23,7,2
635,15,7,2
688,18,7,2
687,18,7,2
265,38,6,0
641,27,7,2
229,32,6,2
481,21,2,2
835,20,0,2
13,47,6,2
683,24,7,0
195,44,6,0
278,41,6,2
933,28,0,2
448,13,2,2
575,40,7,2
916,23,0,0
679,17,7,2
6,50,6,0
30,35,6,2
821,24,0,2
76,64,6,2
659,25,7,2
452,38,2,2
86,36,6,2
380,15,2,2
943,15,0,2
474,27,2,2
102,67,6,2
509,19,7,2
802,35,0,2
971,17,0,2
22,40,6,0
211,23,6,2
151,36,6,2
874,29,0,0
905,20,0,2
92,40,6,2
208,34,6,2
928,-4,0,2
376,41,2,0
367,18,2,2
176,47,6,2
910,-6,0,2
294,51,6,0
227,38,6,2
960,12,0,2
106,40,6,2
412,40,2,2
656,24,7,2
322,30,2,2
102,30,6,1
