1661,3,1,2
1696,3,1,2
397,0,1,2
556,14,1,2
1155,-11,1,2
894,-1,1,2
-409,3,0,2
335,14,1,0
1446,-3,1,0
-422,12,0,0
872,7,1,0
-603,-8,0,0
-783,-17,0,2
273,-3,0,2
-789,0,0,0
659,-3,1,2
-154,-13,0,2
-6,-5,0,2
922,2,1,2
939,5,1,0
108,7,0,0
996,9,1,2
1654,-3,1,2
-854,5,0,2
-940,19,0,2
409,16,1,0
-294,-18,0,2
-110,20,0,0
1275,9,1,2
105,10,0,2
62,-11,0,2
775,-16,1,2
1331,6,1,2
1569,-8,1,2
1042,-22,1,2
634,8,1,2
164,-16,0,2
1529,-22,1,2
1701,-9,1,0
772,9,1,2
1490,-6,1,2
1731,13,1,2
-228,-10,0,2
1775,9,1,2
928,-14,1,2
1152,17,1,0
-575,13,0,2
-713,5,0,2
-1028,2,0,2
819,-8,1,2
1089,-13,1,2
497,-23,1,2
1506,13,1,0
692,15,1,0
-930,14,0,2
586,4,1,0
408,6,1,2
1546,-3,1,2
-544,5,0,2
12,1,0,2
1568,-4,1,2
948,-7,1,2
-523,9,0,2
-858,5,0,0
-975,-3,0,2
-463,-1,0,2
-65,-9,0,2
-272,14,0,0
79,12,0,0
214,-12,0,2
-1030,-20,0,2
1034,-7,1,2
-378,-1,0,0
358,-14,1,2
-756,33,0,2
381,-11,1,2
1086,1,1,2
370,21,1,2
1032,-23,1,2
-737,-6,0,2
1436,-21,1,2
845,11,1,2
1501,7,1,2
-413,22,0,2
1183,6,1,0
1199,12,1,2
797,10,1,0
239,-2,0,2
1528,-7,1,2
1377,7,1,0
687,17,1,2
906,-1,1,2
368,-14,1,2
-844,-10,0,2
491,-4,1,0
-868,-5,0,2
72,15,0,0
246,0,0,0
-250,7,0,2
683,-5,1,2
-761,35,0,0
183,12,0,0
-530,11,0,2
15,-17,0,2
-1004,-8,0,2
1065,4,1,0
1015,-16,1,2
131,-7,0,2
38,-6,0,2
-757,3,0,2
1413,-13,1,2
1593,0,1,0
1144,19,1,0
1312,-6,1,2
-1013,-1,0,2
1784,16,1,2
1002,19,1,2
168,10,0,0
674,19,1,2
-1016,-14,0,2
204,-16,0,2
-827,7,0,2
1658,-9,1,2
793,-5,1,0
994,-20,1,2
912,7,1,0
-910,-20,0,2
-877,-6,0,0
-700,-2,0,2
1272,0,1,2
1617,-4,1,2
1417,-12,1,2
-799,6,0,2
701,1,1,2
-559,6,0,2
-736,-1,0,0
1552,10,1,2
-369,-12,0,2
1180,-22,1,2
1689,9,1,0
1601,21,1,2
546,-11,1,2
1061,-21,1,2
152,6,0,0
-978,29,0,2
-21,-9,0,2
-183,-19,0,2
-947,-6,0,2
-95,25,0,2
-196,4,0,2
-18,6,0,2
182,-3,0,2
-372,-5,0,2
958,-17,1,2
697,14,1,0
10,11,0,2
388,-14,1,2
1478,25,1,2
75,-2,0,2
510,6,1,2
1323,22,1,2
696,-12,1,2
1664,5,1,2
1730,-10,1,2
222,6,0,0
297,-3,0,2
563,0,1,2
-1017,7,0,2
732,-25,1,2
1534,20,1,2
-753,-9,0,2
-185,-9,0,2
1786,12,1,0
1406,-7,1,2
-524,-9,0,0
699,-14,1,2
1047,-16,1,2
1471,-4,1,2
-50,-26,0,2
1297,1,1,2
-93,4,0,0
-883,4,0,2
1585,-6,1,2
904,1,1,0
932,0,1,0
1010,-3,1,2
-586,2,0,2
-650,16,0,2
1822,-4,1,2
-932,10,0,0
-466,-3,0,2
-420,-13,0,2
1514,2,1,2
-800,9,0,2
-692,-1,0,2
170,-14,0,2
1816,-2,1,2
1550,6,1,0
-617,6,0,0
1118,-13,1,2
1347,-11,1,2
-257,-18,0,2
739,14,1,0
704,3,1,2
1469,-2,1,2
-609,-18,0,2
-709,6,0,0
1265,2,1,2
341,18,1,0
1594,-27,1,2
-398,5,0,2
316,0,1,0
-479,-3,0,2
1711,20,1,2
-746,15,0,0
1586,4,1,0
1048,10,1,2
-74,2,0,2
-933,10,0,2
706,-12,1,2
176,-7,0,2
8,24,0,2
1503,43,1,2
-156,10,0,2
-607,12,0,2
641,-19,1,2
630,12,1,2
-309,30,0,2
1051,27,1,2
-153,25,0,2
1522,3,1,2
-695,2,0,2
-418,-12,0,2
-919,-5,0,2
1652,-5,1,0
799,19,1,2
-258,0,0,2
-111,4,0,0
-874,7,0,0
-870,-14,0,2
1205,1,1,0
143,-2,0,2
836,-10,1,2
-820,-22,0,2
-120,0,0,2
258,13,0,2
573,20,1,0
-51,-7,0,2
304,8,0,0
-487,5,0,2
-898,2,0,0
1339,3,1,2
-243,16,0,2
835,-18,1,2
738,13,1,2
1001,2,1,0
-842,-17,0,2
-234,-8,0,2
9,7,0,2
267,11,0,2
-516,-2,0,2
1800,12,1,2
662,-27,1,2
-561,27,0,2
1313,-11,1,2
724,6,1,0
427,-24,1,2
360,24,1,0
-25,-3,0,2
461,-4,1,0
1618,21,1,0
70,-24,0,2
1024,24,1,2
325,-12,1,2
1624,-7,1,2
1463,4,1,2
-252,15,0,0
52,-3,0,2
111,-12,0,2
864,-1,1,0
1213,-23,1,2
1797,12,1,0
-182,-2,0,2
-216,21,0,2
282,-16,0,2
1401,19,1,0
445,8,1,0
-157,12,0,2
1293,-12,1,2
115,9,0,2
208,0,0,2
-723,-6,0,2
443,-4,1,2
540,-15,1,2
679,-10,1,2
-918,19,0,2
1558,4,1,2
-445,5,0,2
854,-13,1,2
-280,9,0,2
-558,19,0,0
-480,-20,0,2
416,-5,1,0
593,24,1,0
1003,-14,1,2
-225,4,0,2
116,-10,0,2
1695,4,1,2
112,-3,0,0
1218,6,1,0
1565,-11,1,2
-589,4,0,0
1713,-22,1,2
279,-2,0,0
200,-22,0,2
83,-13,0,2
-620,36,0,2
1352,-16,1,2
1398,-9,1,2
-415,18,0,2
-209,1,0,2
1486,7,1,2
-15,-1,0,2
209,-8,0,2
-208,27,0,2
1665,24,1,2
356,-21,1,2
11,7,0,0
1081,18,1,2
-719,32,0,2
293,3,0,2
474,-11,1,2
-126,8,0,2
1806,15,1,2
636,14,1,2
817,-18,1,2
1773,-7,1,2
1628,15,1,2
-990,-21,0,2
748,6,1,2
1777,-11,1,2
963,9,1,0
-818,8,0,0
1705,-10,1,2
944,-15,1,2
626,4,1,2
1261,35,1,2
-500,-7,0,2
-1037,11,0,2
-457,-11,0,2
-839,-4,0,0
90,-11,0,2
-915,-4,0,0
1119,4,1,2
1294,19,1,0
1781,0,1,0
-392,25,0,2
1788,1,1,0
-906,2,0,2
-853,-11,0,2
1207,-6,1,2
807,22,1,0
-105,5,0,2
-199,6,0,0
1376,-11,1,2
1763,-9,1,2
-67,17,0,2
1264,-22,1,2
366,18,1,0
1466,0,1,2
-20,-18,0,2
1741,-28,1,2
-48,0,0,0
719,6,1,2
-408,5,0,2
1223,-25,1,2
788,-4,1,2
1248,-14,1,2
1682,4,1,2
-229,3,0,2
-207,15,0,2
394,9,1,2
1194,-12,1,2
-943,7,0,2
-850,-2,0,2
1346,-18,1,2
-657,-8,0,2
-383,11,0,0
702,-25,1,2
541,-18,1,2
440,-3,1,0
992,-7,1,2
853,7,1,2
1801,5,1,0
146,-5,0,2
-869,5,0,2
1794,5,1,2
-635,-18,0,2
1722,-8,1,0
-680,15,0,0
1388,-17,1,2
-946,-9,0,2
916,10,1,0
503,2,1,2
-327,-8,0,2
1433,9,1,0
-927,-9,0,2
1063,3,1,2
-775,-9,0,0
1269,-3,1,2
1399,-2,1,2
627,-13,1,2
-832,-5,0,2
18,14,0,0
-1008,-6,0,2
1765,0,1,0
63,12,0,2
1402,-13,1,2
646,-3,1,2
607,-3,1,2
1576,-20,1,2
-190,-23,0,2
1759,-6,1,0
20,-8,0,2
511,-6,1,2
-668,-6,0,2
709,-2,1,2
270,-7,0,2
463,23,1,0
910,8,1,2
-953,35,0,2
243,-20,0,2
263,4,0,2
964,-12,1,0
-862,-10,0,2
317,-2,1,0
896,11,1,2
-855,-4,0,2
1685,-14,1,2
1164,2,1,2
1267,-9,1,2
1447,3,1,2
68,-13,0,2
-858,5,0,0
1364,-11,1,2
976,-19,1,2
931,5,1,2
1551,12,1,2
-554,-16,0,2
736,-17,1,2
292,-18,0,2
167,10,0,0
655,20,1,0
173,1,0,0
557,5,1,0
1635,1,1,0
-108,-7,0,2
1224,2,1,2
1523,-8,1,2
-866,-6,0,2
-858,5,0,2
921,15,1,2
-676,-2,0,2
106,11,0,2
-264,-18,0,2
-730,4,0,2
1244,13,1,2
1163,0,1,2
94,12,0,0
-831,-14,0,0
236,20,0,0
-611,-15,0,2
897,-3,1,2
1009,-2,1,2
1477,22,1,2
862,7,1,2
363,-14,1,2
873,-18,1,2
-394,-10,0,2
178,-15,0,2
-909,-3,0,2
-256,0,0,2
1621,-15,1,2
109,2,0,2
821,22,1,2
45,-18,0,2
1356,21,1,2
908,21,1,2
-351,6,0,2
1750,6,1,0
1206,0,1,2
1291,7,1,2
1088,2,1,2
3,-7,0,2
-134,-10,0,2
1181,1,1,2
760,-17,1,2
1360,-15,1,2
1590,-13,1,2
1006,26,1,2
1097,-14,1,2
-886,22,0,2
1474,12,1,2
-99,17,0,2
-98,-12,0,2
1336,-13,1,2
684,-9,1,2
-903,4,0,2
1527,8,1,2
1758,0,1,2
-596,10,0,2
694,10,1,2
1288,-4,1,2
1151,-1,1,0
39,-8,0,2
462,16,1,2
784,-18,1,2
390,-22,1,2
264,-18,0,2
-948,0,0,0
1811,10,1,0
147,24,0,0
678,-10,1,2
-17,0,0,0
-137,10,0,0
1710,-10,1,2
450,3,1,0
1813,43,1,2
56,2,0,2
247,5,0,2
-935,7,0,2
-945,-11,0,2
165,-1,0,2
-1027,5,0,0
537,31,1,0
309,3,1,2
66,14,0,2
-1021,-8,0,2
1385,-5,1,2
49,-4,0,2
339,5,1,2
-662,-8,0,2
585,-8,1,2
-360,-10,0,2
233,-7,0,2
1702,-4,1,2
1502,27,1,2
549,-3,1,2
740,-17,1,2
-37,-10,0,2
661,10,1,2
814,-2,1,2
275,31,0,2
516,-3,1,2
1073,-5,1,0
-641,29,0,2
1532,-2,1,2
1090,-13,1,2
-537,-6,0,2
-496,-8,0,2
-887,-5,0,2
371,13,1,0
766,10,1,0
1693,-13,1,2
1134,18,1,0
831,-15,1,2
21,14,0,2
1418,5,1,2
-921,-10,0,2
1725,8,1,2
1236,-13,1,2
1783,12,1,2
638,-27,1,2
475,0,1,0
-437,-3,0,2
1220,-9,1,0
-339,-23,0,2
909,-3,1,2
886,18,1,2
1720,-10,1,2
139,22,0,0
1619,17,1,0
201,19,0,2
-90,-10,0,2
1169,-7,1,2
174,-20,0,2
1177,-3,1,2
-454,-18,0,2
731,15,1,0
-993,26,0,2
-633,3,0,2
-983,15,0,2
1340,22,1,0
-290,1,0,0
-842,-14,0,2
785,-10,1,2
1818,-19,1,2
385,7,1,0
210,-10,0,2
-639,11,0,2
604,-6,1,2
411,-21,1,2
1499,20,1,2
-179,3,0,2
123,-3,0,2
1445,8,1,2
1374,11,1,0
-76,-8,0,2
1162,-2,1,2
-276,-24,0,2
217,28,0,2
675,-13,1,2
686,-10,1,2
313,-11,1,2
-928,-15,0,2
306,6,0,2
1282,-6,1,2
-885,9,0,2
1494,16,1,2
-1019,10,0,0
57,-19,0,2
1451,1,1,2
-934,21,0,2
1188,-4,1,2
624,6,1,2
-762,-1,0,2
-481,-2,0,0
790,6,1,2
277,-5,0,0
796,6,1,0
-347,7,0,2
-806,10,0,2
-473,11,0,0
-999,-7,0,0
1251,24,1,2
759,-25,1,2
489,-16,1,2
-178,2,0,0
677,9,1,2
926,18,1,0
1647,-7,1,2
197,20,0,2
-397,-16,0,2
26,9,0,0
1544,-5,1,2
137,11,0,0
1358,-6,1,2
1663,24,1,2
-432,21,0,2
-279,-7,0,0
-690,-22,0,2
1543,-2,1,2
940,-3,1,0
-582,0,0,2
915,-13,1,2
1630,-9,1,2
-315,23,0,2
-964,-2,0,2
431,3,1,2
-201,4,0,0
1139,5,1,0
750,2,1,2
-907,-10,0,2
122,3,0,2
1684,-21,1,2
1170,13,1,0
682,-4,1,2
670,3,1,0
-880,-16,0,2
-236,-12,0,2
-924,9,0,2
1677,-25,1,2
1280,-28,1,2
-75,-5,0,0
433,14,1,0
612,-10,1,2
-1015,-26,0,2
490,-6,1,2
-743,-5,0,2
261,21,0,2
1763,-6,1,2
-395,-1,0,0
54,-3,0,0
1410,-15,1,2
1566,-16,1,2
-638,-3,0,2
-526,26,0,2
1719,9,1,2
133,0,0,2
-316,-14,0,2
-894,14,0,2
-610,-12,0,2
756,6,1,2
1060,-22,1,2
1142,-19,1,2
242,-11,0,2
259,2,0,0
-829,-5,0,0
41,-8,0,2
1461,-23,1,2
-920,0,0,2
644,-8,1,2
-359,-19,0,2
1678,-7,1,2
954,17,1,0
1583,8,1,0
515,1,1,2
635,6,1,2
-142,19,0,2
312,-23,1,2
961,-9,1,2
1623,-2,1,2
822,-4,1,2
-570,9,0,2
1322,-5,1,2
955,-6,1,2
120,-4,0,2
1314,-18,1,2
387,-22,1,2
416,-2,1,0
-75,-4,0,2
-740,9,0,2
818,0,1,2
1488,11,1,0
-380,14,0,0
-135,2,0,0
-912,5,0,2
984,-22,1,2
468,-7,1,2
-834,39,0,0
1226,-19,1,2
-227,15,0,2
-91,-9,0,2
1131,-19,1,2
1497,5,1,2
558,0,1,2
-686,-3,0,2
746,7,1,2
-458,21,0,2
866,3,1,0
92,-22,0,2
220,23,0,2
-507,7,0,0
-896,-11,0,2
1062,-25,1,2
-733,3,0,0
171,26,0,0
792,-6,1,2
783,-9,1,2
102,6,0,2
1246,1,1,0
469,-20,1,2
1726,18,1,2
-569,-11,0,2
1465,0,1,2
1064,-11,1,2
902,15,1,0
-812,-3,0,2
-314,7,0,0
-1005,0,0,2
-1031,-7,0,2
1393,18,1,0
-817,-4,0,2
-714,21,0,0
1330,15,1,0
884,-5,1,2
993,-7,1,2
-502,-19,0,2
-968,11,0,2
25,-5,0,2
-248,-12,0,2
1112,-4,1,2
650,-2,1,2
870,-5,1,0
-860,15,0,2
879,-10,1,2
1507,-2,1,2
1640,-5,1,2
495,7,1,0
861,14,1,2
-549,2,0,2
153,-8,0,2
-692,4,0,0
1479,7,1,2
582,5,1,0
-278,2,0,2
1273,25,1,2
533,-21,1,2
87,13,0,2
-520,-15,0,2
-1025,12,0,0
1084,2,1,2
145,-21,0,2
344,-10,1,2
1053,26,1,0
-377,-20,0,2
-707,21,0,2
1059,-12,1,2
1748,5,1,0
838,3,1,0
-469,4,0,2
-971,-15,0,2
1055,22,1,2
1500,-7,1,2
113,-25,0,2
532,5,1,0
584,10,1,2
-270,2,0,0
811,24,1,0
-619,-19,0,2
77,-9,0,2
438,-15,1,2
1772,5,1,2
-632,-15,0,2
1102,-25,1,2
1769,15,1,2
703,7,1,2
-12,19,0,0
-271,26,0,2
72,11,0,0
-317,8,0,2
-238,-5,0,2
-471,-8,0,2
-701,-7,0,2
-926,0,0,2
1175,19,1,0
-206,22,0,2
1611,-3,1,2
548,0,1,2
-341,-13,0,2
728,-3,1,2
121,21,0,0
869,-12,1,2
-144,33,0,2
923,27,1,2
-980,16,0,2
1482,-12,1,2
-107,5,0,0
1083,-10,1,2
1714,28,1,2
179,-25,0,2
-649,0,0,2
-550,11,0,0
935,24,1,2
1334,23,1,0
-1012,4,0,2
1132,4,1,2
1718,0,1,0
-625,0,0,2
-823,-12,0,2
1820,21,1,0
1749,-7,1,2
-143,10,0,2
1791,-11,1,2
1114,12,1,0
-911,-3,0,2
-325,-3,0,2
-595,19,0,0
33,-4,0,2
1325,14,1,0
405,-24,1,2
76,4,0,2
901,12,1,2
-593,-2,0,2
1683,-4,1,2
1031,-20,1,2
1577,-16,1,2
1280,-23,1,2
-165,3,0,0
780,-9,1,2
1464,5,1,0
-795,-10,0,2
-584,31,0,0
-402,11,0,0
882,11,1,2
127,8,0,0
-491,-7,0,2
1380,0,1,2
-845,1,0,0
1307,-20,1,2
1634,10,1,2
812,-6,1,0
1789,-3,1,2
1780,2,1,0
734,0,1,2
-521,16,0,2
284,-17,0,2
-461,-1,0,2
1365,15,1,2
-149,-4,0,2
-574,6,0,2
1296,-3,1,2
-354,-10,0,2
-56,11,0,0
-146,10,0,0
-263,1,0,2
1173,11,1,2
493,-12,1,2
1724,-6,1,0
-938,-9,0,2
920,27,1,2
-174,7,0,2
1819,-15,1,2
1742,-11,1,2
-497,-1,0,2
-240,6,0,2
346,1,1,2
245,-20,0,2
-289,-8,0,2
1614,13,1,2
1770,-13,1,2
859,0,1,2
1039,19,1,2
-175,-4,0,2
1526,-14,1,2
237,3,0,0
-428,7,0,2
1655,27,1,0
-644,38,0,2
-11,-21,0,2
725,-18,1,2
1802,-13,1,2
837,2,1,2
1795,0,1,2
977,27,1,2
754,-5,1,2
392,0,1,2
-626,17,0,0
1756,-15,1,2
1299,-6,1,2
-384,7,0,2
1510,-26,1,2
625,11,1,2
1303,-15,1,2
-3,5,0,0
-151,9,0,0
430,4,1,2
-679,3,0,0
-583,-7,0,2
-911,-6,0,0
1667,-7,1,2
1455,-2,1,2
150,0,0,0
943,-17,1,2
623,-17,1,2
-329,12,0,2
-39,1,0,2
-947,0,0,0
690,2,1,2
1099,5,1,2
-195,5,0,0
498,5,1,0
802,11,1,2
-139,-24,0,2
-667,11,0,2
602,-1,1,2
1350,12,1,0
981,-4,1,2
-770,-4,0,0
-163,3,0,0
-515,-11,0,2
-282,-6,0,2
914,0,1,2
1516,-2,1,2
1553,-9,1,2
1093,-22,1,2
1281,2,1,0
43,10,0,2
-348,8,0,0
1778,-7,1,2
238,-5,0,0
-388,-11,0,2
-981,28,0,0
206,0,0,2
1084,12,1,2
-130,-12,0,2
714,-8,1,2
29,0,0,0
-70,43,0,2
-414,-3,0,2
-774,11,0,2
891,-15,1,2
-38,-14,0,2
-470,21,0,2
1068,6,1,0
705,18,1,2
1214,0,1,2
1146,8,1,2
-731,5,0,2
-784,17,0,2
5,7,0,2
127,2,0,2
-755,8,0,2
95,11,0,0
930,-1,1,2
-897,21,0,0
1734,7,1,2
1126,13,1,0
1690,5,1,2
1122,5,1,0
-536,-17,0,2
-297,18,0,0
1184,0,1,0
-873,-8,0,2
-375,-13,0,2
1245,18,1,2
820,26,1,2
-102,0,0,0
-777,20,0,0
-937,-9,0,2
446,12,1,2
-754,-4,0,2
1653,16,1,0
-833,4,0,0
-226,-4,0,2
-956,9,0,2
805,-5,1,0
84,9,0,2
-782,-14,0,2
-851,-20,0,2
184,4,0,2
-776,7,0,0
330,0,1,2
1127,-4,1,2
-703,-14,0,2
-286,20,0,2
228,-8,0,2
1279,10,1,0
308,9,0,2
-624,11,0,2
1768,-7,1,2
469,-22,1,2
1337,-11,1,2
290,-5,0,2
1411,30,1,2
621,-17,1,2
-510,17,0,2
-766,7,0,2
929,-6,1,2
-352,4,0,2
-637,42,0,2
-627,-14,0,2
1170,4,1,2
-318,21,0,0
1192,-14,1,2
0,-5,0,2
148,18,0,2
418,-14,1,2
1642,-14,1,2
-456,1,0,0
-749,21,0,2
765,12,1,0
962,2,1,0
1437,16,1,0
100,-1,0,2
1728,-6,1,2
-964,0,0,2
995,2,1,2
117,10,0,0
-29,8,0,0
850,3,1,2
-706,28,0,2
1311,12,1,2
-440,-4,0,2
-170,18,0,0
467,0,1,2
196,6,0,0
985,-1,1,2
-92,-4,0,2
-850,3,0,2
1167,-20,1,2
-672,0,0,0
395,2,1,0
1545,11,1,0
442,-26,1,2
1258,-23,1,2
-631,-10,0,2
73,-12,0,2
1049,10,1,2
505,4,1,0
-222,4,0,2
-307,-19,0,2
1687,24,1,2
135,2,0,0
542,-7,1,2
616,-7,1,2
-837,-5,0,2
235,-10,0,2
-511,16,0,0
1382,-3,1,2
-670,2,0,0
-805,8,0,0
144,-2,0,2
-951,-3,0,2
-359,-16,0,2
1260,-21,1,2
1761,22,1,2
1681,-18,1,2
744,-11,1,0
-79,4,0,2
-608,36,0,2
-518,12,0,0
420,0,1,2
-830,5,0,2
154,-8,0,0
-303,-5,0,2
1498,-5,1,2
-688,-12,0,2
-836,8,0,0
947,6,1,2
925,-2,1,0
1232,-3,1,0
1572,-2,1,2
-300,29,0,2
934,-3,1,2
492,27,1,0
1495,-2,1,2
502,5,1,2
274,18,0,0
913,13,1,2
-604,-8,0,2
-253,15,0,2
1483,-5,1,2
-900,-2,0,2
1779,7,1,2
-846,-17,0,2
1737,0,1,0
-759,23,0,2
-473,3,0,2
951,-8,1,2
1204,-8,1,2
-85,-3,0,2
1058,-7,1,2
40,-2,0,2
-48,3,0,2
-45,-4,0,0
663,8,1,0
689,2,1,0
-621,-6,0,2
1115,0,1,2
125,-23,0,2
531,-16,1,2
366,18,1,2
383,0,1,2
207,22,0,2
1238,-2,1,0
281,-2,0,2
-35,10,0,2
1703,19,1,0
942,21,1,0
622,-15,1,2
1509,0,1,2
1248,-15,1,2
999,15,1,2
-342,4,0,2
-847,0,0,2
-970,9,0,0
1434,-7,1,0
500,-13,1,2
843,-20,1,2
107,11,0,2
892,12,1,2
-881,0,0,0
1786,14,1,0
-660,11,0,0
-128,-4,0,2
1221,20,1,0
-685,-7,0,2
289,41,0,2
-78,2,0,2
617,13,1,2
-448,11,0,2
1362,-2,1,0
1381,-20,1,2
-69,8,0,2
-268,18,0,0
24,-18,0,2
1249,13,1,0
1447,8,1,2
927,-12,1,2
-560,11,0,0
404,2,1,0
1389,-2,1,2
252,-5,0,2
-308,5,0,2
-338,11,0,2
1415,19,1,2
-828,22,0,2
71,-7,0,2
673,-12,1,2
597,11,1,2
-71,9,0,0
1156,6,1,2
1431,-9,1,2
1,-22,0,2
-856,10,0,2
-152,17,0,2
-505,23,0,2
610,-20,1,2
1645,17,1,2
1077,15,1,0
562,-4,1,0
-326,-2,0,2
1190,5,1,0
451,-5,1,2
-890,21,0,0
1080,21,1,2
1673,0,1,0
1392,-18,1,2
-648,0,0,2
1079,19,1,0
253,4,0,2
1094,-12,1,2
1814,17,1,0
283,-24,0,2
-513,23,0,0
645,19,1,0
-372,-5,0,2
535,2,1,2
216,0,0,0
671,6,1,0
1212,9,1,2
455,13,1,2
-162,15,0,2
464,5,1,0
570,-8,1,2
1234,3,1,0
-321,9,0,2
1255,9,1,2
319,33,1,2
771,8,1,0
1069,13,1,2
-189,-10,0,2
1383,5,1,2
-967,-6,0,2
-192,-17,0,2
1425,-8,1,2
329,1,1,2
-23,-9,0,2
1595,2,1,2
1161,-1,1,0
1106,11,1,2
126,-2,0,2
-313,30,0,0
-336,-8,0,2
96,16,0,2
-328,31,0,0
-531,10,0,2
50,-3,0,2
332,-5,1,2
518,16,1,0
1348,14,1,2
887,-9,1,2
241,14,0,2
425,-9,1,2
-711,-8,0,2
1597,2,1,2
-602,21,0,0
1284,4,1,0
-643,-1,0,2
577,-7,1,2
1738,16,1,0
140,20,0,2
970,31,1,2
-482,-17,0,2
-362,-5,0,2
42,0,0,0
1187,9,1,2
1332,-2,1,2
1371,5,1,2
215,9,0,2
-864,-10,0,2
-514,0,0,2
1092,-12,1,2
543,-17,1,2
-493,12,0,0
-704,8,0,0
-239,43,0,0
1327,6,1,2
1176,3,1,2
-10,16,0,2
-428,3,0,0
1259,25,1,0
-356,-24,0,2
1733,19,1,0
36,7,0,2
1286,12,1,0
-83,18,0,2
1295,0,1,2
1396,11,1,2
-127,18,0,2
1672,19,1,2
856,7,1,2
865,5,1,2
-892,-1,0,2
869,-8,1,2
575,-12,1,2
771,2,1,2
1216,4,1,2
1562,-15,1,2
991,-3,1,2
1391,-9,1,2
-8,18,0,0
-103,0,0,2
324,-5,1,2
1107,0,1,0
722,-9,1,2
240,-12,0,2
1712,5,1,2
-745,10,0,0
883,6,1,2
97,-9,0,2
653,-21,1,2
-117,12,0,2
1492,-4,1,0
1790,-13,1,2
-821,7,0,0
1109,0,1,2
-571,2,0,0
1541,10,1,0
-1035,21,0,2
-878,-20,0,2
59,-7,0,0
-788,11,0,0
1700,0,1,0
-623,-25,0,2
718,6,1,2
-291,12,0,0
946,-18,1,2
900,-8,1,2
22,-12,0,2
1096,-17,1,2
841,-15,1,2
769,23,1,2
-552,12,0,0
1366,-5,1,2
-191,0,0,2
606,1,1,0
804,27,1,2
1172,0,1,2
486,-9,1,2
1735,17,1,2
1458,7,1,2
-979,19,0,2
132,-11,0,2
-46,-3,0,2
-654,23,0,0
-563,-22,0,2
-489,1,0,0
484,31,1,2
1457,-1,1,0
203,7,0,0
-217,3,0,2
69,0,0,2
-675,18,0,2
988,28,1,0
-467,5,0,2
1408,-8,1,2
69,1,0,2
-86,-14,0,2
-972,-4,0,2
-556,13,0,0
-1002,-19,0,2
257,10,0,2
-293,-7,0,2
727,10,1,2
-245,10,0,2
482,13,1,2
-498,23,0,0
1432,-17,1,2
1361,-11,1,2
67,27,0,2
457,1,1,2
1809,10,1,2
-283,2,0,2
-1022,2,0,2
528,9,1,2
1438,14,1,2
187,27,0,0
1796,-7,1,2
322,-12,1,2
1289,-11,1,2
-370,-11,0,2
-822,-15,0,2
-634,4,0,2
-725,7,0,2
1211,0,1,2
778,8,1,0
118,-18,0,2
1454,-17,1,2
983,-10,1,2
924,0,1,0
496,17,1,2
554,-18,1,2
589,4,1,2
527,3,1,0
1349,23,1,2
-879,17,0,2
666,16,1,2
-628,17,0,0
743,1,1,2
1098,11,1,2
-893,11,0,2
1603,-3,1,2
1504,1,1,2
620,-11,1,0
997,-7,1,2
1228,3,1,0
-580,2,0,2
-697,-4,0,2
1120,9,1,2
159,13,0,2
642,0,1,0
1185,14,1,0
-219,18,0,2
1636,-15,1,2
1721,-2,1,2
-124,3,0,0
-722,-6,0,0
-875,8,0,2
-233,-15,0,2
716,1,1,2
249,2,0,2
-47,2,0,2
-693,14,0,2
-656,7,0,2
1263,12,1,0
971,5,1,2
377,-18,1,2
-221,18,0,0
-546,9,0,2
960,19,1,2
-101,-2,0,0
-269,-16,0,2
345,-3,1,2
-54,18,0,2
1427,-9,1,2
424,-2,1,0
-601,0,0,2
1608,8,1,0
-184,17,0,2
1203,15,1,2
1149,0,1,0
867,0,1,2
-564,23,0,0
1013,12,1,2
721,14,1,2
-803,12,0,2
-30,13,0,0
519,8,1,0
975,-9,1,2
-22,20,0,2
1133,-22,1,2
-738,13,0,0
1547,13,1,0
1040,15,1,2
458,-4,1,2
1035,-15,1,2
351,30,1,2
1772,8,1,0
98,19,0,0
-389,7,0,2
-141,-8,0,0
1495,0,1,0
-1044,2,0,2
-372,30,0,2
1609,-1,1,2
-1034,18,0,2
1403,-8,1,2
512,10,1,0
-800,24,0,0
1804,-12,1,2
406,-9,1,2
321,21,1,2
310,-17,1,2
1174,7,1,2
1698,1,1,2
-68,-11,0,2
175,-24,0,2
562,-6,1,2
1227,4,1,2
712,18,1,0
765,25,1,0
717,-15,1,2
945,4,1,0
333,-4,1,2
1560,-6,1,2
-198,-16,0,2
858,17,1,2
-186,4,0,0
1359,-4,1,2
-1036,-10,0,2
-1001,6,0,0
-451,14,0,0
599,-10,1,2
338,-6,1,0
1676,-4,1,0
0,4,0,2
-984,1,0,0
485,-18,1,2
1344,7,1,0
1484,17,1,2
1111,-16,1,2
-121,30,0,0
933,20,1,2
-772,-5,0,2
1472,18,1,2
658,6,1,2
1412,-24,1,2
1420,3,1,2
478,-12,1,2
-304,0,0,0
412,-2,1,0
982,28,1,2
-751,18,0,0
-765,3,0,2
-464,12,0,0
895,21,1,2
367,-12,1,2
1082,-10,1,2
669,8,1,2
-599,8,0,2
1074,-8,1,2
-255,-17,0,2
-331,-6,0,2
536,-24,1,2
-423,-4,0,2
-169,9,0,2
-838,26,0,0
800,-8,1,2
545,8,1,2
1712,1,1,0
-745,9,0,0
657,10,1,0
1639,10,1,2
162,-7,0,2
-785,-4,0,2
1648,4,1,2
391,-15,1,2
774,-2,1,2
163,-14,0,2
-379,30,0,2
253,0,0,2
-337,19,0,2
1459,29,1,2
-301,-10,0,2
-364,-22,0,2
-109,0,0,2
-781,6,0,0
-539,-10,0,2
221,-14,0,2
-691,-24,0,2
-852,17,0,2
382,-13,1,2
-654,31,0,0
-613,5,0,2
1056,-17,1,2
133,4,0,2
1225,-5,1,2
574,-8,1,2
320,-13,1,2
-523,6,0,2
-917,31,0,0
-475,12,0,2
-600,3,0,2
-908,5,0,2
-907,-8,0,2
1668,-4,1,2
-404,4,0,2
-194,-24,0,2
1581,-19,1,2
410,6,1,0
180,-16,0,2
-758,-18,0,2
747,12,1,2
314,12,1,2
723,3,1,2
-547,-10,0,2
651,-3,1,2
374,40,1,2
781,-8,1,0
-287,-8,0,2
212,-5,0,2
-710,1,0,0
1598,12,1,2
-1007,2,0,0
1627,12,1,2
-744,-9,0,2
-284,-20,0,2
-794,-14,0,2
299,18,0,2
1450,-11,1,2
294,-14,0,2
1805,18,1,0
1087,-8,1,2
-528,0,0,0
-814,0,0,2
1751,-1,1,2
-158,-12,0,2
402,-10,1,2
825,-6,1,2
1613,20,1,2
-125,-20,0,2
579,17,1,0
834,7,1,2
1070,25,1,2
1439,-3,1,2
-1023,8,0,2
1318,0,1,2
343,10,1,2
354,22,1,2
1708,-5,1,0
1453,3,1,0
1521,14,1,0
-396,-14,0,2
1519,20,1,0
1286,23,1,0
1038,-13,1,2
1302,-5,1,2
-954,0,0,2
1563,16,1,0
-119,7,0,0
1622,-1,1,2
-548,5,0,2
-180,-8,0,2
-368,19,0,0
-735,12,0,2
-540,20,0,0
1407,6,1,2
219,-8,0,2
1116,11,1,2
737,23,1,2
1197,1,1,0
-720,-12,0,2
1363,-1,1,2
-171,20,0,0
890,-10,1,2
1740,-4,1,2
-177,1,0,0
291,27,0,0
-426,12,0,2
898,4,1,0
-729,10,0,0
327,33,1,0
1517,7,1,2
-664,25,0,0
611,-5,1,2
1338,-7,1,2
-818,1,0,0
-585,19,0,2
1091,-23,1,2
-645,-4,0,2
-367,-11,0,2
248,-3,0,2
1397,2,1,0
-808,9,0,0
361,-11,1,2
189,10,0,2
389,-25,1,2
-115,10,0,2
-960,11,0,2
-925,5,0,0
-43,4,0,2
832,21,1,2
1428,5,1,2
1632,0,1,2
-411,16,0,0
-949,-1,0,2
1774,13,1,2
1821,12,1,0
1422,15,1,0
1699,6,1,2
-802,17,0,2
-113,-22,0,2
-254,7,0,0
1319,7,1,2
-292,22,0,0
1324,-13,1,2
-718,-7,0,2
1394,-5,1,2
-322,-8,0,2
594,-5,1,2
-164,20,0,0
-606,11,0,2
352,-8,1,2
23,1,0,0
1343,5,1,2
-247,2,0,0
-849,11,0,2
-568,5,0,0
899,-12,1,2
-995,-24,0,2
1301,-15,1,2
875,15,1,0
-506,8,0,2
1386,12,1,0
1085,10,1,2
-768,-3,0,2
244,7,0,2
-136,20,0,2
720,-3,1,2
1452,-26,1,2
782,-13,1,2
-904,-5,0,2
1304,-17,1,2
-288,-2,0,2
6,19,0,0
-429,-5,0,2
1604,-13,1,2
229,5,0,0
789,26,1,2
-299,6,0,2
-977,10,0,2
-455,0,0,0
-534,-6,0,2
194,0,0,2
64,3,0,2
552,2,1,0
1007,-1,1,0
-1,1,0,2
1276,-6,1,2
-1038,20,0,2
1718,1,1,0
429,1,1,0
1561,-18,1,2
1005,5,1,2
192,16,0,0
672,-7,1,2
-16,12,0,0
1662,-6,1,2
-112,6,0,2
1548,6,1,2
1050,-11,1,2
603,-4,1,2
1310,-7,1,2
-652,24,0,0
949,-11,1,2
1104,-22,1,2
-73,6,0,0
1512,25,1,2
-839,-7,0,0
1808,3,1,2
160,8,0,2
-319,0,0,2
107,9,0,2
-77,7,0,2
1481,-6,1,2
-468,-17,0,2
432,-12,1,2
1812,6,1,2
477,1,1,2
1014,5,1,2
1217,-1,1,2
-963,20,0,2
149,15,0,0
-281,-12,0,2
-374,13,0,2
1168,9,1,2
-311,12,0,2
169,-26,0,2
693,6,1,0
777,25,1,2
-342,2,0,2
399,-8,1,2
-661,15,0,0
-416,15,0,0
508,-13,1,2
138,-5,0,2
-982,35,0,2
-316,-6,0,0
1511,-8,1,2
-242,24,0,0
-810,20,0,0
-430,-25,0,2
-273,10,0,0
917,-6,1,2
302,-14,0,2
-541,20,0,2
507,-22,1,2
114,14,0,0
1036,9,1,0
829,-1,1,2
-60,-8,0,2
591,3,1,0
99,-4,0,2
1159,14,1,0
-1009,-4,0,0
1670,2,1,0
-651,1,0,2
-592,25,0,2
27,-7,0,2
1555,4,1,2
-132,11,0,2
-333,5,0,2
1518,-7,1,2
-465,1,0,0
1243,-6,1,2
1409,-9,1,2
-419,11,0,0
-508,23,0,2
-7,-9,0,2
269,0,0,2
1723,12,1,2
-896,0,0,0
-957,5,0,2
349,10,1,2
-59,19,0,2
276,-3,0,2
547,28,1,2
-1039,12,0,2
-884,23,0,2
-52,9,0,0
-358,16,0,0
1043,-16,1,2
16,10,0,0
786,-15,1,2
1263,8,1,2
202,9,0,2
-28,11,0,2
287,7,0,0
877,-13,1,2
1130,-6,1,2
1390,-20,1,2
761,-17,1,2
-427,21,0,0
454,11,1,0
250,-5,0,0
-825,-2,0,2
905,-21,1,2
82,10,0,2
-590,-24,0,2
186,13,0,2
828,2,1,2
435,2,1,2
749,16,1,2
1589,-14,1,2
1045,18,1,2
1027,27,1,2
664,-8,1,2
1153,5,1,2
506,-13,1,2
1579,-4,1,2
1057,0,1,2
-346,-13,0,2
-792,14,0,2
830,12,1,2
-361,-16,0,2
1520,-17,1,2
588,-4,1,2
652,4,1,0
-682,-15,0,2
539,20,1,2
-453,-15,0,2
578,-6,1,2
522,-7,1,2
51,-12,0,2
1540,10,1,2
-495,-10,0,2
-483,-15,0,2
-250,6,0,0
598,-14,1,2
-616,7,0,2
1782,33,1,0
-159,-12,0,2
1633,3,1,0
1328,13,1,2
564,-19,1,2
-705,0,0,2
2,3,0,2
978,-4,1,0
-224,1,0,2
494,-6,1,2
-439,0,0,0
-249,-7,0,2
-734,-24,0,2
-215,23,0,0
-572,6,0,0
226,9,0,2
520,-16,1,2
1353,-6,1,2
878,-14,1,2
-1018,3,0,0
668,4,1,0
1491,-8,1,2
763,-11,1,2
565,-13,1,2
-950,28,0,2
-42,26,0,0
-587,-16,0,2
199,-19,0,2
161,29,0,2
-525,15,0,2
1147,-11,1,2
85,0,0,0
1610,27,1,2
1433,4,1,0
-902,10,0,2
-447,-11,0,2
-929,-10,0,2
-813,-11,0,2
-517,-10,0,2
808,28,1,2
1754,-3,1,2
810,-11,1,2
-123,3,0,0
-385,5,0,0
1160,9,1,2
437,-8,1,2
1755,-13,1,2
35,1,0,2
-2,1,0,2
81,2,0,2
-114,12,0,2
1095,1,1,2
1602,2,1,2
-790,10,0,0
-382,15,0,2
428,-8,1,2
-739,-14,0,2
481,-3,1,2
-807,-5,0,2
-815,0,0,0
1075,0,1,0
-760,-16,0,2
857,-10,1,2
523,-3,1,0
266,-5,0,2
18,8,0,2
-349,-17,0,2
134,26,0,2
-323,6,0,2
-459,11,0,2
-376,-8,0,2
347,-10,1,0
-267,-12,0,2
459,43,1,2
711,0,1,2
876,-3,1,2
-424,9,0,0
-1010,-11,0,2
-343,1,0,2
1067,16,1,2
681,-13,1,2
640,17,1,0
-484,-22,0,2
1122,5,1,0
-167,17,0,2
424,4,1,2
1004,-13,1,2
-1018,1,0,0
1470,5,1,2
-573,42,0,2
488,-7,1,2
-340,-15,0,2
764,26,1,2
225,0,0,2
379,28,1,2
-259,23,0,2
386,-8,1,2
58,-6,0,0
631,-6,1,2
-417,12,0,0
-543,14,0,0
794,13,1,0
31,-15,0,2
1440,-10,1,2
745,-19,1,2
937,-9,1,2
47,16,0,2
-659,9,0,0
1124,-3,1,2
1605,-6,1,2
-778,-1,0,0
-913,-4,0,2
414,-9,1,2
-787,0,0,0
-811,-14,0,2
1182,-3,1,2
-986,12,0,0
1460,0,1,2
742,16,1,2
-296,10,0,0
1209,-7,1,2
614,3,1,0
172,33,0,0
1395,-6,1,2
-618,16,0,0
-277,-12,0,2
1320,0,1,2
-84,-9,0,2
1271,-18,1,2
572,-11,1,2
1266,15,1,0
-901,10,0,2
271,-6,0,0
1533,8,1,2
-717,16,0,0
1020,37,1,2
1321,2,1,0
151,11,0,2
1692,-4,1,2
-991,-9,0,2
941,27,1,2
1641,33,1,0
91,3,0,2
757,-13,1,2
-33,16,0,2
956,-9,1,2
667,-2,1,2
1530,-11,1,2
1125,-7,1,2
-387,-19,0,2
768,-7,1,2
-889,-10,0,2
364,-5,1,2
-260,0,0,2
-220,10,0,2
1290,18,1,2
1489,0,1,0
103,-14,0,2
1135,-13,1,2
-1011,-3,0,2
-407,-6,0,2
268,-3,0,2
1230,-2,1,2
-474,-11,0,2
129,8,0,0
-472,-2,0,2
447,5,1,2
698,-3,1,2
359,-6,1,0
-312,16,0,0
521,-4,1,2
-26,8,0,2
1145,-12,1,2
1448,-14,1,2
1138,-18,1,2
-150,10,0,2
375,9,1,2
1700,-2,1,0
119,-14,0,2
592,20,1,2
-888,-3,0,2
318,-5,1,0
840,21,1,2
1570,-28,1,2
155,-16,0,2
-330,13,0,2
1008,-8,1,0
1817,-13,1,2
27,-20,0,2
1000,16,1,0
885,-24,1,2
551,-11,1,2
-265,-16,0,2
751,-7,1,2
1274,8,1,0
-728,-3,0,2
1235,-20,1,2
-161,-17,0,2
1707,8,1,2
1306,-20,1,2
1580,-15,1,2
-916,4,0,0
-450,20,0,2
1539,-6,1,2
966,7,1,0
1807,26,1,2
1716,-4,1,0
272,-3,0,2
1292,7,1,2
-1000,-2,0,2
1535,23,1,2
-671,11,0,0
-732,-2,0,0
-576,-12,0,2
-390,11,0,2
1017,-12,1,2
-750,-16,0,2
1012,9,1,2
-804,19,0,2
-442,-4,0,0
968,6,1,2
-796,5,0,2
1030,-16,1,2
1476,4,1,0
315,11,1,0
1011,-13,1,2
300,-6,0,0
-773,0,0,0
1140,4,1,0
1375,-9,1,2
1373,0,1,2
-184,13,0,0
863,-17,1,2
-298,10,0,0
-741,-18,0,2
-400,18,0,2
779,14,1,0
-876,19,0,2
471,8,1,0
-509,12,0,2
1186,-7,1,2
-232,19,0,0
-365,-4,0,2
-996,-19,0,2
380,4,1,0
348,-14,1,2
-403,18,0,2
-555,35,0,0
255,-1,0,0
1033,6,1,2
770,5,1,0
-997,17,0,2
1744,-12,1,2
-88,-24,0,2
1231,3,1,2
-646,3,0,2
13,24,0,2
-118,0,0,2
109,7,0,2
-942,-17,0,2
193,-20,0,2
1426,-12,1,2
-31,6,0,2
-936,-11,0,2
1688,-24,1,2
568,4,1,2
-567,4,0,0
1019,10,1,2
-694,-10,0,2
456,8,1,2
-966,-6,0,2
1675,-15,1,2
1108,16,1,2
1688,5,1,2
-801,21,0,2
-486,3,0,2
846,4,1,2
-977,10,0,0
-274,13,0,2
-780,10,0,2
637,16,1,2
1538,12,1,2
328,-4,1,2
881,-12,1,2
1799,-19,1,2
6,18,0,2
1571,-7,1,2
1646,-5,1,2
223,-9,0,2
99,-5,0,2
990,-19,1,2
-553,4,0,0
-1026,42,0,2
-843,26,0,2
1574,-11,1,2
231,-2,0,0
-819,25,0,0
-798,11,0,0
441,12,1,0
1573,-17,1,2
136,-26,0,2
-890,25,0,2
1129,16,1,0
-1043,-22,0,2
973,8,1,2
633,6,1,0
177,-3,0,2
-501,17,0,2
847,2,1,2
-747,-4,0,2
460,2,1,2
809,12,1,2
-266,6,0,2
1257,-11,1,0
-764,21,0,2
776,22,1,2
227,-1,0,0
-116,16,0,0
1341,0,1,0
650,-5,1,0
1423,5,1,0
303,5,0,2
1524,30,1,0
7,7,0,2
1657,8,1,2
1229,-7,1,2
1525,-11,1,2
1351,27,1,2
-451,19,0,0
1242,-15,1,2
986,9,1,2
1473,-8,1,2
-446,-5,0,2
-40,0,0,2
384,9,1,0
88,-12,0,2
-636,10,0,0
1298,5,1,2
1745,40,1,2
-66,-4,0,2
499,15,1,2
1165,12,1,2
-344,-14,0,2
357,8,1,0
1256,6,1,0
1462,-3,1,2
1026,1,1,2
1515,10,1,2
-122,-1,0,2
-437,-9,0,2
1620,3,1,2
-681,18,0,0
-138,24,0,2
-726,-2,0,0
-187,-14,0,2
-594,9,0,0
452,-3,1,2
501,12,1,2
509,-17,1,2
1342,16,1,2
1793,-9,1,2
1148,-14,1,2
726,-6,1,2
567,-19,1,2
815,-7,1,2
465,-3,1,0
1815,3,1,0
476,10,1,2
-214,21,0,0
-724,-2,0,2
1158,6,1,2
-131,-1,0,0
46,-4,0,2
-401,4,0,2
305,20,0,0
-406,2,0,0
-261,-3,0,2
-40,0,0,2
1154,3,1,0
-1039,15,0,2
265,11,0,0
618,7,1,0
419,23,1,2
-716,11,0,0
-355,12,0,2
1669,24,1,2
576,-17,1,2
601,4,1,0
1166,2,1,2
307,5,0,2
-172,9,0,0
423,-15,1,2
398,23,1,0
-449,-11,0,2
449,4,1,2
422,-21,1,2
619,1,1,0
-765,0,0,2
1637,-12,1,2
1370,-7,1,2
-285,7,0,2
1537,-1,1,2
1025,-15,1,2
-421,7,0,0
1468,-19,1,2
903,-6,1,2
-305,5,0,2
323,1,1,2
-985,0,0,2
851,-14,1,2
639,-26,1,2
-827,2,0,2
-816,9,0,2
156,-13,0,2
842,6,1,2
479,3,1,2
1121,-28,1,2
-955,-1,0,2
733,-21,1,2
-809,-22,0,2
434,-7,1,0
938,-10,1,2
1355,-10,1,2
1727,-13,1,2
-861,6,0,0
403,5,1,0
795,-9,1,2
-790,0,0,2
234,-25,0,2
-939,6,0,2
1200,-25,1,2
888,12,1,0
-588,17,0,2
369,-16,1,2
190,-20,0,2
-826,-5,0,2
-698,8,0,2
-438,-12,0,2
1215,9,1,2
-431,6,0,2
1329,-6,1,2
1513,40,1,2
669,7,1,0
55,-8,0,0
1315,3,1,2
417,-19,1,2
-519,24,0,0
224,23,0,2
-708,11,0,2
839,3,1,0
1578,-11,1,0
-504,-7,0,2
979,1,1,2
-684,18,0,2
-922,2,0,2
60,20,0,2
1128,27,1,0
-614,41,0,0
555,1,1,2
590,6,1,0
1449,-11,1,2
640,-21,1,2
1798,26,1,0
1659,4,1,0
218,-1,0,2
1378,-14,1,2
1660,19,1,2
577,-3,1,2
-227,13,0,0
561,-6,1,2
880,1,1,0
195,7,0,2
78,19,0,0
1416,-23,1,2
-399,1,0,2
526,-19,1,2
-166,-14,0,2
-862,-2,0,0
700,-14,1,2
-952,4,0,2
1508,-19,1,2
74,-16,0,2
183,7,0,0
393,-8,1,0
1592,3,1,2
1607,-9,1,2
-654,22,0,0
301,-12,0,2
1591,-2,1,2
439,-2,1,0
1691,0,1,0
-155,-6,0,2
415,-18,1,2
-907,-12,0,2
158,-19,0,2
1467,8,1,0
-41,25,0,2
-795,-17,0,2
-436,3,0,2
715,4,1,0
-53,8,0,0
1404,-9,1,2
-87,-15,0,2
-36,6,0,2
-959,-3,0,2
396,4,1,0
-778,-12,0,2
1649,8,1,2
-324,-1,0,2
86,16,0,2
1169,40,1,2
280,17,0,2
1606,14,1,2
629,-17,1,2
-699,5,0,2
-97,13,0,0
365,-13,1,2
1697,3,1,2
-532,-16,0,2
1066,-28,1,2
-992,1,0,2
1021,23,1,2
-230,-21,0,2
362,21,1,0
1044,-3,1,0
1596,1,1,2
211,-9,0,2
628,-2,1,2
1666,-2,1,0
48,-11,0,2
-914,-2,0,2
627,-15,1,2
1179,-19,1,2
998,-11,1,2
-452,17,0,0
1674,-16,1,2
1542,-19,1,2
1493,-6,1,2
-840,-6,0,2
-630,-17,0,2
-689,26,0,2
1202,17,1,0
-58,23,0,2
-655,-4,0,2
1270,8,1,0
688,3,1,2
1123,12,1,2
1335,-11,1,2
1384,11,1,2
1071,3,1,2
1715,-5,1,2
-96,10,0,2
1105,9,1,0
-477,0,0,0
1567,11,1,2
-727,-13,0,2
-640,-2,0,2
1222,-5,1,2
-145,27,0,0
-332,26,0,2
-793,-2,0,2
787,-13,1,2
1694,21,1,2
-405,-2,0,0
-763,14,0,0
911,-19,1,2
-476,2,0,2
952,7,1,2
608,30,1,0
649,24,1,0
1247,-6,1,2
947,6,1,0
1429,-11,1,2
340,4,1,2
-503,-10,0,2
791,0,1,2
-1046,-21,0,2
-909,-6,0,2
-251,-5,0,2
1241,16,1,2
-629,14,0,2
1626,-14,1,2
-244,-20,0,2
-1040,-6,0,2
1587,-3,1,2
1117,-12,1,2
695,-8,1,2
1195,-16,1,2
1717,7,1,2
-231,-6,0,2
-241,-17,0,2
-205,-13,0,2
296,8,0,2
936,0,1,2
472,20,1,2
-974,1,0,2
-100,-10,0,2
-779,-12,0,2
1037,7,1,0
893,-11,1,2
1072,25,1,0
-210,7,0,2
-49,37,0,2
-721,7,0,0
1680,13,1,2
1582,7,1,2
80,3,0,2
581,3,1,0
232,11,0,0
1041,-13,1,2
1414,-9,1,0
1122,7,1,0
-748,-8,0,2
1178,-15,1,2
436,-16,1,2
-769,-5,0,2
1615,33,1,2
1600,15,1,2
142,5,0,2
-488,18,0,0
530,-19,1,2
1764,25,1,2
-32,1,0,0
967,-10,1,2
-350,38,0,2
-566,16,0,2
632,13,1,2
609,16,1,2
-987,0,0,2
-492,44,0,2
-89,-11,0,2
1387,-24,1,2
735,2,1,2
1732,20,1,0
1250,-22,1,2
-435,0,0,0
288,17,0,0
1505,-17,1,2
699,-11,1,2
-386,0,0,2
-373,20,0,2
-371,16,0,2
-551,21,0,2
1638,21,1,0
-581,-18,0,2
-989,15,0,2
1196,-2,1,0
-665,-3,0,0
331,2,1,2
755,34,1,2
849,6,1,0
-200,14,0,2
1475,-7,1,0
355,-10,1,2
1300,-12,1,2
-965,26,0,0
-223,-11,0,2
-197,-3,0,2
550,3,1,0
-274,14,0,2
-669,7,0,2
188,11,0,2
-214,25,0,2
30,4,0,2
1747,2,1,2
824,-2,1,2
-1020,5,0,2
378,14,1,0
950,-20,1,2
-443,-21,0,2
-653,-18,0,2
1456,-11,1,2
-905,0,0,2
767,0,1,2
376,-13,1,2
860,2,1,2
-335,11,0,0
17,-10,0,2
-433,31,0,2
101,-4,0,0
185,-9,0,2
-173,25,0,2
93,-20,0,2
-1032,0,0,2
1575,-6,1,0
-63,-13,0,2
-1041,19,0,2
1559,2,1,2
-213,-17,0,2
1022,2,1,2
685,11,1,2
1767,-10,1,2
1480,-2,1,2
1584,-7,1,2
1078,18,1,0
-767,-20,0,2
-923,25,0,2
-522,5,0,2
-235,-4,0,0
401,0,1,2
-211,8,0,2
-188,9,0,2
-702,-21,0,2
-795,-13,0,2
-94,14,0,2
-320,-20,0,2
959,-2,1,2
-976,29,0,0
-752,15,0,0
-535,-19,0,2
524,-5,1,2
-841,17,0,2
256,9,0,0
1435,-18,1,2
-926,0,0,0
311,12,1,2
1444,26,1,0
16,4,0,2
-543,19,0,0
-478,0,0,2
260,-6,0,2
-302,15,0,0
1208,17,1,2
-1006,12,0,2
-499,-14,0,2
-485,-2,0,2
1103,-2,1,0
587,8,1,0
453,10,1,2
-104,-6,0,2
-565,39,0,2
1054,14,1,0
-512,24,0,2
1101,-7,1,2
-658,-14,0,2
803,10,1,0
-64,5,0,0
1650,18,1,0
141,-2,0,2
-381,17,0,2
1308,6,1,2
-387,-11,0,0
1679,-22,1,2
326,-6,1,2
1191,-13,1,2
95,11,0,0
254,-14,0,2
-1024,6,0,2
1369,-23,1,2
1574,-15,1,2
-857,-6,0,2
1554,-16,1,2
1016,2,1,0
-1029,28,0,2
730,-11,1,2
615,-14,1,2
-754,-6,0,0
1651,1,1,2
762,2,1,0
-647,-17,0,2
660,9,1,2
342,-13,1,2
566,6,1,0
-410,14,0,2
1028,23,1,0
1052,-4,1,2
1686,0,1,2
-72,16,0,2
965,3,1,2
124,-4,0,0
1625,-4,1,2
-597,21,0,0
-895,23,0,2
1629,12,1,2
1171,-23,1,2
-824,-5,0,0
-417,15,0,0
-712,-11,0,2
514,-10,1,2
-591,6,0,2
647,-9,1,2
372,18,1,0
157,-18,0,2
-622,7,0,2
-393,11,0,2
833,12,1,2
-867,4,0,2
-19,-9,0,2
1136,-14,1,2
1787,7,1,2
373,-4,1,0
-872,-18,0,2
-34,2,0,2
-542,-11,0,2
871,-23,1,2
-363,-7,0,2
848,13,1,2
295,-7,0,2
-941,10,0,0
919,0,1,2
-168,2,0,2
-61,13,0,0
-366,1,0,0
1776,37,1,0
-835,-16,0,2
1367,7,1,2
643,-3,1,2
529,9,1,0
583,17,1,0
14,4,0,2
889,2,1,2
1400,-20,1,2
911,-19,1,2
1493,-3,1,2
-612,17,0,2
1757,-5,1,2
-848,-5,0,2
1753,23,1,2
1150,-16,1,2
710,15,1,2
-310,21,0,2
353,0,1,0
-642,30,0,2
1372,-11,1,2
34,11,0,2
-557,27,0,0
-473,8,0,2
407,-15,1,2
166,21,0,2
-1042,27,0,2
1309,7,1,2
-562,-13,0,2
1253,1,1,2
-464,22,0,0
1557,-26,1,2
1076,12,1,2
-193,11,0,2
517,2,1,2
-444,17,0,2
1766,4,1,2
-1033,16,0,2
-674,-24,0,2
1198,-20,1,2
426,1,1,2
262,-7,0,2
1588,25,1,0
44,4,0,2
758,-14,1,2
1760,12,1,0
868,-15,1,2
470,-17,1,2
-24,10,0,0
773,-15,1,2
-962,31,0,2
1345,-1,1,0
-488,3,0,2
336,14,1,2
-577,4,0,0
1487,4,1,2
1739,0,1,0
844,-18,1,2
538,-11,1,2
473,17,1,0
1239,-9,1,0
1612,-8,1,0
-27,-5,0,2
1729,-22,1,2
907,-17,1,2
1792,9,1,2
-412,19,0,0
-4,-6,0,2
-931,7,0,2
1773,-5,1,0
480,-13,1,2
969,0,1,0
285,18,0,2
1771,9,1,0
128,2,0,2
569,9,1,0
37,8,0,2
1254,1,1,2
198,-6,0,2
-715,14,0,0
534,-3,1,2
957,18,1,2
-334,7,0,2
874,-2,1,2
53,-25,0,2
-786,11,0,2
278,10,0,2
-212,23,0,0
-742,11,0,0
-44,36,0,2
350,-14,1,2
-545,10,0,0
466,-15,1,2
487,1,1,2
-798,12,0,0
1599,12,1,2
1201,5,1,2
553,13,1,0
1023,-13,1,2
-859,-17,0,2
-246,-6,0,2
190,-13,0,2
1430,2,1,0
972,-14,1,2
595,-15,1,2
1549,-6,1,2
707,6,1,2
1421,-19,1,2
987,-6,1,2
-578,9,0,0
-663,15,0,0
32,-11,0,2
989,-2,1,2
806,-3,1,2
-204,6,0,2
1743,17,1,2
-57,22,0,0
-771,-6,0,2
-5,10,0,0
1419,22,1,2
-133,11,0,2
713,-5,1,2
1589,-14,1,2
130,-8,0,2
-670,11,0,2
729,22,1,2
1762,15,1,2
1157,10,1,2
-490,20,0,2
89,-11,0,2
1240,-3,1,2
-615,14,0,0
1189,-10,1,2
741,-3,1,2
334,-3,1,2
-295,8,0,0
953,-24,1,2
65,2,0,2
-353,-10,0,2
400,-12,1,2
1333,-27,1,2
18,7,0,2
-203,2,0,2
1046,0,1,2
827,-8,1,2
-494,16,0,2
-988,8,0,2
-973,5,0,2
1316,-17,1,2
393,-10,1,2
583,9,1,2
-434,1,0,2
580,2,1,0
571,2,1,2
-282,-6,0,2
1442,-6,1,2
-696,-13,0,2
1405,-15,1,2
1268,-21,1,2
1536,-2,1,2
4,3,0,2
-605,-2,0,2
1100,-14,1,2
-176,14,0,0
-958,3,0,0
1379,27,1,2
1357,2,1,2
1233,23,1,0
1219,22,1,0
-391,-9,0,2
1354,-25,1,2
1277,1,1,2
1616,21,1,2
813,-9,1,2
-998,0,0,2
1644,6,1,0
-677,6,0,2
1671,-5,1,2
1193,2,1,0
-13,14,0,0
-791,12,0,0
1643,11,1,2
17,-11,0,2
665,3,1,0
1706,-17,1,2
1531,-1,1,2
648,-22,1,2
1113,12,1,2
1283,-9,1,2
413,-10,1,2
-527,-5,0,2
-382,7,0,2
-441,-6,0,2
-115,-20,0,2
1143,4,1,0
-1024,8,0,0
1278,4,1,2
1803,-11,1,2
-865,1,0,2
852,-13,1,2
-1003,-7,0,2
1305,-8,1,2
1326,16,1,2
337,-15,1,2
1141,-9,1,2
826,4,1,2
-531,14,0,0
-891,7,0,2
-678,0,0,2
-871,7,0,0
504,-8,1,2
1485,-13,1,2
691,18,1,2
1368,-6,1,2
-538,-15,0,2
-423,-6,0,2
1137,-10,1,2
149,13,0,2
816,9,1,0
560,22,1,2
1110,25,1,2
19,13,0,0
1018,-18,1,2
708,-4,1,2
676,0,1,2
-202,1,0,2
-237,41,0,2
104,10,0,2
-944,-15,0,2
-14,10,0,0
1210,2,1,2
823,7,1,0
-533,22,0,2
-765,-8,0,2
680,-19,1,2
1556,9,1,0
-969,36,0,0
1029,4,1,2
213,3,0,2
1564,-3,1,2
1252,14,1,2
-882,45,0,2
753,-4,1,2
286,-11,0,2
-55,17,0,0
-425,-12,0,2
-460,-13,0,2
1785,2,1,2
-683,-7,0,2
513,-13,1,2
181,-11,0,2
1287,-1,1,2
-147,-7,0,0
-579,-1,0,2
-553,7,0,0
801,33,1,2
596,-15,1,2
-262,16,0,2
855,8,1,2
444,0,1,2
-1034,10,0,0
-218,-4,0,2
1752,11,1,2
980,-10,1,2
298,4,0,2
525,-14,1,2
-106,3,0,2
191,-11,0,2
-673,-6,0,0
605,-18,1,2
-140,13,0,2
1496,-4,1,2
1736,-18,1,2
600,8,1,2
1285,-1,1,2
1656,-14,1,2
205,32,0,0
1443,-13,1,2
-961,-14,0,2
-82,-26,0,2
-160,-6,0,2
1441,-9,1,2
968,-27,1,2
1704,10,1,0
-9,-6,0,2
-275,-10,0,0
-736,8,0,2
1237,-20,1,2
483,-6,1,2
613,-11,1,2
-994,13,0,2
544,18,1,0
918,12,1,2
448,1,1,2
752,18,1,2
798,-11,1,2
-666,20,0,2
-797,3,0,0
974,8,1,2
110,-9,0,2
-62,0,0,0
-357,-12,0,2
28,34,0,2
-1014,13,0,0
1709,-16,1,2
656,0,1,2
-687,4,0,0
-81,-4,0,2
-2,-1,0,0
1746,14,1,2
1317,-11,1,2
-80,0,0,2
1631,22,1,0
61,-4,0,2
-598,0,0,2
1810,-1,1,0
230,-18,0,2
-181,4,0,2
-529,13,0,2
-863,-9,0,2
-387,-17,0,2
654,24,1,0
-462,7,0,2
-899,-9,0,2
-129,6,0,2
1424,-21,1,2
-800,22,0,2
-345,6,0,2
-1045,-8,0,2
1262,1,1,2
-306,-1,0,2
251,1,0,2
421,-3,1,2
559,1,1,2
-148,40,0,1
-458,-8,0,2
-695,18,0,2
-298,-2,0,2
-1001,-10,0,2
-973,-14,0,2
-878,-22,0,2
-443,0,0,2
-208,6,0,2
-79,-13,0,2
-735,-4,0,2
-805,8,0,2
-436,-2,0,0
-658,2,0,0
-653,25,0,0
-916,-11,0,0
-710,1,0,2
-716,0,0,2
-438,13,0,0
-527,-13,0,2
-280,7,0,2
-783,9,0,0
-69,15,0,0
-500,9,0,0
-178,-3,0,2
-104,-16,0,2
-89,3,0,2
-201,-10,0,2
-702,6,0,0
-186,-17,0,2
-184,-12,0,2
-765,18,0,2
-339,-8,0,2
-938,12,0,0
-121,-3,0,2
-239,-4,0,2
-591,24,0,0
-268,32,0,2
-369,1,0,2
-334,7,0,2
-466,9,0,0
-940,11,0,0
-405,-5,0,2
-434,-6,0,2
-656,-19,0,2
-651,-15,0,2
-949,23,0,2
-561,10,0,2
-446,-9,0,2
-423,9,0,2
-954,3,0,0
-785,19,0,0
-966,7,0,2
-1022,-6,0,0
-506,0,0,2
-146,4,0,2
-78,-6,0,2
-278,17,0,0
-953,22,0,2
-779,-11,0,2
-815,0,0,2
-68,-24,0,2
-491,0,0,2
-171,1,0,2
-892,-4,0,2
-120,0,0,0
-999,27,0,2
-412,-21,0,2
-191,0,0,2
-524,-3,0,2
-760,7,0,2
-379,-12,0,2
-252,0,0,0
-670,-11,0,2
-534,-12,0,2
-320,-19,0,2
-922,-27,0,2
-389,-8,0,2
-444,2,0,0
-1013,-16,0,2
-97,-10,0,0
-237,0,0,0
-882,-5,0,2
-822,31,0,2
-801,-11,0,2
-994,-18,0,2
-845,-25,0,2
-1008,7,0,2
-1038,2,0,2
-729,-19,0,2
-877,13,0,0
-685,0,0,2
-333,7,0,0
-793,25,0,2
-667,6,0,0
-441,10,0,2
-623,6,0,0
-763,-18,0,2
-349,-15,0,2
-452,3,0,2
-445,-22,0,2
-426,-1,0,2
-116,29,0,2
-555,-17,0,2
-890,-24,0,2
-602,-12,0,2
-759,13,0,0
-492,3,0,0
-944,18,0,0
-964,-4,0,0
-750,-26,0,2
-213,-15,0,2
-752,8,0,0
-564,-15,0,2
-634,7,0,0
-807,-21,0,2
-284,0,0,2
-583,15,0,2
-781,-12,0,2
-926,-21,0,2
-798,-9,0,2
-644,12,0,2
-848,-18,0,2
-362,-13,0,0
-177,0,0,2
-732,-20,0,2
-854,16,0,0
-297,3,0,2
-917,-11,0,2
-621,-14,0,2
-442,21,0,0
-745,0,0,2
-507,-16,0,2
-381,2,0,2
-143,6,0,0
-343,7,0,0
-680,18,0,2
-350,6,0,2
-470,10,0,0
-326,-3,0,2
-108,-19,0,2
-830,8,0,0
-607,-9,0,2
-336,6,0,2
-394,-7,0,0
-770,2,0,0
-483,0,0,2
-630,-7,0,2
-894,-13,0,2
-85,5,0,2
-688,15,0,2
-198,-2,0,2
-756,-21,0,2
-862,18,0,0
-925,14,0,0
-967,3,0,0
-558,0,0,0
-91,-6,0,0
-373,-18,0,2
-150,17,0,2
-516,15,0,0
-484,2,0,2
-431,-18,0,2
-137,4,0,2
-1012,14,0,0
-776,2,0,0
-620,-13,0,2
-582,13,0,0
-496,-3,0,0
-1005,-3,0,0
-747,0,0,2
-325,-18,0,2
-638,7,0,2
-288,0,0,2
-663,-14,0,2
-497,0,0,2
-595,1,0,0
-828,7,0,0
-538,-18,0,2
-642,17,0,2
-570,-5,0,2
-342,-9,0,0
-165,-18,0,2
-1045,-9,0,2
-403,0,0,2
-93,12,0,0
-677,0,0,0
-457,-2,0,2
-792,-1,0,2
-255,17,0,2
-351,4,0,2
-319,3,0,0
-908,7,0,2
-842,35,0,2
-148,-7,0,2
-218,-12,0,2
-942,-9,0,2
-554,-19,0,2
-744,13,0,2
-592,-1,0,0
-115,19,0,0
-344,0,0,2
-887,-9,0,2
-933,-14,0,2
-428,-3,0,2
-1046,14,0,0
-800,-9,0,2
-831,7,0,0
-947,-16,0,2
-386,6,0,2
-67,12,0,2
-209,-8,0,2
-395,40,0,2
-631,12,0,0
-733,26,0,2
-683,-19,0,2
-655,-5,0,2
-433,-3,0,0
-829,22,0,0
-546,-1,0,0
-416,17,0,2
-1040,11,0,0
-909,13,0,2
-996,-16,0,2
-481,8,0,2
-545,15,0,0
-843,8,0,0
-366,16,0,2
-931,1,0,2
-182,-8,0,2
-605,6,0,2
-799,4,0,0
-912,13,0,2
-512,10,0,2
-889,11,0,2
-519,-7,0,2
-266,-5,0,2
-866,0,0,2
-222,-10,0,2
-581,2,0,2
-1011,-23,0,2
-166,-6,0,2
-550,0,0,2
-231,-10,0,2
-599,-12,0,2
-870,1,0,2
-515,8,0,0
-703,-10,0,2
-915,22,0,0
-425,6,0,2
-424,0,0,0
-612,8,0,2
-876,-21,0,2
-881,4,0,0
-95,-6,0,2
-580,8,0,0
-1006,5,0,2
-738,4,0,0
-597,-5,0,2
-225,-17,0,2
-690,8,0,2
-549,-6,0,0
-1019,-13,0,2
-686,-2,0,0
-553,-8,0,2
-814,-1,0,2
-789,-4,0,0
-707,-10,0,2
-408,-3,0,0
-233,-7,0,0
-547,-20,0,2
-951,24,0,2
-65,-2,0,0
-950,-6,0,2
-531,-4,0,0
-354,15,0,0
-501,17,0,2
-563,-3,0,2
-741,-5,0,2
-353,17,0,0
-722,3,0,2
-247,-11,0,2
-207,-6,0,0
-422,6,0,2
-421,-3,0,2
-672,-12,0,2
-248,-24,0,2
-205,-14,0,2
-119,0,0,2
-838,-8,0,2
-502,7,0,2
-109,-7,0,0
-383,27,0,2
-713,23,0,0
-141,-1,0,2
-559,2,0,2
-190,-13,0,2
-175,-14,0,2
-420,32,0,0
-616,-15,0,2
-232,-23,0,2
-696,-9,0,2
-622,11,0,2
-94,17,0,2
-144,4,0,2
-767,-1,0,2
-243,6,0,2
-477,-12,0,2
-1010,16,0,2
-323,2,0,2
-295,-1,0,2
-777,-5,0,2
-847,17,0,2
-134,-9,0,2
-539,-17,0,2
-826,6,0,2
-129,24,0,2
-498,5,0,2
-296,8,0,0
-836,-9,0,2
-919,-19,0,2
-740,4,0,2
-689,0,0,0
-227,-2,0,2
-1009,2,0,2
-396,17,0,2
-784,-1,0,2
-216,-4,0,2
-1004,15,0,2
-482,8,0,0
-992,17,0,2
-284,-5,0,2
-746,-13,0,2
-632,-6,0,2
-529,0,0,0
-586,-13,0,2
-643,11,0,2
-455,-8,0,0
-415,7,0,0
-880,33,0,2
-109,-9,0,2
-572,-15,0,2
-439,20,0,2
-737,1,0,2
-895,7,0,2
-650,-22,0,2
-943,4,0,2
-158,-13,0,2
-471,-4,0,2
-980,-10,0,2
-808,-4,0,0
-258,-15,0,2
-74,-13,0,2
-647,-9,0,2
-708,14,0,0
-490,-18,0,2
-836,-14,0,2
-930,-11,0,2
-723,-11,0,2
-360,0,0,0
-1036,-5,0,0
-219,15,0,0
-463,-18,0,2
-906,-12,0,2
-410,-4,0,2
-712,-23,0,2
-901,9,0,0
-324,-1,0,2
-106,2,0,2
-548,10,0,0
-864,22,0,2
-300,2,0,2
-517,-21,0,2
-304,-19,0,2
-302,0,0,2
-674,6,0,2
-373,-15,0,2
-204,-2,0,2
-98,-1,0,2
-625,2,0,2
-748,-10,0,2
-590,-12,0,2
-234,-8,0,0
-162,4,0,0
-340,0,0,2
-859,7,0,0
-448,3,0,2
-606,0,0,2
-817,5,0,0
-417,4,0,0
-398,15,0,0
-574,4,0,0
-264,-24,0,2
-292,4,0,2
-825,-5,0,2
-70,-23,0,2
-846,19,0,0
-637,8,0,2
-170,6,0,2
-778,-3,0,0
-256,16,0,2
-772,-1,0,2
-123,16,0,0
-684,19,0,2
-361,-10,0,2
-495,0,0,2
-911,5,0,2
-646,-9,0,2
-972,10,0,0
-797,-8,0,0
-154,5,0,2
-952,1,0,0
-811,-7,0,2
-701,2,0,2
-312,3,0,0
-654,10,0,2
-530,19,0,2
-374,-1,0,2
-467,-23,0,2
-669,9,0,0
-303,0,0,2
-311,-14,0,2
-393,-9,0,2
-803,-2,0,2
-566,4,0,2
-321,-4,0,2
-368,-21,0,2
-283,2,0,2
-206,12,0,2
-409,9,0,2
-749,-19,0,2
-273,11,0,0
-897,-27,0,2
-609,-4,0,2
-1003,-1,0,2
-66,11,0,2
-92,9,0,0
-560,-2,0,2
-657,20,0,2
-850,14,0,0
-823,2,0,2
-575,-13,0,2
-824,-18,0,2
-596,4,0,0
-459,-12,0,2
-594,20,0,2
-981,0,0,0
-504,-7,0,2
-771,14,0,2
-210,12,0,0
-698,-6,0,2
-196,3,0,2
-1007,2,0,0
-855,-15,0,2
-900,-27,0,2
-478,7,0,2
-461,-1,0,2
-998,-22,0,2
-860,-22,0,2
-203,-5,0,2
-285,-18,0,2
-270,-2,0,0
-633,7,0,2
-335,-5,0,2
-465,-26,0,2
-608,-1,0,0
-551,-14,0,2
-76,2,0,0
-794,9,0,2
-979,-6,0,0
-238,13,0,2
-721,21,0,2
-662,-5,0,2
-584,-16,0,2
-217,-26,0,2
-1018,4,0,2
-990,-3,0,0
-378,-22,0,2
-195,8,0,0
-313,-5,0,0
-1026,4,0,2
-874,21,0,0
-518,-11,0,2
-240,-13,0,2
-993,0,0,2
-568,0,0,2
-299,13,0,0
-641,-6,0,2
-176,3,0,2
-970,-10,0,2
-819,-4,0,0
-101,26,0,2
-347,-7,0,2
-130,-10,0,2
-867,-10,0,0
-228,-14,0,0
-726,-20,0,2
-920,-26,0,2
-806,0,0,0
-958,-16,0,2
-898,-9,0,2
-282,4,0,2
-413,-10,0,2
-164,3,0,0
-357,3,0,2
-960,-9,0,2
-145,-8,0,2
-593,-16,0,2
-1000,-14,0,2
-449,0,0,2
-99,-26,0,2
-430,13,0,2
-267,9,0,2
-855,-13,0,2
-604,-3,0,0
-128,0,0,2
-673,20,0,0
-699,-24,0,2
-535,7,0,0
-627,9,0,0
-183,13,0,2
-557,-10,0,2
-988,16,0,2
-605,9,0,2
-316,12,0,0
-645,-22,0,2
-220,-5,0,2
-265,-11,0,2
-1037,-15,0,2
-453,-25,0,2
-989,6,0,2
-693,7,0,0
-418,-10,0,2
-935,-6,0,2
-532,20,0,2
-380,-22,0,2
-768,-22,0,2
-719,10,0,0
-905,33,0,2
-578,-4,0,0
-281,6,0,0
-813,-1,0,0
-700,3,0,2
-71,3,0,2
-1029,2,0,0
-163,-2,0,2
-857,-11,0,2
-932,-21,0,2
-739,16,0,2
-727,-1,0,2
-473,-14,0,2
-705,-1,0,2
-140,-16,0,2
-668,15,0,0
-132,-1,0,2
-153,-12,0,2
-577,-26,0,2
-984,22,0,2
-113,3,0,2
-913,-12,0,2
-834,9,0,0
-974,-4,0,2
-576,7,0,0
-169,13,0,2
-287,9,0,2
-865,19,0,2
-844,-6,0,2
-427,-15,0,2
-462,15,0,2
-414,-2,0,0
-160,-16,0,2
-533,-5,0,2
-188,19,0,2
-260,-26,0,2
-269,-20,0,2
-514,31,0,0
-322,2,0,0
-987,-26,0,2
-197,19,0,0
-249,4,0,0
-742,-23,0,2
-1028,21,0,0
-332,-6,0,2
-87,-10,0,2
-80,2,0,0
-271,-7,0,0
-587,-15,0,2
-192,-11,0,2
-883,11,0,2
-1031,24,0,2
-194,-10,0,2
-513,-14,0,2
-1043,-22,0,2
-275,-7,0,2
-345,20,0,2
-851,22,0,0
-853,-13,0,0
-728,-25,0,2
-678,-16,0,2
-211,-15,0,2
-73,1,0,0
-589,11,0,2
-81,-7,0,2
-187,27,0,0
-840,19,0,2
-902,1,0,2
-928,-26,0,2
-486,24,0,2
-541,0,0,2
-493,-21,0,2
-571,-17,0,2
-244,17,0,2
-755,7,0,2
-151,15,0,0
-977,-18,0,2
-259,-16,0,2
-632,-10,0,2
-694,-13,0,2
-159,0,0,2
-290,-22,0,2
-965,-8,0,2
-273,10,0,2
-730,18,0,2
-659,-7,0,2
-487,-7,0,2
-923,27,0,2
-510,0,0,2
-251,2,0,2
-959,-5,0,2
-610,-22,0,2
-927,-5,0,2
-294,-10,0,2
-681,18,0,2
-640,-15,0,2
-355,27,0,2
-100,0,0,2
-399,-13,0,2
-377,3,0,2
-743,-8,0,2
-279,-17,0,2
-567,-1,0,0
-528,21,0,2
-692,-16,0,2
-525,19,0,2
-330,-9,0,2
-328,-13,0,2
-790,-6,0,2
-308,-2,0,2
-810,10,0,2
-200,-14,0,2
-884,-20,0,2
-1030,-21,0,2
-375,0,0,0
-773,8,0,0
-407,-5,0,2
-156,3,0,0
-250,6,0,0
-489,3,0,2
-432,-2,0,0
-310,-20,0,2
-603,-9,0,0
-522,18,0,2
-879,15,0,2
-523,0,0,2
-307,-7,0,0
-787,25,0,0
-734,-9,0,0
-464,11,0,0
-456,-1,0,2
-628,3,0,2
-105,5,0,2
-542,-2,0,2
-717,30,0,2
-1039,5,0,2
-718,7,0,0
-172,-10,0,0
-863,-13,0,2
-1044,3,0,2
-731,10,0,0
-861,0,0,2
-1024,-25,0,2
-488,-8,0,2
-400,-19,0,2
-437,0,0,2
-149,6,0,2
-758,5,0,2
-181,9,0,2
-440,-7,0,2
-368,-16,0,2
-371,-7,0,2
-289,26,0,2
-401,-12,0,2
-117,-5,0,2
-435,5,0,0
-956,30,0,2
-365,-3,0,2
-272,-5,0,2
-230,-17,0,2
-499,-11,0,2
-841,5,0,0
-893,17,0,2
-948,16,0,0
-235,-16,0,2
-404,-13,0,2
-480,-18,0,2
-1027,-3,0,2
-126,2,0,2
-214,-22,0,2
-995,7,0,0
-833,-4,0,2
-309,-4,0,2
-231,-9,0,2
-253,5,0,2
-991,-14,0,2
-986,0,0,2
-291,-9,0,0
-306,-23,0,2
-406,6,0,0
-660,-11,0,2
-600,-24,0,2
-155,-19,0,2
-167,5,0,2
-1002,1,0,0
-872,3,0,0
-764,15,0,0
-520,2,0,0
-384,-21,0,2
-569,8,0,0
-72,-11,0,0
-856,-9,0,2
-460,-13,0,2
-1015,-12,0,2
-611,-2,0,2
-1021,0,0,0
-450,24,0,0
-868,-23,0,2
-939,-12,0,2
-180,5,0,2
-664,-23,0,2
-157,-12,0,2
-985,8,0,2
-552,6,0,0
-714,-3,0,2
-780,-10,0,2
-363,-13,0,2
-189,-18,0,2
-697,-16,0,2
-390,-4,0,2
-147,-8,0,2
-327,-2,0,2
-352,21,0,0
-775,-11,0,2
-962,0,0,2
-886,6,0,2
-821,-16,0,2
-511,6,0,0
-849,-11,0,2
-804,-6,0,2
-305,3,0,2
-329,5,0,0
-648,24,0,2
-402,1,0,0
-791,15,0,2
-263,-19,0,2
-521,-17,0,0
-613,-17,0,2
-786,11,0,2
-451,-3,0,2
-494,-3,0,2
-588,-9,0,2
-704,-12,0,2
-963,-5,0,2
-652,10,0,2
-1042,14,0,2
-83,28,0,2
-276,11,0,0
-385,-19,0,2
-124,2,0,2
-102,41,0,2
-997,20,0,2
-77,22,0,0
-509,9,0,2
-619,-16,0,2
-579,19,0,2
-918,-1,0,2
-709,8,0,2
-526,-21,0,2
-968,-2,0,0
-122,-14,0,2
-816,13,0,0
-788,-4,0,0
-891,7,0,2
-479,-10,0,2
-969,11,0,2
-185,-25,0,2
-84,-11,0,2
-904,16,0,0
-802,16,0,2
-315,23,0,2
-193,-15,0,2
-914,-10,0,2
-907,14,0,2
-286,-16,0,2
-636,-15,0,2
-562,-16,0,2
-454,-24,0,2
-221,-22,0,2
-1005,-8,0,0
-661,-16,0,2
-224,11,0,2
-639,-13,0,0
-469,4,0,2
-601,0,0,2
-139,-13,0,0
-617,5,0,2
-585,-14,0,2
-649,-20,0,2
-766,-12,0,2
-376,12,0,0
-736,2,0,2
-619,-16,0,2
-257,-13,0,2
-241,-13,0,2
-346,10,0,2
-293,-1,0,2
-246,-15,0,2
-754,-18,0,2
-682,-12,0,2
-429,-20,0,2
-202,-3,0,2
-138,0,0,0
-133,13,0,2
-614,6,0,0
-947,-15,0,2
-665,2,0,2
-796,-13,0,2
-924,0,0,2
-96,14,0,0
-110,8,0,2
-505,6,0,2
-858,20,0,2
-168,-11,0,2
-978,7,0,2
-687,13,0,2
-301,-13,0,2
-937,-3,0,2
-626,2,0,0
-161,-11,0,2
-1035,3,0,0
-419,-12,0,0
-382,-1,0,2
-331,7,0,0
-372,-18,0,2
-370,-25,0,2
-691,-19,0,2
-107,18,0,2
-975,-9,0,2
-929,-19,0,2
-751,14,0,2
-254,-10,0,2
-356,7,0,2
-397,2,0,0
-762,10,0,2
-957,2,0,0
-90,22,0,2
-536,9,0,0
-885,5,0,0
-540,18,0,0
-127,27,0,0
-570,-18,0,2
-1023,6,0,2
-152,-15,0,2
-274,-9,0,2
-795,1,0,2
-903,-7,0,2
-348,-18,0,2
-508,-10,0,2
-869,17,0,2
-761,-4,0,2
-809,9,0,2
-934,2,0,0
-936,14,0,0
-910,18,0,2
-468,9,0,0
-837,21,0,2
-983,14,0,0
-873,-13,0,2
-277,-5,0,0
-447,-12,0,0
-337,5,0,2
-543,11,0,0
-242,-17,0,2
-832,2,0,2
-676,2,0,0
-757,9,0,2
-318,12,0,0
-724,21,0,0
-888,15,0,2
-774,-24,0,2
-88,-15,0,2
-556,-19,0,2
-1032,15,0,0
-215,-21,0,2
-919,-17,0,2
-199,-17,0,2
-711,22,0,2
-615,15,0,2
-174,10,0,2
-485,-11,0,2
-629,-12,0,2
-899,0,0,0
-715,5,0,2
-812,19,0,0
-111,13,0,2
-1016,6,0,2
-229,-8,0,2
-706,10,0,0
-921,-13,0,2
-474,-26,0,2
-125,9,0,2
-544,-10,0,2
-179,29,0,2
-720,-10,0,2
-135,-17,0,2
-1020,17,0,2
-982,12,0,2
-875,2,0,2
-341,10,0,0
-618,13,0,0
-475,-1,0,2
-338,5,0,0
-236,-23,0,2
-82,25,0,2
-935,-7,0,0
-476,-11,0,2
-1033,11,0,2
-624,-23,0,2
-392,4,0,2
-675,-3,0,2
-112,-2,0,2
-827,0,0,2
-1014,16,0,2
-314,-11,0,2
-261,-10,0,2
-262,6,0,2
-223,1,0,2
-387,-1,0,0
-976,2,0,2
-503,1,0,2
-317,0,0,2
-411,-2,0,2
-358,-10,0,2
-359,-14,0,2
-782,-7,0,0
-406,2,0,2
-818,-3,0,2
-565,-11,0,2
-212,1,0,2
-1034,9,0,2
-364,1,0,0
-852,1,0,0
-769,3,0,2
-114,20,0,2
-598,-11,0,2
-472,34,0,2
-131,2,0,0
-367,-3,0,2
-1041,8,0,0
-1017,-14,0,2
-226,7,0,2
-971,24,0,2
-388,2,0,2
-595,3,0,2
-961,-1,0,2
-666,-20,0,2
-103,0,0,2
-573,-12,0,2
-946,30,0,2
-537,-16,0,2
-245,13,0,2
-75,5,0,2
-1025,9,0,0
-835,-9,0,2
-896,7,0,2
-173,22,0,0
-142,7,0,2
-955,-16,0,2
-839,-9,0,2
-118,-6,0,2
-671,11,0,0
-679,-21,0,2
-871,28,0,2
-136,-26,0,2
-753,14,0,0
-820,1,0,2
-86,-6,0,2
-941,-10,0,2
-635,12,0,2
-391,-3,0,2
-725,-4,0,2
-945,-13,0,1
