1.334327127627303753e+02,-1.169263605127343340e+02,0.000000000000000000e+00,1.000000000000000000e+00
8.748118604392941222e+01,-7.693013817842683011e+01,0.000000000000000000e+00,0.000000000000000000e+00
1.438827474589593862e+02,-1.273219019773652434e+02,0.000000000000000000e+00,1.000000000000000000e+00
1.501194104054755485e+02,-7.163655468135793569e+00,0.000000000000000000e+00,0.000000000000000000e+00
2.256553404165765073e+02,2.668583895235213532e+01,1.000000000000000000e+00,1.000000000000000000e+00
1.057892163181102347e+02,-9.496662891879229562e+01,0.000000000000000000e+00,0.000000000000000000e+00
1.362511557634033181e+02,-2.095889399566628786e+00,0.000000000000000000e+00,1.000000000000000000e+00
8.156222217644709360e+01,-7.127626718788989990e+01,0.000000000000000000e+00,0.000000000000000000e+00
5.235639582444539428e+02,2.629184344825476387e+02,1.000000000000000000e+00,1.000000000000000000e+00
1.186724859891728414e+02,-1.076396372075163583e+02,0.000000000000000000e+00,1.000000000000000000e+00
1.100462344280376925e+02,-9.939959377276792907e+01,0.000000000000000000e+00,0.000000000000000000e+00
1.406592816532024131e+02,-1.251260419365114416e+02,0.000000000000000000e+00,1.000000000000000000e+00
1.267077915004443582e+02,-1.141662322764774444e+02,0.000000000000000000e+00,0.000000000000000000e+00
7.141235697443011077e+02,4.964113980596883380e+02,1.000000000000000000e+00,1.000000000000000000e+00
2.574734453007669686e+02,5.609342011004772033e+00,1.000000000000000000e+00,1.000000000000000000e+00
7.186943351002997815e+01,-6.301945097102647253e+01,0.000000000000000000e+00,1.000000000000000000e+00
2.713233317935876130e+02,6.814549194312662905e+01,1.000000000000000000e+00,1.000000000000000000e+00
1.010458498493873094e+02,-9.097021462965879834e+01,0.000000000000000000e+00,1.000000000000000000e+00
1.453535530118044505e+02,-1.556469877423077186e+01,0.000000000000000000e+00,0.000000000000000000e+00
1.724827143409940504e+02,-2.382171544148323150e+01,0.000000000000000000e+00,1.000000000000000000e+00
2.786379122540047888e+02,6.802476886447068694e+01,1.000000000000000000e+00,0.000000000000000000e+00
1.034549614716662802e+02,-9.416159483820172227e+01,0.000000000000000000e+00,0.000000000000000000e+00
1.647581790605766230e+02,-1.466800561847105655e+02,0.000000000000000000e+00,1.000000000000000000e+00
1.141622689102096757e+02,-9.995433336864950036e+01,0.000000000000000000e+00,1.000000000000000000e+00
2.349201410905761236e+02,-1.317031671013180905e+01,1.000000000000000000e+00,1.000000000000000000e+00
1.918383214088114812e+02,-1.609515538222896680e+01,0.000000000000000000e+00,1.000000000000000000e+00
1.299450000982733400e+02,-1.163274620817755931e+02,0.000000000000000000e+00,1.000000000000000000e+00
1.839843727856195699e+02,2.368768825797927136e+01,0.000000000000000000e+00,0.000000000000000000e+00
2.053775686883138576e+02,-3.579803641841400719e+01,0.000000000000000000e+00,0.000000000000000000e+00
1.151257720015207440e+02,-1.040322294236246847e+02,0.000000000000000000e+00,0.000000000000000000e+00
1.112334719626396833e+02,-9.900037177061645366e+01,0.000000000000000000e+00,0.000000000000000000e+00
2.993677926943536818e+02,6.352656815908731858e+01,1.000000000000000000e+00,1.000000000000000000e+00
1.186076208797528011e+02,-3.326297496569907253e+01,0.000000000000000000e+00,0.000000000000000000e+00
9.583237474718089288e+01,-8.704887798228789109e+01,0.000000000000000000e+00,0.000000000000000000e+00
1.172388380986021161e+02,-1.033685301119245565e+02,0.000000000000000000e+00,0.000000000000000000e+00
2.241013220642362285e+02,5.870661803050483485e+01,1.000000000000000000e+00,0.000000000000000000e+00
1.221905399121675231e+02,-1.093797921682396890e+02,0.000000000000000000e+00,0.000000000000000000e+00
1.058521151777694485e+02,-9.316099576100342006e+01,0.000000000000000000e+00,1.000000000000000000e+00
9.395871119410442418e+01,-8.158633189895425630e+01,0.000000000000000000e+00,1.000000000000000000e+00
2.504062948065358398e+02,5.545499927648052818e+01,1.000000000000000000e+00,1.000000000000000000e+00
1.918754226806505585e+02,-7.453692616511918345e+01,0.000000000000000000e+00,0.000000000000000000e+00
1.231571230225341651e+02,-1.106131682876558102e+02,0.000000000000000000e+00,0.000000000000000000e+00
1.102324347805531062e+02,-9.888717861514584229e+01,0.000000000000000000e+00,0.000000000000000000e+00
3.206826150446653401e+02,3.541460961083998882e+01,1.000000000000000000e+00,1.000000000000000000e+00
1.309358428961571974e+02,-1.165211338662347487e+02,0.000000000000000000e+00,0.000000000000000000e+00
1.488841959445982752e+02,-1.287650942460296619e+02,0.000000000000000000e+00,1.000000000000000000e+00
1.186736547241794000e+02,-1.052576748449424429e+02,0.000000000000000000e+00,0.000000000000000000e+00
7.873992772535794415e+01,-6.942206506903012553e+01,0.000000000000000000e+00,0.000000000000000000e+00
1.010467947481539994e+02,-8.846869932932733605e+01,0.000000000000000000e+00,1.000000000000000000e+00
6.895534826355415703e+01,-6.006202797334341170e+01,0.000000000000000000e+00,0.000000000000000000e+00
1.529902551485533593e+02,-2.678587560433141590e+01,0.000000000000000000e+00,0.000000000000000000e+00
1.130003410138032649e+02,-5.164158826239469136e+01,0.000000000000000000e+00,0.000000000000000000e+00
1.032053043030747972e+02,-6.072229721684464465e+01,0.000000000000000000e+00,0.000000000000000000e+00
3.566463239383462565e+02,8.486379106137144390e+01,1.000000000000000000e+00,1.000000000000000000e+00
3.587260814320500799e+02,1.403868778936186459e+02,1.000000000000000000e+00,0.000000000000000000e+00
7.027582891501999995e+01,-6.247787242429789245e+01,0.000000000000000000e+00,0.000000000000000000e+00
3.571173618177421076e+02,9.154482932022449404e+01,1.000000000000000000e+00,1.000000000000000000e+00
1.837672030513990364e+02,-1.374854198236833724e+01,0.000000000000000000e+00,0.000000000000000000e+00
1.315683458782842763e+02,-1.179536872125103173e+02,0.000000000000000000e+00,0.000000000000000000e+00
1.954447159706862465e+02,1.828621383305942061e+01,0.000000000000000000e+00,0.000000000000000000e+00
5.538698830519887650e+01,-4.828079841088316471e+01,0.000000000000000000e+00,0.000000000000000000e+00
1.182787999140030450e+02,-1.059862322853823713e+02,0.000000000000000000e+00,1.000000000000000000e+00
5.802828435364651227e+01,-5.373059864141945496e+01,0.000000000000000000e+00,0.000000000000000000e+00
2.034400819280591577e+02,-7.218822827440539491e+00,0.000000000000000000e+00,0.000000000000000000e+00
1.049328525288175626e+02,-9.439888246255944182e+01,0.000000000000000000e+00,1.000000000000000000e+00
9.923618751941580740e+01,-8.755047063819054642e+01,0.000000000000000000e+00,0.000000000000000000e+00
1.119361601610449668e+02,-9.899655141144248205e+01,0.000000000000000000e+00,1.000000000000000000e+00
1.140367640590073393e+02,-1.037027344984143298e+02,0.000000000000000000e+00,0.000000000000000000e+00
1.149145870564484539e+02,-5.137278147896768843e+01,0.000000000000000000e+00,0.000000000000000000e+00
1.974076046104188435e+02,-4.056210924451563216e+01,0.000000000000000000e+00,0.000000000000000000e+00
1.558306093324256096e+02,-1.781634744480803789e+01,0.000000000000000000e+00,1.000000000000000000e+00
2.131710500796526730e+02,-7.299166804974699385e-02,0.000000000000000000e+00,0.000000000000000000e+00
1.222704457528393931e+02,-1.103323675190462438e+02,0.000000000000000000e+00,1.000000000000000000e+00
2.992776360639003883e+02,9.510186043015140456e+01,1.000000000000000000e+00,0.000000000000000000e+00
8.634269237764348759e+01,-7.594990671940558968e+01,0.000000000000000000e+00,0.000000000000000000e+00
2.599755495614972389e+01,-2.376370644835108692e+01,0.000000000000000000e+00,0.000000000000000000e+00
7.662268602336254730e+01,-7.055798914355116835e+01,0.000000000000000000e+00,0.000000000000000000e+00
9.734617744509860415e+01,-8.529878675568394897e+01,0.000000000000000000e+00,0.000000000000000000e+00
9.204845654334592098e+01,-8.013885520859531653e+01,0.000000000000000000e+00,1.000000000000000000e+00
1.020308561762506940e+02,-8.964512708436217281e+01,0.000000000000000000e+00,0.000000000000000000e+00
9.344764533777777160e+01,-8.195095319074137308e+01,0.000000000000000000e+00,0.000000000000000000e+00
4.935729663711679649e+01,-4.314476405281767057e+01,0.000000000000000000e+00,0.000000000000000000e+00
1.382930590703205098e+02,-2.811220106287772680e+01,0.000000000000000000e+00,0.000000000000000000e+00
9.515606124474945204e+01,-8.320073584275768042e+01,0.000000000000000000e+00,0.000000000000000000e+00
1.350807230852228997e+02,-1.218366592351997753e+02,0.000000000000000000e+00,1.000000000000000000e+00
1.886946556311155518e+02,3.485828737702716951e-01,0.000000000000000000e+00,0.000000000000000000e+00
1.094273649307419589e+02,-9.489245811211773685e+01,0.000000000000000000e+00,0.000000000000000000e+00
1.450696991448726578e+02,-3.325189469099392880e+01,0.000000000000000000e+00,0.000000000000000000e+00
1.973851616321902611e+02,-2.714684421859896446e+01,0.000000000000000000e+00,1.000000000000000000e+00
9.948576135033361822e+01,-8.775329246475125444e+01,0.000000000000000000e+00,0.000000000000000000e+00
7.453453821760463427e+01,-6.700769056606350205e+01,0.000000000000000000e+00,0.000000000000000000e+00
2.320088228791792631e+02,2.875203684091643908e+01,1.000000000000000000e+00,0.000000000000000000e+00
1.271467591952368110e+02,-4.812140344312592788e+01,0.000000000000000000e+00,0.000000000000000000e+00
1.207512089775545832e+02,-1.087853110227396627e+02,0.000000000000000000e+00,1.000000000000000000e+00
1.673926767689536348e+02,-6.239278261976186712e+01,0.000000000000000000e+00,0.000000000000000000e+00
2.793938510034304272e+02,5.737807163743711669e+01,1.000000000000000000e+00,0.000000000000000000e+00
9.002888546716390294e+01,-7.880807265692506292e+01,0.000000000000000000e+00,0.000000000000000000e+00
1.193375232243404866e+02,-4.041979328095045787e+00,0.000000000000000000e+00,0.000000000000000000e+00
1.286311165116910615e+02,-2.714687286500296537e+01,0.000000000000000000e+00,0.000000000000000000e+00
2.703059819868639124e+02,5.588341416069726364e+01,1.000000000000000000e+00,1.000000000000000000e+00
1.367227315837675121e+02,-1.215767719673700924e+02,0.000000000000000000e+00,1.000000000000000000e+00
1.214348313953676524e+02,-1.075137025054693822e+02,0.000000000000000000e+00,0.000000000000000000e+00
1.167925104845032394e+02,-1.049092667992892132e+02,0.000000000000000000e+00,0.000000000000000000e+00
1.111254974832726390e+02,-4.538786844668200615e+01,0.000000000000000000e+00,0.000000000000000000e+00
8.522746068040702028e+01,-7.691886347211749353e+01,0.000000000000000000e+00,0.000000000000000000e+00
2.088099755116817846e+02,1.955030768327819146e+01,1.000000000000000000e+00,0.000000000000000000e+00
1.086136998300832204e+02,-9.915697094868093586e+01,0.000000000000000000e+00,0.000000000000000000e+00
2.153097160554669642e+02,-2.551273419285377653e+00,0.000000000000000000e+00,0.000000000000000000e+00
9.596785439663032946e+01,-5.992968074521648703e+01,0.000000000000000000e+00,0.000000000000000000e+00
1.240374344613878037e+02,-6.180694017238143800e+01,0.000000000000000000e+00,1.000000000000000000e+00
2.325303174502694787e+02,-2.365228531692966385e+01,0.000000000000000000e+00,1.000000000000000000e+00
4.604391354512125076e+02,2.531537809048143970e+02,1.000000000000000000e+00,1.000000000000000000e+00
1.178555162823510045e+02,-5.413648285462151222e+01,0.000000000000000000e+00,0.000000000000000000e+00
7.747335783888578931e+01,-7.005766361002804388e+01,0.000000000000000000e+00,0.000000000000000000e+00
2.480180053459752969e+02,1.574117720242651508e+01,1.000000000000000000e+00,1.000000000000000000e+00
1.362802166585097723e+02,-1.229840979121396032e+02,0.000000000000000000e+00,1.000000000000000000e+00
1.133446665146665708e+02,-1.017834306406404465e+02,0.000000000000000000e+00,1.000000000000000000e+00
7.394022836962938072e+01,-6.647171255589991290e+01,0.000000000000000000e+00,0.000000000000000000e+00
9.105079620738925428e+01,-7.987624414207603252e+01,0.000000000000000000e+00,0.000000000000000000e+00
1.295946318445595011e+02,-4.703377593842507309e+01,0.000000000000000000e+00,0.000000000000000000e+00
2.110432929724900362e+02,-4.990960625177727650e+01,0.000000000000000000e+00,1.000000000000000000e+00
1.042168987954281647e+02,-9.033194862479756182e+01,0.000000000000000000e+00,0.000000000000000000e+00
1.699540412659429194e+02,-1.623151559730558446e+01,0.000000000000000000e+00,0.000000000000000000e+00
1.241543245674284606e+02,-1.123730002169489950e+02,0.000000000000000000e+00,0.000000000000000000e+00
1.046126187983239646e+02,-9.379412170284184924e+01,0.000000000000000000e+00,1.000000000000000000e+00
1.478458315193315400e+02,3.795486705512063352e+00,0.000000000000000000e+00,1.000000000000000000e+00
2.024156385394651068e+02,1.779582223323307177e+00,0.000000000000000000e+00,0.000000000000000000e+00
1.679966875274782581e+02,-2.137144065929447834e+01,0.000000000000000000e+00,0.000000000000000000e+00
2.128234883450857353e+02,4.557905514434620997e+00,1.000000000000000000e+00,1.000000000000000000e+00
1.077620644179103806e+02,-9.819136252431765399e+01,0.000000000000000000e+00,1.000000000000000000e+00
2.536342441657963604e+02,6.547397898058987531e-02,1.000000000000000000e+00,1.000000000000000000e+00
1.051737879922599745e+02,-9.389703190718614678e+01,0.000000000000000000e+00,1.000000000000000000e+00
2.903830518385225901e+02,4.540489456933448764e+01,1.000000000000000000e+00,1.000000000000000000e+00
9.305452345904588185e+01,-8.229389753975097221e+01,0.000000000000000000e+00,0.000000000000000000e+00
1.239072658949171455e+02,-4.475830047163916703e+01,0.000000000000000000e+00,0.000000000000000000e+00
2.029861227547091573e+02,7.586429315514878091e+00,0.000000000000000000e+00,0.000000000000000000e+00
1.299132547909912319e+02,-4.762818997628782824e+01,0.000000000000000000e+00,0.000000000000000000e+00
1.497066473182359516e+02,-9.091150194047175503e+00,0.000000000000000000e+00,0.000000000000000000e+00
1.165005554063007196e+02,-1.043558087195797697e+02,0.000000000000000000e+00,0.000000000000000000e+00
3.182248032661133266e+02,1.521390219683152623e+02,1.000000000000000000e+00,0.000000000000000000e+00
1.178263465666870786e+02,-1.063141829859585243e+02,0.000000000000000000e+00,0.000000000000000000e+00
1.092396687264972002e+02,-9.651748731747331078e+01,0.000000000000000000e+00,0.000000000000000000e+00
1.378354435334612731e+02,-3.667414245849965226e+01,0.000000000000000000e+00,0.000000000000000000e+00
1.012108695267315142e+02,-9.122457961291276263e+01,0.000000000000000000e+00,1.000000000000000000e+00
3.167929381250789902e+02,1.002227874972461024e+02,1.000000000000000000e+00,0.000000000000000000e+00
9.454979830883928571e+01,-8.325520290138071289e+01,0.000000000000000000e+00,0.000000000000000000e+00
7.853838342103523473e+01,-6.971122517637139993e+01,0.000000000000000000e+00,0.000000000000000000e+00
1.803741709835519487e+02,1.767804106768414707e-01,0.000000000000000000e+00,0.000000000000000000e+00
1.332081218996950724e+02,-1.199538675259185112e+02,0.000000000000000000e+00,0.000000000000000000e+00
8.923504675085301585e+01,-7.911949910103400896e+01,0.000000000000000000e+00,0.000000000000000000e+00
2.597867271872935930e+02,4.476696271668235738e+01,1.000000000000000000e+00,0.000000000000000000e+00
1.020219866587800794e+02,-9.159946100346216724e+01,0.000000000000000000e+00,0.000000000000000000e+00
2.437999997823982596e+02,-8.634281416377394436e+00,1.000000000000000000e+00,1.000000000000000000e+00
4.584347006464329866e+02,2.428855702092865556e+02,1.000000000000000000e+00,0.000000000000000000e+00
1.573558440457520362e+02,-1.399749802802460295e+02,0.000000000000000000e+00,1.000000000000000000e+00
1.427279169026080012e+02,-1.245060655144469024e+02,0.000000000000000000e+00,1.000000000000000000e+00
1.501115302210966718e+02,-7.142385894899467402e+00,0.000000000000000000e+00,0.000000000000000000e+00
1.858822216570442265e+02,1.625945632503537297e+01,0.000000000000000000e+00,0.000000000000000000e+00
1.249316935364094405e+02,-4.010051499281837550e+01,0.000000000000000000e+00,0.000000000000000000e+00
2.197356941003963016e+02,-4.069114510762742754e+01,0.000000000000000000e+00,1.000000000000000000e+00
1.388407572618889105e+02,-1.215357544522972688e+02,0.000000000000000000e+00,0.000000000000000000e+00
1.755000437200247063e+02,-1.456555973682745986e+01,0.000000000000000000e+00,0.000000000000000000e+00
3.015051701818380820e+02,1.139588699307235800e+02,1.000000000000000000e+00,0.000000000000000000e+00
9.430239981820081141e+01,-8.278422007891558110e+01,0.000000000000000000e+00,0.000000000000000000e+00
1.209916046248152526e+02,-1.086387749672010301e+02,0.000000000000000000e+00,1.000000000000000000e+00
2.061508920271234047e+02,2.483797759412867379e+01,1.000000000000000000e+00,1.000000000000000000e+00
1.255379723416645561e+02,-1.095766592657821690e+02,0.000000000000000000e+00,0.000000000000000000e+00
1.074859325626878928e+02,-9.634162719004575592e+01,0.000000000000000000e+00,0.000000000000000000e+00
1.001810237657630722e+02,-8.982834955064882365e+01,0.000000000000000000e+00,0.000000000000000000e+00
1.613717863875166643e+02,-3.988078355611583703e+01,0.000000000000000000e+00,0.000000000000000000e+00
1.016321030699404844e+02,-9.197351329825110611e+01,0.000000000000000000e+00,1.000000000000000000e+00
2.056767754555032184e+02,-8.021540546880675748e+00,0.000000000000000000e+00,1.000000000000000000e+00
6.509131660077326842e+01,-5.530530816443084774e+01,0.000000000000000000e+00,0.000000000000000000e+00
1.163891603132615700e+02,-3.728900396430073272e+01,0.000000000000000000e+00,0.000000000000000000e+00
1.172693035194791662e+02,-3.054974452284247022e+01,0.000000000000000000e+00,0.000000000000000000e+00
2.371276442488029090e+02,-3.400296730224224717e+01,0.000000000000000000e+00,1.000000000000000000e+00
9.077906555523360055e+01,-8.272237118150603408e+01,0.000000000000000000e+00,0.000000000000000000e+00
2.231901323529760646e+02,-2.306801801345629954e+01,0.000000000000000000e+00,1.000000000000000000e+00
1.296329367524740235e+02,-1.163019566868852195e+02,0.000000000000000000e+00,0.000000000000000000e+00
1.204137457910313458e+02,-1.081598405332921402e+02,0.000000000000000000e+00,1.000000000000000000e+00
8.983266916757425236e+01,-8.158500957204527992e+01,0.000000000000000000e+00,0.000000000000000000e+00
1.674842492939474994e+02,-2.506063351383955506e+01,0.000000000000000000e+00,0.000000000000000000e+00
5.034193094056417550e+01,-1.543374554820277034e+01,0.000000000000000000e+00,0.000000000000000000e+00
7.414227049767141864e+01,-6.715863449338169744e+01,0.000000000000000000e+00,0.000000000000000000e+00
1.231595931346000867e+02,-1.102315987271328623e+02,0.000000000000000000e+00,0.000000000000000000e+00
1.586819093492258901e+02,-1.386089635934147850e+02,0.000000000000000000e+00,1.000000000000000000e+00
4.813422852103078071e+02,2.351991962492143671e+02,1.000000000000000000e+00,1.000000000000000000e+00
1.658818996945956314e+02,-6.848420393607909773e+01,0.000000000000000000e+00,1.000000000000000000e+00
1.826650582478440015e+02,-8.480361644936657228e+00,0.000000000000000000e+00,1.000000000000000000e+00
2.321417142763139623e+02,9.323111555156632591e+00,1.000000000000000000e+00,1.000000000000000000e+00
9.668009189193986685e+01,-8.631750256155500267e+01,0.000000000000000000e+00,0.000000000000000000e+00
1.789131806321124429e+02,-3.132354788192587591e+01,0.000000000000000000e+00,0.000000000000000000e+00
1.314462932439001577e+02,-1.169117271993831650e+02,0.000000000000000000e+00,1.000000000000000000e+00
9.839940244805775649e+01,-8.621821433074195795e+01,0.000000000000000000e+00,1.000000000000000000e+00
8.425760908613611377e+01,-7.478588184800081251e+01,0.000000000000000000e+00,0.000000000000000000e+00
2.809123759205078272e+02,3.328466689738181117e+01,1.000000000000000000e+00,1.000000000000000000e+00
9.184321645616888929e+01,-8.200424682709299873e+01,0.000000000000000000e+00,0.000000000000000000e+00
1.278428956089767610e+02,-4.911742207883587952e+01,0.000000000000000000e+00,1.000000000000000000e+00
1.694632627146205550e+02,-1.587514248405868145e+01,0.000000000000000000e+00,1.000000000000000000e+00
3.351057735068123975e+02,1.288025425372653103e+02,1.000000000000000000e+00,1.000000000000000000e+00
1.071311307764899396e+02,-9.491137938085742576e+01,0.000000000000000000e+00,0.000000000000000000e+00
1.240080692286767174e+02,-1.108969261385847034e+02,0.000000000000000000e+00,0.000000000000000000e+00
1.016095254781983783e+02,-8.979100656842233263e+01,0.000000000000000000e+00,0.000000000000000000e+00
1.235266038472954904e+02,-5.090702344876957142e+01,0.000000000000000000e+00,0.000000000000000000e+00
2.324416678389185620e+02,4.748865390643587148e+01,1.000000000000000000e+00,0.000000000000000000e+00
1.044976575843868858e+02,-9.170459916887705276e+01,0.000000000000000000e+00,0.000000000000000000e+00
3.509070504928716332e+02,6.372239029398456012e+01,1.000000000000000000e+00,1.000000000000000000e+00
1.498494838506727831e+02,-1.348231246092561548e+02,0.000000000000000000e+00,1.000000000000000000e+00
1.504062946587266936e+02,-1.628052217948197011e+01,0.000000000000000000e+00,0.000000000000000000e+00
1.584251552400423009e+02,-1.386777058822164577e+02,0.000000000000000000e+00,1.000000000000000000e+00
8.139726652580559119e+01,-7.175713565109842307e+01,0.000000000000000000e+00,0.000000000000000000e+00
1.365877338290020191e+02,-1.178989460846737671e+02,0.000000000000000000e+00,0.000000000000000000e+00
1.616612533199599682e+02,-1.427113814133032577e+02,0.000000000000000000e+00,0.000000000000000000e+00
2.082676797506084938e+02,-9.653434689803555457e+00,0.000000000000000000e+00,1.000000000000000000e+00
2.279334186832576279e+02,3.192205638477492613e+01,1.000000000000000000e+00,1.000000000000000000e+00
3.140445124358688531e+02,8.515390514158994506e+01,1.000000000000000000e+00,1.000000000000000000e+00
1.883116902312464731e+02,7.286053940323520273e+00,0.000000000000000000e+00,1.000000000000000000e+00
1.932458047166502979e+02,-1.001212422493260057e+01,0.000000000000000000e+00,0.000000000000000000e+00
8.999730565978875063e+01,-7.997446011990656700e+01,0.000000000000000000e+00,1.000000000000000000e+00
1.042866416054708480e+02,-9.382300720136339578e+01,0.000000000000000000e+00,1.000000000000000000e+00
4.584213710060120093e+02,2.337807826771266662e+02,1.000000000000000000e+00,1.000000000000000000e+00
1.438571910648144012e+02,-1.295721349651379057e+02,0.000000000000000000e+00,1.000000000000000000e+00
8.367189264822073369e+01,-7.329667560428877948e+01,0.000000000000000000e+00,0.000000000000000000e+00
2.522064198494454672e+02,3.091216110155130181e+01,1.000000000000000000e+00,0.000000000000000000e+00
1.309451882106355072e+02,-4.138121239374960680e+01,0.000000000000000000e+00,0.000000000000000000e+00
1.135542822179183560e+02,-5.757178789783525019e+01,0.000000000000000000e+00,0.000000000000000000e+00
9.804366477921695378e+01,-8.828113328496608858e+01,0.000000000000000000e+00,0.000000000000000000e+00
1.320208363438879644e+02,-1.137674152059148582e+02,0.000000000000000000e+00,1.000000000000000000e+00
6.534122354322306592e+02,4.160788154767646461e+02,1.000000000000000000e+00,0.000000000000000000e+00
1.491329003516880789e+02,-6.041155376699056490e+01,0.000000000000000000e+00,0.000000000000000000e+00
1.275488468711833576e+02,-1.139203996167856445e+02,0.000000000000000000e+00,1.000000000000000000e+00
3.739557443797951919e+02,1.630171621791590724e+02,1.000000000000000000e+00,1.000000000000000000e+00
1.109105365715127220e+02,-4.889914732647791595e+01,0.000000000000000000e+00,0.000000000000000000e+00
1.087739788129118779e+02,-9.729682573676224422e+01,0.000000000000000000e+00,0.000000000000000000e+00
1.102653517663983678e+02,-3.721393395176785646e+01,0.000000000000000000e+00,0.000000000000000000e+00
1.413317145110223976e+02,-1.253247621336532234e+02,0.000000000000000000e+00,1.000000000000000000e+00
2.839333137918122247e+02,4.847781338214176117e+00,1.000000000000000000e+00,1.000000000000000000e+00
1.550198650823324158e+02,-1.357674027461634125e+02,0.000000000000000000e+00,1.000000000000000000e+00
1.425198730777552782e+02,-1.255353490451638834e+02,0.000000000000000000e+00,1.000000000000000000e+00
9.733483585012494643e+01,-8.761133630309747389e+01,0.000000000000000000e+00,0.000000000000000000e+00
8.874997308049147193e+01,-7.794194923242284290e+01,0.000000000000000000e+00,0.000000000000000000e+00
1.507817209888311822e+02,-1.523492216134185639e+01,0.000000000000000000e+00,0.000000000000000000e+00
1.119333666859129579e+02,-9.913418487938986345e+01,0.000000000000000000e+00,1.000000000000000000e+00
2.192838218556343008e+02,4.140749600433395017e+01,1.000000000000000000e+00,1.000000000000000000e+00
2.592493528884449461e+02,3.076310332937125125e+01,1.000000000000000000e+00,0.000000000000000000e+00
1.571405169553166274e+02,-1.391441887484031383e+02,0.000000000000000000e+00,1.000000000000000000e+00
1.102041063382877155e+02,-9.897605132767628788e+01,0.000000000000000000e+00,0.000000000000000000e+00
5.984296149773699653e+02,3.781209064791615333e+02,1.000000000000000000e+00,0.000000000000000000e+00
3.815309377677780276e+02,1.991773648265707379e+02,1.000000000000000000e+00,0.000000000000000000e+00
1.084662697719443401e+02,-9.616137619761937572e+01,0.000000000000000000e+00,0.000000000000000000e+00
9.502346077860831031e+01,-8.534306724821742307e+01,0.000000000000000000e+00,0.000000000000000000e+00
1.170665492204630596e+02,-1.049251368824261164e+02,0.000000000000000000e+00,0.000000000000000000e+00
1.285445164570724899e+02,-4.120613781712856394e+01,0.000000000000000000e+00,0.000000000000000000e+00
8.959484989125517984e+01,-7.844244489936940568e+01,0.000000000000000000e+00,0.000000000000000000e+00
2.611315145477071269e+02,1.113317196866722867e+02,1.000000000000000000e+00,1.000000000000000000e+00
1.043287270404497349e+02,-9.056131982816951620e+01,0.000000000000000000e+00,1.000000000000000000e+00
1.017669910408041574e+02,-8.808270152646340989e+01,0.000000000000000000e+00,0.000000000000000000e+00
1.046888363454823008e+02,-9.206217899624270729e+01,0.000000000000000000e+00,0.000000000000000000e+00
3.943883882808886483e+02,1.527388836776750622e+02,1.000000000000000000e+00,0.000000000000000000e+00
2.378034124407817842e+02,-9.995313481074813211e+00,1.000000000000000000e+00,1.000000000000000000e+00
2.393912825751931450e+02,-3.755448972931535678e+01,0.000000000000000000e+00,0.000000000000000000e+00
9.637307566622477850e+01,-8.383038838832599993e+01,0.000000000000000000e+00,1.000000000000000000e+00
9.517314802741870494e+01,-8.327786293410393625e+01,0.000000000000000000e+00,0.000000000000000000e+00
1.319589810954357461e+02,-1.178212471033377255e+02,0.000000000000000000e+00,0.000000000000000000e+00
1.078472946046666863e+02,-9.646122869501458297e+01,0.000000000000000000e+00,1.000000000000000000e+00
1.431761667525346695e+02,-3.822053685640432263e+01,0.000000000000000000e+00,0.000000000000000000e+00
9.513502985104540244e+01,-8.271119694919315180e+01,0.000000000000000000e+00,1.000000000000000000e+00
1.159278277509048110e+02,-1.001727290582965111e+02,0.000000000000000000e+00,0.000000000000000000e+00
8.806157674131405599e+01,-7.851794925595548591e+01,0.000000000000000000e+00,0.000000000000000000e+00
9.921425276123696335e+01,-8.628276658830169765e+01,0.000000000000000000e+00,1.000000000000000000e+00
1.093614381238669040e+02,-9.636145947061824302e+01,0.000000000000000000e+00,1.000000000000000000e+00
1.359704002357336492e+02,-4.417975372076703167e+01,0.000000000000000000e+00,0.000000000000000000e+00
1.120119346628440837e+02,-1.007965847437969984e+02,0.000000000000000000e+00,0.000000000000000000e+00
1.145279268531746624e+02,-3.966736438793479635e+01,0.000000000000000000e+00,0.000000000000000000e+00
1.032664174466292479e+02,-9.353923815989320190e+01,0.000000000000000000e+00,0.000000000000000000e+00
1.397494124546140597e+02,-4.526010918434480601e+01,0.000000000000000000e+00,0.000000000000000000e+00
9.764279724961343732e+01,-8.572434135107646114e+01,0.000000000000000000e+00,1.000000000000000000e+00
1.735427824602516864e+02,1.679949174718097904e+00,0.000000000000000000e+00,0.000000000000000000e+00
1.087628849513815084e+02,-9.848672456543664566e+01,0.000000000000000000e+00,0.000000000000000000e+00
2.805532243101453105e+02,1.220467502181164576e+02,1.000000000000000000e+00,0.000000000000000000e+00
1.245297578534276539e+02,-1.108447728462125070e+02,0.000000000000000000e+00,1.000000000000000000e+00
2.016470230035758107e+02,-1.536273293619372460e+01,0.000000000000000000e+00,0.000000000000000000e+00
2.276053994284165185e+02,4.473250412698275724e+00,1.000000000000000000e+00,0.000000000000000000e+00
1.412188454474801915e+02,-1.264916755159444790e+02,0.000000000000000000e+00,1.000000000000000000e+00
1.065569977727488720e+02,-9.664586228574488302e+01,0.000000000000000000e+00,1.000000000000000000e+00
2.139823726818924854e+02,-9.270881311608391684e+00,0.000000000000000000e+00,0.000000000000000000e+00
5.018278994364133609e+02,2.841803395478130483e+02,1.000000000000000000e+00,0.000000000000000000e+00
2.647457175723500313e+02,6.007006861313036694e+01,1.000000000000000000e+00,1.000000000000000000e+00
1.202917518701651005e+02,-4.090935681729541074e+01,0.000000000000000000e+00,0.000000000000000000e+00
1.568951450425699932e+02,-3.729951647234052814e+01,0.000000000000000000e+00,0.000000000000000000e+00
1.170823441961712916e+02,-5.031250875768465392e+01,0.000000000000000000e+00,0.000000000000000000e+00
1.494369890167465087e+02,-3.240437859661920328e+01,0.000000000000000000e+00,1.000000000000000000e+00
2.422000211110684802e+02,2.957275478938773006e+01,1.000000000000000000e+00,1.000000000000000000e+00
2.393214855584230349e+02,4.985055991734058267e+01,1.000000000000000000e+00,1.000000000000000000e+00
1.304374384650283218e+02,-1.163554809566628876e+02,0.000000000000000000e+00,0.000000000000000000e+00
2.076478589077032950e+02,-2.194268290956577161e+01,0.000000000000000000e+00,0.000000000000000000e+00
3.658303788469731899e+02,1.580552522040341898e+02,1.000000000000000000e+00,1.000000000000000000e+00
2.607710322897992228e+02,5.655951217247375240e+01,1.000000000000000000e+00,0.000000000000000000e+00
2.263711668497104768e+02,4.435533058908402637e+01,1.000000000000000000e+00,1.000000000000000000e+00
1.068574633431848895e+02,-9.682152626918484373e+01,0.000000000000000000e+00,0.000000000000000000e+00
1.132532322449774398e+02,-9.841040656627548344e+01,0.000000000000000000e+00,1.000000000000000000e+00
2.109513463661901085e+02,-4.601342676190136594e+00,0.000000000000000000e+00,1.000000000000000000e+00
1.192953267463090441e+02,-4.903622384105668175e+01,0.000000000000000000e+00,0.000000000000000000e+00
1.172828786617890842e+02,-1.058683684299339234e+02,0.000000000000000000e+00,1.000000000000000000e+00
1.278688782166728686e+02,-1.141989053908698821e+02,0.000000000000000000e+00,0.000000000000000000e+00
1.847150800626386342e+02,-2.216258265688250972e+01,0.000000000000000000e+00,0.000000000000000000e+00
2.244262696409958266e+02,-2.201613034128984481e+01,0.000000000000000000e+00,1.000000000000000000e+00
2.146718000279043963e+02,7.764437549470559752e+00,1.000000000000000000e+00,0.000000000000000000e+00
2.324001315282637279e+02,3.479500306000405629e+01,1.000000000000000000e+00,1.000000000000000000e+00
2.487229698131745863e+02,5.407725848179487826e+01,1.000000000000000000e+00,1.000000000000000000e+00
8.612985335086293048e+01,-7.609378758259758513e+01,0.000000000000000000e+00,0.000000000000000000e+00
2.012764647287622779e+02,2.066327948126241765e+01,1.000000000000000000e+00,0.000000000000000000e+00
1.950529053540032294e+02,-4.403186601800894806e+01,0.000000000000000000e+00,1.000000000000000000e+00
1.529959099109511271e+02,-2.189516432871555907e+01,0.000000000000000000e+00,0.000000000000000000e+00
1.108053487116283975e+02,-9.788395410331020230e+01,0.000000000000000000e+00,1.000000000000000000e+00
1.666811009547081994e+02,-2.174088023971948047e+01,0.000000000000000000e+00,0.000000000000000000e+00
1.399006538674807700e+02,-3.952066581970791503e+01,0.000000000000000000e+00,0.000000000000000000e+00
1.472143026998242874e+02,-1.304781739817858011e+02,0.000000000000000000e+00,1.000000000000000000e+00
2.012358360598189506e+02,1.025213400706129008e+01,0.000000000000000000e+00,0.000000000000000000e+00
1.597477680594689389e+02,-1.424521004508856095e+02,0.000000000000000000e+00,1.000000000000000000e+00
2.638168392401707933e+02,7.449009137219468357e+01,1.000000000000000000e+00,0.000000000000000000e+00
1.068812859200481427e+02,-9.364725971806871030e+01,0.000000000000000000e+00,1.000000000000000000e+00
1.128443349066129855e+02,-9.965307466746600085e+01,0.000000000000000000e+00,1.000000000000000000e+00
1.589061265473856395e+02,-1.012738005951899396e+02,0.000000000000000000e+00,1.000000000000000000e+00
1.074384040990213407e+02,-9.389751691442810966e+01,0.000000000000000000e+00,0.000000000000000000e+00
2.430745166675224027e+02,9.900610939431112811e+00,1.000000000000000000e+00,0.000000000000000000e+00
2.144863261878219305e+02,1.946796991431141777e+01,1.000000000000000000e+00,1.000000000000000000e+00
1.461346164864854131e+02,-1.297545031594726197e+02,0.000000000000000000e+00,0.000000000000000000e+00
1.867289563823464391e+02,-4.459028249455165849e+00,0.000000000000000000e+00,1.000000000000000000e+00
1.482820488080542702e+02,-3.992259523083151862e+01,0.000000000000000000e+00,0.000000000000000000e+00
1.107639557257222407e+02,-9.840926082597874824e+01,0.000000000000000000e+00,0.000000000000000000e+00
1.189480336917940235e+02,-3.598059818920457786e+01,0.000000000000000000e+00,0.000000000000000000e+00
1.248099163618082628e+02,-1.087893350676901321e+02,0.000000000000000000e+00,1.000000000000000000e+00
1.036847124253255430e+02,-9.394318556392680364e+01,0.000000000000000000e+00,0.000000000000000000e+00
1.268939524030793677e+02,-3.468498665793719482e+01,0.000000000000000000e+00,0.000000000000000000e+00
3.133191595739517652e+02,6.519392093138910127e+01,1.000000000000000000e+00,0.000000000000000000e+00
8.478401861564620390e+01,-7.450321084337460320e+01,0.000000000000000000e+00,0.000000000000000000e+00
1.089709912098366686e+02,-9.831229442980382771e+01,0.000000000000000000e+00,1.000000000000000000e+00
2.484397568862910362e+02,9.482286884471520239e+00,1.000000000000000000e+00,1.000000000000000000e+00
1.516005417469370684e+02,-1.351541114596336968e+02,0.000000000000000000e+00,1.000000000000000000e+00
1.827922727337796971e+02,-2.161258585027740864e+01,0.000000000000000000e+00,0.000000000000000000e+00
1.444672878986262958e+02,-3.090816899852434574e+01,0.000000000000000000e+00,0.000000000000000000e+00
3.565299177235128525e+01,-3.183963515755469942e+01,0.000000000000000000e+00,0.000000000000000000e+00
1.154822289298991649e+02,-1.039209625854128660e+02,0.000000000000000000e+00,0.000000000000000000e+00
9.825527508512632835e+01,-8.948133029429618546e+01,0.000000000000000000e+00,0.000000000000000000e+00
1.974847401918755452e+02,-3.047834881277626096e+01,0.000000000000000000e+00,0.000000000000000000e+00
1.668042271186009202e+02,-3.545337720728943509e+01,0.000000000000000000e+00,0.000000000000000000e+00
7.923413001145509327e+01,-6.894818844508114353e+01,0.000000000000000000e+00,0.000000000000000000e+00
1.410983406659127866e+02,-2.599344038703182846e+01,0.000000000000000000e+00,0.000000000000000000e+00
4.326350723971952306e+01,-3.967687183514066618e+01,0.000000000000000000e+00,1.000000000000000000e+00
9.540568886983129460e+01,-8.635076803324045613e+01,0.000000000000000000e+00,0.000000000000000000e+00
1.230386125834924513e+02,-1.101878603836403414e+02,0.000000000000000000e+00,0.000000000000000000e+00
8.159749091594305526e+01,-7.319215126947415229e+01,0.000000000000000000e+00,0.000000000000000000e+00
1.146975408953861120e+02,-4.453059318780768194e+01,0.000000000000000000e+00,0.000000000000000000e+00
9.227158043381375307e+01,-8.328971800519813939e+01,0.000000000000000000e+00,0.000000000000000000e+00
1.447287788597550389e+02,-1.296682907363769459e+02,0.000000000000000000e+00,1.000000000000000000e+00
2.192006904159490546e+02,3.108532473606457103e+01,1.000000000000000000e+00,1.000000000000000000e+00
9.686662777017969006e+01,-8.289538735718899432e+01,0.000000000000000000e+00,1.000000000000000000e+00
1.333502527445875501e+02,-4.558177956112534446e+01,0.000000000000000000e+00,0.000000000000000000e+00
3.264303987188815768e+02,4.552078501399328303e+01,1.000000000000000000e+00,1.000000000000000000e+00
3.672281207444528377e+02,1.107007833213961021e+02,1.000000000000000000e+00,1.000000000000000000e+00
1.363715394423120415e+02,-1.222530531621581531e+02,0.000000000000000000e+00,0.000000000000000000e+00
1.212707279979204884e+02,-1.083609394484057020e+02,0.000000000000000000e+00,0.000000000000000000e+00
1.336482792586294011e+02,-1.204236548755632867e+02,0.000000000000000000e+00,1.000000000000000000e+00
3.232423218193607681e+02,1.053574760053682411e+02,1.000000000000000000e+00,0.000000000000000000e+00
1.479827525992838275e+02,-1.934596717610556738e+01,0.000000000000000000e+00,0.000000000000000000e+00
1.102368701804912803e+02,-9.868374319194771260e+01,0.000000000000000000e+00,1.000000000000000000e+00
9.282179472394403774e+01,-8.187055640818094560e+01,0.000000000000000000e+00,0.000000000000000000e+00
1.327050399067298940e+02,-3.036805577666997635e+01,0.000000000000000000e+00,0.000000000000000000e+00
2.251521769815938967e+02,-1.304161470103430709e+01,0.000000000000000000e+00,1.000000000000000000e+00
4.582800791234405438e+02,2.170743776510846601e+02,1.000000000000000000e+00,1.000000000000000000e+00
1.596380909635793728e+02,-2.165496620598332456e+01,0.000000000000000000e+00,0.000000000000000000e+00
1.288951169068073455e+02,-2.579029451837869047e+01,0.000000000000000000e+00,0.000000000000000000e+00
1.610021501437748555e+02,-1.518021113101041308e+01,0.000000000000000000e+00,0.000000000000000000e+00
2.128850815658240379e+02,2.477842643543743506e+01,1.000000000000000000e+00,0.000000000000000000e+00
3.501798804745359348e+02,1.241637621172593100e+02,1.000000000000000000e+00,1.000000000000000000e+00
1.532535432764308894e+02,-2.420924460681337109e+01,0.000000000000000000e+00,0.000000000000000000e+00
1.374820410238434647e+02,-2.016819237117130825e+01,0.000000000000000000e+00,0.000000000000000000e+00
1.347644043267659129e+02,-1.200544771698678232e+02,0.000000000000000000e+00,1.000000000000000000e+00
1.560309397533893616e+02,-4.198062940353970163e+01,0.000000000000000000e+00,0.000000000000000000e+00
1.570639104084580993e+02,-2.876887147212916673e+01,0.000000000000000000e+00,0.000000000000000000e+00
9.723130123511491263e+01,-8.549414477062697415e+01,0.000000000000000000e+00,0.000000000000000000e+00
2.165594952163683899e+02,5.072950476661710439e+01,1.000000000000000000e+00,0.000000000000000000e+00
1.258103594419757627e+02,-3.263560426094149847e+01,0.000000000000000000e+00,0.000000000000000000e+00
1.845026006877068596e+02,-1.583783771530023010e+01,0.000000000000000000e+00,0.000000000000000000e+00
1.339116949767851850e+02,-5.139301215948689361e+01,0.000000000000000000e+00,0.000000000000000000e+00
1.109896954120043802e+02,-9.761932183911278571e+01,0.000000000000000000e+00,1.000000000000000000e+00
1.171834629065954800e+02,-1.039272927631925967e+02,0.000000000000000000e+00,1.000000000000000000e+00
3.229575005425620020e+02,9.383537020207157298e+01,1.000000000000000000e+00,1.000000000000000000e+00
1.507103829280427476e+02,-2.512482233969544154e+01,0.000000000000000000e+00,0.000000000000000000e+00
2.291086921893833619e+02,5.880053230646112183e+01,1.000000000000000000e+00,0.000000000000000000e+00
1.401009445269059199e+02,-1.244839718659055876e+02,0.000000000000000000e+00,1.000000000000000000e+00
3.861756701880679543e+02,2.117842790044135768e+02,1.000000000000000000e+00,0.000000000000000000e+00
1.646313301170254988e+02,-3.038547656698005639e+01,0.000000000000000000e+00,0.000000000000000000e+00
1.344327515387305425e+02,-1.197668441012379645e+02,0.000000000000000000e+00,1.000000000000000000e+00
2.914461122174159300e+02,1.097762858969329898e+02,1.000000000000000000e+00,0.000000000000000000e+00
1.686151375498245670e+02,5.101224411735231001e+00,0.000000000000000000e+00,0.000000000000000000e+00
1.169745842185696034e+02,-1.011727090616711138e+02,0.000000000000000000e+00,1.000000000000000000e+00
8.184562207510104770e+01,-7.404861776292119657e+01,0.000000000000000000e+00,0.000000000000000000e+00
1.562944743439416300e+02,-1.358216913415683962e+02,0.000000000000000000e+00,1.000000000000000000e+00
9.055473734970617272e+01,-8.156382573002093750e+01,0.000000000000000000e+00,1.000000000000000000e+00
1.181807268615971083e+02,-1.059758771428550403e+02,0.000000000000000000e+00,0.000000000000000000e+00
1.868108231072124283e+02,-4.655802213448532001e+01,0.000000000000000000e+00,1.000000000000000000e+00
8.509253147747678270e+01,-7.597659245190456545e+01,0.000000000000000000e+00,0.000000000000000000e+00
1.374962266622644620e+02,-1.222019474139774786e+02,0.000000000000000000e+00,1.000000000000000000e+00
2.161232400056153722e+02,3.063259913093189724e+01,1.000000000000000000e+00,0.000000000000000000e+00
1.075554310764653252e+02,-9.699018474752361385e+01,0.000000000000000000e+00,1.000000000000000000e+00
9.096653405387944247e+01,-8.153609098276803024e+01,0.000000000000000000e+00,0.000000000000000000e+00
1.574663292459047739e+02,-1.396408016679236823e+02,0.000000000000000000e+00,1.000000000000000000e+00
5.295610317327973462e+02,3.062972856761757612e+02,1.000000000000000000e+00,1.000000000000000000e+00
1.083316081567453608e+02,-9.505469827644473924e+01,0.000000000000000000e+00,0.000000000000000000e+00
2.231036981102321590e+02,3.809049926906915573e+01,1.000000000000000000e+00,0.000000000000000000e+00
3.350248317072883992e+02,1.173242329731855165e+02,1.000000000000000000e+00,0.000000000000000000e+00
1.639940423992613887e+02,-6.282312628666596765e+01,0.000000000000000000e+00,0.000000000000000000e+00
2.291232835495252402e+02,2.207605325618608560e+01,1.000000000000000000e+00,1.000000000000000000e+00
4.622752355326177280e+02,2.244726153240238489e+02,1.000000000000000000e+00,1.000000000000000000e+00
9.331964303559293228e+01,-8.225585829841982388e+01,0.000000000000000000e+00,0.000000000000000000e+00
1.326541291047099946e+02,-1.164136029436411377e+02,0.000000000000000000e+00,1.000000000000000000e+00
8.161422595990822515e+01,-7.381198063994864356e+01,0.000000000000000000e+00,0.000000000000000000e+00
1.896791073052123693e+02,-1.324989789795110084e+01,0.000000000000000000e+00,1.000000000000000000e+00
2.320307853179816959e+02,2.257644942448894199e+01,1.000000000000000000e+00,0.000000000000000000e+00
1.410890791308548842e+02,-2.350296778996244385e+01,0.000000000000000000e+00,0.000000000000000000e+00
1.515017765509017238e+02,-2.775814586939267414e+01,0.000000000000000000e+00,0.000000000000000000e+00
1.036444392945335693e+02,-9.087371898700691020e+01,0.000000000000000000e+00,0.000000000000000000e+00
2.752364281091990392e+02,3.747204161428321356e+01,1.000000000000000000e+00,1.000000000000000000e+00
3.390117854545176783e+02,7.156865059715005373e+01,1.000000000000000000e+00,1.000000000000000000e+00
6.217980075445802157e+01,-5.423805299155782222e+01,0.000000000000000000e+00,0.000000000000000000e+00
2.677794126380078410e+02,4.879576018904081991e+00,1.000000000000000000e+00,1.000000000000000000e+00
2.272355513914709775e+02,-6.030459335957632838e+00,1.000000000000000000e+00,0.000000000000000000e+00
2.210148874786483475e+02,4.373818242972217263e+01,1.000000000000000000e+00,1.000000000000000000e+00
6.848918901429381378e+01,-5.971718004366574206e+01,0.000000000000000000e+00,0.000000000000000000e+00
1.491854369651695720e+02,-1.964187248027460697e+01,0.000000000000000000e+00,0.000000000000000000e+00
1.238314467313569480e+02,-3.051278518960176811e+01,0.000000000000000000e+00,0.000000000000000000e+00
1.201485204392650559e+02,-1.072671638794317630e+02,0.000000000000000000e+00,0.000000000000000000e+00
8.930329903051328699e+01,-8.020848098606226984e+01,0.000000000000000000e+00,0.000000000000000000e+00
9.859149793252528582e+01,-8.585503731178219766e+01,0.000000000000000000e+00,1.000000000000000000e+00
1.319214342335845629e+02,-1.160284221259693567e+02,0.000000000000000000e+00,0.000000000000000000e+00
1.256727786393564656e+02,-1.120145159138945559e+02,0.000000000000000000e+00,0.000000000000000000e+00
9.172467962413071518e+01,-8.130046236630842316e+01,0.000000000000000000e+00,0.000000000000000000e+00
1.069060670245899303e+02,-9.659098356758197212e+01,0.000000000000000000e+00,0.000000000000000000e+00
1.670562556465280011e+02,-1.473858698130853213e+02,0.000000000000000000e+00,1.000000000000000000e+00
1.181075050313497314e+02,-3.760865425381572891e+01,0.000000000000000000e+00,0.000000000000000000e+00
1.857807992442105558e+02,-3.374236018079995070e+00,0.000000000000000000e+00,0.000000000000000000e+00
1.007915297115456639e+02,-9.067575512679810856e+01,0.000000000000000000e+00,1.000000000000000000e+00
1.043549937851599623e+02,-9.243387528644979056e+01,0.000000000000000000e+00,1.000000000000000000e+00
1.677262614352661103e+02,-1.254259727962043911e+02,0.000000000000000000e+00,1.000000000000000000e+00
1.424863623310923515e+02,-3.340940560888206790e+01,0.000000000000000000e+00,0.000000000000000000e+00
1.618941547129986418e+02,-1.913692960297288082e+01,0.000000000000000000e+00,0.000000000000000000e+00
1.414922802904909815e+02,-3.820059118260051889e+01,0.000000000000000000e+00,1.000000000000000000e+00
1.520811547407805051e+02,-5.045258036710091432e+01,0.000000000000000000e+00,0.000000000000000000e+00
1.438516518254443497e+02,-1.124437831238215502e+00,0.000000000000000000e+00,0.000000000000000000e+00
1.149210351657696805e+02,-1.023851437956926702e+02,0.000000000000000000e+00,1.000000000000000000e+00
2.323347393372850149e+02,7.514110853818478120e+01,1.000000000000000000e+00,0.000000000000000000e+00
8.830056579783322945e+01,-7.846279221763049350e+01,0.000000000000000000e+00,0.000000000000000000e+00
1.627476659679619502e+02,-2.876412950733404639e+00,0.000000000000000000e+00,0.000000000000000000e+00
1.444039226102995030e+02,-1.259088090883345643e+02,0.000000000000000000e+00,1.000000000000000000e+00
1.159961339739256090e+02,-1.040537279439884486e+02,0.000000000000000000e+00,0.000000000000000000e+00
1.351771545332298103e+02,-2.445826270620792897e+01,0.000000000000000000e+00,0.000000000000000000e+00
2.967305672782013062e+02,5.487966861224956006e+01,1.000000000000000000e+00,1.000000000000000000e+00
1.687298675587974230e+02,-6.964793000096904052e+01,0.000000000000000000e+00,0.000000000000000000e+00
1.493879390059399270e+02,-5.778453477388669768e+01,0.000000000000000000e+00,0.000000000000000000e+00
7.256150323674933134e+01,-6.579090239589216083e+01,0.000000000000000000e+00,0.000000000000000000e+00
1.185087126574617855e+02,-3.891128265330328162e+01,0.000000000000000000e+00,0.000000000000000000e+00
9.470849268405260091e+01,-8.378954884429117556e+01,0.000000000000000000e+00,0.000000000000000000e+00
1.137811448363101334e+02,-1.029518363725293000e+02,0.000000000000000000e+00,0.000000000000000000e+00
1.735117955757163202e+02,-1.302551068349956864e+01,0.000000000000000000e+00,0.000000000000000000e+00
9.629899316413468568e+01,-3.761417511589525731e+01,0.000000000000000000e+00,0.000000000000000000e+00
1.618575026390418543e+02,-8.543342868161939663e+00,0.000000000000000000e+00,0.000000000000000000e+00
8.522545517665426473e+01,-7.469933494655744255e+01,0.000000000000000000e+00,1.000000000000000000e+00
1.064330282843657614e+02,-9.306069654635415134e+01,0.000000000000000000e+00,0.000000000000000000e+00
1.577284655480490017e+02,2.313263301845785325e+00,0.000000000000000000e+00,0.000000000000000000e+00
1.154196102169651255e+02,-1.051050527385040851e+02,0.000000000000000000e+00,0.000000000000000000e+00
1.157701702646969295e+02,-4.327702385040927169e+01,0.000000000000000000e+00,0.000000000000000000e+00
1.627549547947930080e+02,9.380531069955841517e+00,0.000000000000000000e+00,0.000000000000000000e+00
2.566389712682421873e+02,6.045616654181671379e+01,1.000000000000000000e+00,0.000000000000000000e+00
9.918351824018211005e+01,-8.638870534702290627e+01,0.000000000000000000e+00,0.000000000000000000e+00
1.076351014437359197e+02,-9.767262114663918737e+01,0.000000000000000000e+00,0.000000000000000000e+00
1.055980117733497536e+02,-9.235804480413696638e+01,0.000000000000000000e+00,0.000000000000000000e+00
8.822129427135367052e+01,-8.014404315536411616e+01,0.000000000000000000e+00,0.000000000000000000e+00
1.171878277173753276e+02,-1.057427454810067076e+02,0.000000000000000000e+00,1.000000000000000000e+00
3.409444461151891801e+02,6.607004162139723746e+01,1.000000000000000000e+00,1.000000000000000000e+00
1.415528047683547186e+02,-2.163523063320224793e+01,0.000000000000000000e+00,0.000000000000000000e+00
1.290018418107944740e+02,-4.209301970943263171e+01,0.000000000000000000e+00,0.000000000000000000e+00
9.285034678359856741e+01,-8.400376872561440678e+01,0.000000000000000000e+00,0.000000000000000000e+00
1.446233557932614531e+02,-1.051616846519438120e+01,0.000000000000000000e+00,0.000000000000000000e+00
1.104992679230472277e+02,-7.289100288434600827e+01,0.000000000000000000e+00,0.000000000000000000e+00
1.775453931931087084e+02,1.120614322353192804e+01,0.000000000000000000e+00,0.000000000000000000e+00
2.173739667694341620e+02,-2.322570012548070295e+01,0.000000000000000000e+00,0.000000000000000000e+00
2.206060290072412613e+02,2.573240893518658012e+01,1.000000000000000000e+00,1.000000000000000000e+00
8.340659854816841801e+01,-7.595678616514003068e+01,0.000000000000000000e+00,0.000000000000000000e+00
1.199392692164676077e+02,-1.076228078526209941e+02,0.000000000000000000e+00,0.000000000000000000e+00
1.292707204410645829e+02,-5.418382050693963237e+01,0.000000000000000000e+00,0.000000000000000000e+00
1.713933162081978310e+02,8.505914902924368803e+00,0.000000000000000000e+00,0.000000000000000000e+00
3.479683712788008165e+02,1.329539662317393436e+02,1.000000000000000000e+00,0.000000000000000000e+00
1.452892030643604073e+02,-4.139869373866700641e+01,0.000000000000000000e+00,0.000000000000000000e+00
1.795954965324643240e+02,1.502976546009236714e+01,0.000000000000000000e+00,0.000000000000000000e+00
1.102925654474242094e+02,-9.882207037028157970e+01,0.000000000000000000e+00,1.000000000000000000e+00
1.155501880186907897e+02,-1.033578417632334663e+02,0.000000000000000000e+00,0.000000000000000000e+00
1.724815114108073431e+02,-1.462816628083808723e+02,0.000000000000000000e+00,1.000000000000000000e+00
1.392444901964461792e+02,-1.208248122578229697e+02,0.000000000000000000e+00,1.000000000000000000e+00
9.927057792962096983e+01,-8.682360715286819186e+01,0.000000000000000000e+00,0.000000000000000000e+00
1.175886220584089301e+02,-1.052672644241395261e+02,0.000000000000000000e+00,0.000000000000000000e+00
1.006033339035114409e+02,-9.112557224130291900e+01,0.000000000000000000e+00,0.000000000000000000e+00
5.153890277710669352e+02,3.431554920235628288e+02,1.000000000000000000e+00,1.000000000000000000e+00
8.488369437573011567e+01,-7.521170976877377257e+01,0.000000000000000000e+00,0.000000000000000000e+00
1.230704222641965515e+02,-1.099397021095348776e+02,0.000000000000000000e+00,1.000000000000000000e+00
9.468661598913607236e+01,-8.508625404366995326e+01,0.000000000000000000e+00,0.000000000000000000e+00
2.580584465406287791e+02,-1.993398282779196862e+01,1.000000000000000000e+00,1.000000000000000000e+00
5.250807674416539328e+01,-4.606092320173816290e+01,0.000000000000000000e+00,0.000000000000000000e+00
1.165459574195960073e+02,-1.025006794491728925e+02,0.000000000000000000e+00,1.000000000000000000e+00
2.042589221045596446e+02,8.090955668237608478e+00,0.000000000000000000e+00,0.000000000000000000e+00
1.213157764562718199e+02,-1.090658494286627871e+02,0.000000000000000000e+00,1.000000000000000000e+00
1.555540344734138500e+02,1.611700000820746226e+01,0.000000000000000000e+00,0.000000000000000000e+00
2.687892070107182576e+02,7.057936835085529026e+01,1.000000000000000000e+00,0.000000000000000000e+00
2.767656772806817003e+02,2.501257474342491349e+00,1.000000000000000000e+00,1.000000000000000000e+00
8.171367968626877598e+01,-7.504886537599234941e+01,0.000000000000000000e+00,0.000000000000000000e+00
8.971336363960604388e+01,-4.464588032634960513e+01,0.000000000000000000e+00,0.000000000000000000e+00
1.440400863326849503e+02,-1.281018107732794249e+02,0.000000000000000000e+00,1.000000000000000000e+00
1.696584202033830877e+02,1.087275758510530821e+01,0.000000000000000000e+00,0.000000000000000000e+00
1.069748342623611990e+02,-9.498111944180053001e+01,0.000000000000000000e+00,0.000000000000000000e+00
6.774186733010472494e+01,-5.929234116863541715e+01,0.000000000000000000e+00,0.000000000000000000e+00
1.151646734168143666e+02,-1.004785231736781554e+02,0.000000000000000000e+00,0.000000000000000000e+00
2.203211815497259920e+02,-2.664937053673224199e+01,0.000000000000000000e+00,1.000000000000000000e+00
1.235726814443359700e+02,-1.074842872146481341e+02,0.000000000000000000e+00,1.000000000000000000e+00
1.097826646400693562e+02,-9.530154051440263174e+01,0.000000000000000000e+00,0.000000000000000000e+00
3.470717406546872326e+02,8.622522027271614320e+01,1.000000000000000000e+00,1.000000000000000000e+00
1.150565561096046707e+02,-4.655191642539122654e+01,0.000000000000000000e+00,0.000000000000000000e+00
3.172481900376816952e+02,8.365074857650493811e+01,1.000000000000000000e+00,0.000000000000000000e+00
2.191487172996848187e+02,4.871328064643764577e+01,1.000000000000000000e+00,0.000000000000000000e+00
1.996650516437213412e+02,3.466830740315779025e+01,1.000000000000000000e+00,0.000000000000000000e+00
2.692865857951724706e+02,2.173632001391280610e+01,1.000000000000000000e+00,1.000000000000000000e+00
3.636510706379271483e+02,1.077294492980888236e+02,1.000000000000000000e+00,1.000000000000000000e+00
1.047088278638248369e+02,-9.222514706089587833e+01,0.000000000000000000e+00,0.000000000000000000e+00
1.010679095732098887e+02,-8.991782926719653801e+01,0.000000000000000000e+00,0.000000000000000000e+00
9.921242747559327313e+01,-8.657206403173711351e+01,0.000000000000000000e+00,0.000000000000000000e+00
1.957358167602879462e+02,-1.088595485073436819e+01,0.000000000000000000e+00,1.000000000000000000e+00
5.308919059148504971e+01,-4.635276292670163656e+01,0.000000000000000000e+00,0.000000000000000000e+00
1.426720691429259489e+02,-1.279145771122919228e+02,0.000000000000000000e+00,0.000000000000000000e+00
1.001064375334544536e+02,-8.985410375687173712e+01,0.000000000000000000e+00,0.000000000000000000e+00
1.353384503717003327e+02,-1.910725899437730035e+01,0.000000000000000000e+00,0.000000000000000000e+00
2.570668488060629215e+02,-3.257308931399060015e+01,1.000000000000000000e+00,1.000000000000000000e+00
2.627869672514707418e+02,2.594695453179880928e+01,1.000000000000000000e+00,0.000000000000000000e+00
1.594559259994644549e+02,-4.663656309428676394e+01,0.000000000000000000e+00,0.000000000000000000e+00
9.046734128061056879e+01,-7.948763334811697234e+01,0.000000000000000000e+00,0.000000000000000000e+00
4.058005655206424933e+01,-3.640559402963445734e+01,0.000000000000000000e+00,1.000000000000000000e+00
1.469690350688584601e+02,-2.475061726243871618e+01,0.000000000000000000e+00,0.000000000000000000e+00
1.026698488387990409e+02,-9.013906899887257396e+01,0.000000000000000000e+00,0.000000000000000000e+00
8.570819378244192421e+01,-7.842793779494755313e+01,0.000000000000000000e+00,0.000000000000000000e+00
2.158159428864656775e+02,-7.007135861612815120e+01,0.000000000000000000e+00,1.000000000000000000e+00
2.238471012193812726e+02,2.973406533443893807e+01,1.000000000000000000e+00,0.000000000000000000e+00
1.300732126104161352e+02,-1.300862818102839036e+01,0.000000000000000000e+00,0.000000000000000000e+00
1.150210683917291448e+02,-1.042886861180841436e+02,0.000000000000000000e+00,0.000000000000000000e+00
9.221412410670809834e+01,-8.172433751971543359e+01,0.000000000000000000e+00,1.000000000000000000e+00
2.548353532408612807e+02,5.527729497689624338e+01,1.000000000000000000e+00,0.000000000000000000e+00
9.261629296327272698e+01,-8.445609043929550808e+01,0.000000000000000000e+00,0.000000000000000000e+00
8.518514127306798400e+01,-7.651290798551201533e+01,0.000000000000000000e+00,0.000000000000000000e+00
1.466096715557474681e+02,-1.457606279021022644e+01,0.000000000000000000e+00,0.000000000000000000e+00
2.056874816536454489e+02,-4.116470972148556484e+01,0.000000000000000000e+00,1.000000000000000000e+00
2.461088572828352596e+02,2.495255309399395216e+00,1.000000000000000000e+00,1.000000000000000000e+00
1.207128019148304929e+02,-1.090867659320286407e+02,0.000000000000000000e+00,0.000000000000000000e+00
7.933020769198154198e+01,-7.220241625326272583e+01,0.000000000000000000e+00,0.000000000000000000e+00
3.397153239480267644e+02,1.316989984796193482e+02,1.000000000000000000e+00,0.000000000000000000e+00
1.211512040345644863e+02,-1.878631158341712748e+01,0.000000000000000000e+00,0.000000000000000000e+00
2.031460174872212576e+02,-5.411188784516521189e+00,0.000000000000000000e+00,0.000000000000000000e+00
7.482722147710450145e+01,-6.516410336978177043e+01,0.000000000000000000e+00,0.000000000000000000e+00
1.169286410760115160e+02,-1.049784348074459501e+02,0.000000000000000000e+00,1.000000000000000000e+00
1.058885127810974041e+02,-9.421520368418609337e+01,0.000000000000000000e+00,0.000000000000000000e+00
8.309827067163773506e+01,-7.332497046686056308e+01,0.000000000000000000e+00,0.000000000000000000e+00
1.444293947333134156e+02,-1.820040359733482305e+01,0.000000000000000000e+00,0.000000000000000000e+00
1.761315097972981221e+02,-1.600772132921206037e+01,0.000000000000000000e+00,0.000000000000000000e+00
2.311581747550827401e+02,4.740096862873684103e+01,1.000000000000000000e+00,0.000000000000000000e+00
9.955843923413897301e+01,-8.925761392935649496e+01,0.000000000000000000e+00,0.000000000000000000e+00
1.763251509581925234e+02,-1.402989607117612003e+01,0.000000000000000000e+00,0.000000000000000000e+00
1.029513336178305991e+02,-9.247275871588492180e+01,0.000000000000000000e+00,0.000000000000000000e+00
1.357732409037938339e+02,-3.131503065031323985e+01,0.000000000000000000e+00,0.000000000000000000e+00
6.608944749259978835e+01,-5.801741544665375017e+01,0.000000000000000000e+00,0.000000000000000000e+00
1.162619024323170862e+02,-2.732032071950203900e+01,0.000000000000000000e+00,0.000000000000000000e+00
9.063682512369912558e+01,-7.878913041830524833e+01,0.000000000000000000e+00,1.000000000000000000e+00
1.075008721018982385e+02,-9.764039639760868283e+01,0.000000000000000000e+00,0.000000000000000000e+00
6.974670870126284683e+01,-6.476707568631644563e+01,0.000000000000000000e+00,0.000000000000000000e+00
2.583710008731717380e+02,5.276926152228104172e+01,1.000000000000000000e+00,0.000000000000000000e+00
2.301637575655886394e+02,4.679527123269177302e+00,1.000000000000000000e+00,1.000000000000000000e+00
2.471170514400439799e+02,6.865136425616411486e+01,1.000000000000000000e+00,1.000000000000000000e+00
2.417378574909049860e+02,4.008565133802412106e+01,1.000000000000000000e+00,1.000000000000000000e+00
1.028313448253807820e+02,-9.165805711043624626e+01,0.000000000000000000e+00,1.000000000000000000e+00
1.324939658531512237e+02,-4.318596403149980745e+01,0.000000000000000000e+00,0.000000000000000000e+00
1.442383322953743061e+02,-2.615160298101581304e+01,0.000000000000000000e+00,0.000000000000000000e+00
3.100739898559081098e+02,2.704720511577226816e+01,1.000000000000000000e+00,1.000000000000000000e+00
2.970553420050700311e+02,1.394726987495810810e+01,1.000000000000000000e+00,1.000000000000000000e+00
2.261804875691121595e+02,2.171594116448647682e+01,1.000000000000000000e+00,0.000000000000000000e+00
1.917747957013168048e+02,-7.870179547324961788e+01,0.000000000000000000e+00,0.000000000000000000e+00
1.682996428552073098e+02,-1.481238089495180930e+02,0.000000000000000000e+00,0.000000000000000000e+00
2.308257781717625789e+02,-1.549976861351155222e+01,1.000000000000000000e+00,0.000000000000000000e+00
1.325231117660431721e+02,-1.154129664587404278e+02,0.000000000000000000e+00,0.000000000000000000e+00
1.216391210059058920e+02,-1.054675060804321873e+02,0.000000000000000000e+00,0.000000000000000000e+00
1.087581514384874311e+02,-9.505844130118529733e+01,0.000000000000000000e+00,0.000000000000000000e+00
1.275021569707657250e+02,-1.149911663952127299e+02,0.000000000000000000e+00,0.000000000000000000e+00
1.007054695420458330e+02,-9.000107212089456254e+01,0.000000000000000000e+00,0.000000000000000000e+00
1.301044803286953595e+02,-1.153585537190713097e+02,0.000000000000000000e+00,0.000000000000000000e+00
2.336874242754353759e+02,4.931027840195940826e+01,1.000000000000000000e+00,1.000000000000000000e+00
1.799109745596345533e+02,-1.288308664521306568e+01,0.000000000000000000e+00,0.000000000000000000e+00
1.675436865348666799e+02,-4.704242710815577055e+01,0.000000000000000000e+00,0.000000000000000000e+00
1.289721186558043939e+02,-1.143634091352953561e+02,0.000000000000000000e+00,0.000000000000000000e+00
3.533147326970701556e+02,1.259022531856424933e+02,1.000000000000000000e+00,1.000000000000000000e+00
1.203918484798438868e+02,-1.054516298251109419e+02,0.000000000000000000e+00,0.000000000000000000e+00
1.161607266859766838e+02,-3.720820480974479239e+01,0.000000000000000000e+00,0.000000000000000000e+00
1.757797860805557377e+02,1.137129517222907538e+01,0.000000000000000000e+00,0.000000000000000000e+00
1.016719392294532440e+02,-8.857950016791332359e+01,0.000000000000000000e+00,1.000000000000000000e+00
2.874143374577367922e+02,8.119621546061675588e+01,1.000000000000000000e+00,1.000000000000000000e+00
4.392653429324940930e+02,2.535583336997770232e+02,1.000000000000000000e+00,0.000000000000000000e+00
3.292010195316194086e+02,6.272169971631104346e+01,1.000000000000000000e+00,0.000000000000000000e+00
9.621191709870343800e+01,-8.540458808800462975e+01,0.000000000000000000e+00,0.000000000000000000e+00
1.621525866328391032e+02,-1.449116715669945279e+02,0.000000000000000000e+00,0.000000000000000000e+00
1.299809059572864385e+02,-2.647001778084572265e+01,0.000000000000000000e+00,0.000000000000000000e+00
2.226816114661683628e+02,-4.950870640933493938e+00,1.000000000000000000e+00,1.000000000000000000e+00
9.843759581949682058e+01,-8.845970007538647906e+01,0.000000000000000000e+00,0.000000000000000000e+00
1.143673125621274664e+02,-1.032297481162383548e+02,0.000000000000000000e+00,0.000000000000000000e+00
8.140177026159553009e+01,-5.263723095546490782e+01,0.000000000000000000e+00,0.000000000000000000e+00
1.124759419277600045e+02,-1.001086700887728398e+02,0.000000000000000000e+00,1.000000000000000000e+00
8.259891910219791100e+01,-7.190015951474885014e+01,0.000000000000000000e+00,1.000000000000000000e+00
2.197672552036607385e+02,2.006062436809388672e+01,1.000000000000000000e+00,0.000000000000000000e+00
9.332670097935363174e+01,-8.285802530144758293e+01,0.000000000000000000e+00,0.000000000000000000e+00
1.588491281998855698e+02,-1.419140923989560861e+02,0.000000000000000000e+00,0.000000000000000000e+00
1.713393953355584642e+02,2.278195376078540502e+00,0.000000000000000000e+00,0.000000000000000000e+00
9.677502934540515867e+01,-8.651841539396096437e+01,0.000000000000000000e+00,0.000000000000000000e+00
1.373299742786937543e+02,-4.834035920176235379e+01,0.000000000000000000e+00,0.000000000000000000e+00
1.076540741969515977e+02,-9.596217468480320179e+01,0.000000000000000000e+00,0.000000000000000000e+00
1.165880404714639553e+02,-1.040692502791451091e+02,0.000000000000000000e+00,0.000000000000000000e+00
1.190673764167312925e+02,-1.071882357576590010e+02,0.000000000000000000e+00,0.000000000000000000e+00
9.006015247224236475e+01,-7.924077940415337196e+01,0.000000000000000000e+00,0.000000000000000000e+00
1.021252806124992247e+02,-9.159142903790232992e+01,0.000000000000000000e+00,1.000000000000000000e+00
1.630134067671934019e+02,-2.291192884654314810e+01,0.000000000000000000e+00,0.000000000000000000e+00
9.687230113349710336e+01,-8.648781376049811342e+01,0.000000000000000000e+00,0.000000000000000000e+00
2.379600026901944716e+02,3.338700836630493285e+01,1.000000000000000000e+00,0.000000000000000000e+00
8.716821763815664781e+01,-7.858565667788582232e+01,0.000000000000000000e+00,0.000000000000000000e+00
9.999350923327959606e+01,-9.029005192369392319e+01,0.000000000000000000e+00,1.000000000000000000e+00
1.017467136484098091e+02,-9.216612131766031268e+01,0.000000000000000000e+00,0.000000000000000000e+00
1.383829307343004302e+02,-3.475066033475368954e+01,0.000000000000000000e+00,0.000000000000000000e+00
1.613985452387929911e+02,-2.106353877985676348e+01,0.000000000000000000e+00,1.000000000000000000e+00
1.263629614024264924e+02,-5.117469400736147378e+01,0.000000000000000000e+00,0.000000000000000000e+00
1.726619154091155508e+02,-1.347641582551776374e+01,0.000000000000000000e+00,0.000000000000000000e+00
1.122543753174778942e+02,-1.001781088464470457e+02,0.000000000000000000e+00,0.000000000000000000e+00
1.308414870943327628e+02,-1.174462038144731082e+02,0.000000000000000000e+00,1.000000000000000000e+00
6.515072962776449117e+01,-5.718825128125396162e+01,0.000000000000000000e+00,0.000000000000000000e+00
2.009330194311523599e+02,2.551257802820245146e+01,1.000000000000000000e+00,0.000000000000000000e+00
4.285557848927455211e+02,2.089408301267859827e+02,1.000000000000000000e+00,0.000000000000000000e+00
2.346887501220826096e+02,-1.512586189274471415e+01,1.000000000000000000e+00,1.000000000000000000e+00
2.465958445214395454e+02,-3.011689904508831006e+00,1.000000000000000000e+00,1.000000000000000000e+00
2.140920970696879237e+02,-1.542512669101903988e+01,0.000000000000000000e+00,1.000000000000000000e+00
9.727343303377985251e+01,-8.507270612792851239e+01,0.000000000000000000e+00,0.000000000000000000e+00
1.513573601963008173e+02,2.258350856245270877e-01,0.000000000000000000e+00,0.000000000000000000e+00
1.752186944950211114e+02,-1.292755140392315205e+01,0.000000000000000000e+00,0.000000000000000000e+00
1.667191280184486573e+02,-4.319542693655809273e+01,0.000000000000000000e+00,0.000000000000000000e+00
1.011450060861111098e+02,-9.006027450066673623e+01,0.000000000000000000e+00,0.000000000000000000e+00
1.908317236811578823e+02,1.192752579507766164e+01,0.000000000000000000e+00,0.000000000000000000e+00
4.842228408879134918e+02,2.931472102247375346e+02,1.000000000000000000e+00,1.000000000000000000e+00
1.527575945439989482e+02,-1.353342332911159929e+01,0.000000000000000000e+00,0.000000000000000000e+00
2.519968852932109371e+02,4.518991607500480967e+01,1.000000000000000000e+00,0.000000000000000000e+00
1.290187816006450419e+02,-1.170474570405034456e+02,0.000000000000000000e+00,0.000000000000000000e+00
1.369664402049956777e+02,-2.777501718994034619e+01,0.000000000000000000e+00,1.000000000000000000e+00
1.419094712864113887e+02,-1.272617786880750117e+02,0.000000000000000000e+00,0.000000000000000000e+00
1.641711447408886215e+02,-1.419027536684138511e+02,0.000000000000000000e+00,1.000000000000000000e+00
3.104220993064653840e+02,3.452981703980039185e+01,1.000000000000000000e+00,1.000000000000000000e+00
2.207330474383500416e+02,-2.016119517835443986e+01,0.000000000000000000e+00,1.000000000000000000e+00
1.078190563801535831e+02,-9.383577848406376631e+01,0.000000000000000000e+00,1.000000000000000000e+00
1.983217359736997025e+02,2.271192745249617673e+00,0.000000000000000000e+00,0.000000000000000000e+00
1.359932786428140048e+02,-1.214120622041838544e+02,0.000000000000000000e+00,1.000000000000000000e+00
1.064427819461408262e+02,-9.388641113888371592e+01,0.000000000000000000e+00,1.000000000000000000e+00
2.222167186949982352e+02,5.734327295985737294e+01,1.000000000000000000e+00,0.000000000000000000e+00
2.036200144986688088e+02,-4.609587842470617147e+01,0.000000000000000000e+00,0.000000000000000000e+00
2.526007993468298309e+02,1.257847684461082194e+00,1.000000000000000000e+00,0.000000000000000000e+00
8.945679795117592903e+01,-7.926462786441486230e+01,0.000000000000000000e+00,0.000000000000000000e+00
1.263773673735892515e+02,-4.859303442642386983e+01,0.000000000000000000e+00,0.000000000000000000e+00
2.855011223611067521e+02,6.788934968130119785e+01,1.000000000000000000e+00,0.000000000000000000e+00
1.007384317487244800e+02,-9.240139780145410953e+01,0.000000000000000000e+00,0.000000000000000000e+00
1.543428862741683361e+02,-1.365278349500010222e+02,0.000000000000000000e+00,1.000000000000000000e+00
1.382382993385632801e+02,-1.241334433017174774e+02,0.000000000000000000e+00,1.000000000000000000e+00
8.744936588813310152e+01,-7.851476278190958169e+01,0.000000000000000000e+00,0.000000000000000000e+00
1.022337347600131210e+02,-9.090094793606722590e+01,0.000000000000000000e+00,1.000000000000000000e+00
2.670540998249541644e+02,1.171567009951500609e+02,1.000000000000000000e+00,0.000000000000000000e+00
9.401480640384781395e+01,-2.272017904199068639e+01,0.000000000000000000e+00,0.000000000000000000e+00
1.421393564906081792e+02,-1.236688994016223688e+02,0.000000000000000000e+00,1.000000000000000000e+00
1.650236987058027012e+02,-4.413083430336842028e+00,0.000000000000000000e+00,0.000000000000000000e+00
1.139505325722099229e+02,-1.021300926530975204e+02,0.000000000000000000e+00,1.000000000000000000e+00
1.230848351643460603e+02,-1.113841638212341962e+02,0.000000000000000000e+00,0.000000000000000000e+00
2.528660111449640908e+02,5.032201164565853446e+01,1.000000000000000000e+00,0.000000000000000000e+00
1.093563545815590601e+02,-9.730984989957471498e+01,0.000000000000000000e+00,0.000000000000000000e+00
9.447206494692539991e+01,-8.292258685031519860e+01,0.000000000000000000e+00,0.000000000000000000e+00
2.413548398723272612e+02,2.746387617726552932e+01,1.000000000000000000e+00,0.000000000000000000e+00
2.559928168848916528e+02,1.503110227135715604e+01,1.000000000000000000e+00,1.000000000000000000e+00
1.027900365542927545e+02,-9.279308314599219898e+01,0.000000000000000000e+00,0.000000000000000000e+00
1.503518718027320062e+02,-1.354467926468273618e+02,0.000000000000000000e+00,1.000000000000000000e+00
1.750530140265952639e+02,-2.690889698498236626e+01,0.000000000000000000e+00,0.000000000000000000e+00
2.043394151972684938e+02,-1.207952263715717045e+01,0.000000000000000000e+00,1.000000000000000000e+00
8.376907443812093845e+01,-7.530501279426236749e+01,0.000000000000000000e+00,0.000000000000000000e+00
4.506524973293740004e+02,2.407057187259148918e+02,1.000000000000000000e+00,1.000000000000000000e+00
2.243214158092171431e+02,-3.104724443899121766e+01,0.000000000000000000e+00,1.000000000000000000e+00
6.873443774596209721e+01,-5.989350733203468735e+01,0.000000000000000000e+00,0.000000000000000000e+00
2.222677629230404932e+02,9.105699895910397856e+00,1.000000000000000000e+00,0.000000000000000000e+00
1.079942000019554627e+02,-9.665328065551652514e+01,0.000000000000000000e+00,0.000000000000000000e+00
2.466021383519693870e+02,4.906099058634220711e+01,1.000000000000000000e+00,0.000000000000000000e+00
1.196630660459790789e+02,-1.055647064687923233e+02,0.000000000000000000e+00,1.000000000000000000e+00
1.509898769906241967e+02,-1.330917699310213038e+02,0.000000000000000000e+00,1.000000000000000000e+00
9.250662042932808049e+01,-8.105988061107662190e+01,0.000000000000000000e+00,0.000000000000000000e+00
1.711916583946918138e+02,-1.820054893393390572e+01,0.000000000000000000e+00,0.000000000000000000e+00
9.162691966428812407e+01,-8.055837600418854549e+01,0.000000000000000000e+00,0.000000000000000000e+00
7.615914000933300088e+01,-6.647827986087960994e+01,0.000000000000000000e+00,1.000000000000000000e+00
3.273216150132519147e+02,1.582138301470370720e+02,1.000000000000000000e+00,0.000000000000000000e+00
1.404601452569561957e+02,-1.254758541394352847e+02,0.000000000000000000e+00,1.000000000000000000e+00
1.985402319558380668e+02,3.863341837246127142e+01,1.000000000000000000e+00,1.000000000000000000e+00
3.859363484202323775e+02,1.749492075806070375e+02,1.000000000000000000e+00,0.000000000000000000e+00
1.332391561912895384e+02,-8.825032604354477428e+01,0.000000000000000000e+00,0.000000000000000000e+00
1.177508157770289898e+02,-1.026423735572001306e+02,0.000000000000000000e+00,1.000000000000000000e+00
3.050234515547719525e+02,1.190473553995554283e+02,1.000000000000000000e+00,0.000000000000000000e+00
9.802243139983502829e+01,-8.838483330048727282e+01,0.000000000000000000e+00,0.000000000000000000e+00
4.068575704828567154e+02,1.651304911493651559e+02,1.000000000000000000e+00,1.000000000000000000e+00
2.707881339926420878e+02,9.180289201570557722e+00,1.000000000000000000e+00,1.000000000000000000e+00
9.742897123463595221e+01,-8.741523563775051286e+01,0.000000000000000000e+00,0.000000000000000000e+00
2.197444609719277651e+02,4.522898949015896619e+01,1.000000000000000000e+00,0.000000000000000000e+00
1.029168399125476441e+02,-9.154603035693830293e+01,0.000000000000000000e+00,1.000000000000000000e+00
9.282555452562715459e+01,-8.315767751791395312e+01,0.000000000000000000e+00,0.000000000000000000e+00
2.388288104691655178e+02,5.693253158770714606e+01,1.000000000000000000e+00,0.000000000000000000e+00
2.140166077793579973e+02,-1.901956676833839666e+01,0.000000000000000000e+00,1.000000000000000000e+00
1.874791486729026815e+02,-2.590881367820981040e+01,0.000000000000000000e+00,0.000000000000000000e+00
1.129320727654912702e+02,-1.024481526053580751e+02,0.000000000000000000e+00,0.000000000000000000e+00
1.127170031435896789e+02,-9.863409904694771058e+01,0.000000000000000000e+00,0.000000000000000000e+00
2.304120506221624396e+02,3.675991137910905593e+01,1.000000000000000000e+00,0.000000000000000000e+00
1.273484307588629036e+02,-1.117590037317832667e+02,0.000000000000000000e+00,0.000000000000000000e+00
1.452882054712939066e+02,-1.290842066876572574e+02,0.000000000000000000e+00,0.000000000000000000e+00
8.285691575731860326e+01,-7.413148718049052377e+01,0.000000000000000000e+00,0.000000000000000000e+00
1.717960374384754800e+02,-4.643951491395293374e+01,0.000000000000000000e+00,1.000000000000000000e+00
1.115457515006484215e+02,-1.001327646052620679e+02,0.000000000000000000e+00,1.000000000000000000e+00
2.320878214894296150e+02,-4.340748455298588482e+01,0.000000000000000000e+00,1.000000000000000000e+00
2.050302206640276665e+02,3.969661288984371339e+01,1.000000000000000000e+00,0.000000000000000000e+00
1.025840887589748434e+02,-9.305288537352946321e+01,0.000000000000000000e+00,0.000000000000000000e+00
9.294501493887545962e+01,-8.112932279358062715e+01,0.000000000000000000e+00,0.000000000000000000e+00
1.973374073373219915e+02,-1.399936950841511951e+01,0.000000000000000000e+00,0.000000000000000000e+00
7.918270066006371621e+01,-7.094630128871493469e+01,0.000000000000000000e+00,0.000000000000000000e+00
1.986282358514419570e+02,3.774997324964456880e+01,1.000000000000000000e+00,0.000000000000000000e+00
1.011627050409861823e+02,-9.148171620902552093e+01,0.000000000000000000e+00,1.000000000000000000e+00
2.194707229236854289e+02,6.255975932903136361e+00,1.000000000000000000e+00,1.000000000000000000e+00
1.516295780941186138e+02,-7.997244230183993885e+00,0.000000000000000000e+00,0.000000000000000000e+00
1.739963733812482189e+02,1.206836064190935254e+00,0.000000000000000000e+00,0.000000000000000000e+00
1.310116816703276470e+02,-1.180107606098337527e+02,0.000000000000000000e+00,1.000000000000000000e+00
2.343153901610984917e+02,-1.962230673864080543e+01,1.000000000000000000e+00,0.000000000000000000e+00
1.759595891612480045e+02,-1.587872864882957380e+01,0.000000000000000000e+00,0.000000000000000000e+00
1.396603864902385794e+02,-1.219548615936343054e+02,0.000000000000000000e+00,1.000000000000000000e+00
1.300937964910333733e+02,-3.818442889321555356e+01,0.000000000000000000e+00,0.000000000000000000e+00
2.859201471371415550e+02,1.485522734811214640e+01,1.000000000000000000e+00,1.000000000000000000e+00
1.332082641793197695e+02,-1.187265459079974192e+02,0.000000000000000000e+00,1.000000000000000000e+00
1.163992671476462277e+02,-1.036435777396872879e+02,0.000000000000000000e+00,1.000000000000000000e+00
1.654347976467958290e+02,-4.626742905119617433e+01,0.000000000000000000e+00,0.000000000000000000e+00
9.876634348371715078e+01,-8.659365057105766539e+01,0.000000000000000000e+00,0.000000000000000000e+00
4.954613556261570579e+02,2.437702733669820532e+02,1.000000000000000000e+00,1.000000000000000000e+00
1.378795976484902326e+02,-1.210173406116642809e+02,0.000000000000000000e+00,1.000000000000000000e+00
1.980312111357632432e+02,-2.761616403009084664e+01,0.000000000000000000e+00,1.000000000000000000e+00
1.314190459427967426e+02,-1.151016690459323115e+02,0.000000000000000000e+00,0.000000000000000000e+00
1.145601632078359131e+02,-1.032293990167288058e+02,0.000000000000000000e+00,1.000000000000000000e+00
1.014401466202868676e+02,-9.121161287075466362e+01,0.000000000000000000e+00,0.000000000000000000e+00
1.650263327757802188e+02,-1.478604225519025022e+02,0.000000000000000000e+00,1.000000000000000000e+00
9.573516517077057131e+01,-6.255991456113666516e+01,0.000000000000000000e+00,0.000000000000000000e+00
1.478383161563116914e+02,-1.294697952248199044e+02,0.000000000000000000e+00,1.000000000000000000e+00
8.507739060594096259e+01,-7.683823136021221956e+01,0.000000000000000000e+00,0.000000000000000000e+00
2.283804669968735936e+02,3.849608425960263958e+01,1.000000000000000000e+00,0.000000000000000000e+00
1.124913802847285780e+02,-9.860354245317898858e+01,0.000000000000000000e+00,0.000000000000000000e+00
1.850852705959559898e+02,-1.407702863751525868e+01,0.000000000000000000e+00,0.000000000000000000e+00
1.105930841085998395e+02,-9.913774068077367474e+01,0.000000000000000000e+00,1.000000000000000000e+00
9.333679464749360477e+01,-8.170638068584048597e+01,0.000000000000000000e+00,0.000000000000000000e+00
