-2.165661914653111905e-02,4.350836112972141650e-02,0.000000000000000000e+00,1.000000000000000000e+00
-2.712814937016453862e-02,-3.300509291832079417e-02,1.000000000000000000e+00,0.000000000000000000e+00
-1.964159913506901764e-02,8.123643530640069221e-02,0.000000000000000000e+00,1.000000000000000000e+00
1.612195886441657134e-03,-4.137192126771033207e-02,1.000000000000000000e+00,0.000000000000000000e+00
2.805108099126876406e-02,2.003773608474827307e-03,0.000000000000000000e+00,1.000000000000000000e+00
-2.497375579604867515e-02,5.781154785547102347e-03,1.000000000000000000e+00,0.000000000000000000e+00
-1.111431478092612555e-03,-5.549403708095125565e-02,1.000000000000000000e+00,1.000000000000000000e+00
-2.591421959985185791e-02,-7.247936953981459762e-03,1.000000000000000000e+00,0.000000000000000000e+00
1.474547885713025364e-01,3.075642371437814493e-02,0.000000000000000000e+00,1.000000000000000000e+00
-2.398950196891739065e-02,2.242554743051472510e-02,1.000000000000000000e+00,1.000000000000000000e+00
-2.515702354143113662e-02,2.549194351005106777e-03,1.000000000000000000e+00,0.000000000000000000e+00
-2.062511211123587568e-02,6.690369920409243443e-02,0.000000000000000000e+00,1.000000000000000000e+00
-2.284324954571959748e-02,3.785415408398325188e-02,0.000000000000000000e+00,0.000000000000000000e+00
2.384306396395348970e-01,-1.565040144620966425e-02,0.000000000000000000e+00,1.000000000000000000e+00
3.268234057665487385e-02,4.300623739383536981e-02,0.000000000000000000e+00,1.000000000000000000e+00
-2.715520480021029956e-02,-2.432809991980394368e-02,1.000000000000000000e+00,1.000000000000000000e+00
4.608584118735036678e-02,-2.121719161397396872e-02,1.000000000000000000e+00,1.000000000000000000e+00
-2.567225976180127767e-02,-4.100860575414272229e-03,1.000000000000000000e+00,1.000000000000000000e+00
-6.215035193794487666e-04,-2.817052620062936164e-02,1.000000000000000000e+00,0.000000000000000000e+00
4.611974294209652755e-03,-9.436099952480622027e-03,1.000000000000000000e+00,1.000000000000000000e+00
4.814386001214523286e-02,-1.252587361173068507e-02,0.000000000000000000e+00,0.000000000000000000e+00
-2.604047730643584482e-02,-8.108410093369409349e-03,1.000000000000000000e+00,0.000000000000000000e+00
-1.809047136694580740e-02,1.028742572336117100e-01,0.000000000000000000e+00,1.000000000000000000e+00
-2.408050767705133266e-02,7.934500280947701448e-03,1.000000000000000000e+00,1.000000000000000000e+00
2.256997313012330461e-02,2.373758797493842956e-02,0.000000000000000000e+00,1.000000000000000000e+00
1.117371618918200880e-02,1.463172450520355394e-03,1.000000000000000000e+00,1.000000000000000000e+00
-2.224688054834076528e-02,4.464016127831177405e-02,0.000000000000000000e+00,1.000000000000000000e+00
1.608707521953873718e-02,-3.752071680050407532e-02,1.000000000000000000e+00,0.000000000000000000e+00
1.136322646605514818e-02,2.976012106313894942e-02,0.000000000000000000e+00,0.000000000000000000e+00
-2.456005031990450560e-02,1.173594290412231789e-02,1.000000000000000000e+00,0.000000000000000000e+00
-2.486074887295620581e-02,1.664728177615334851e-03,1.000000000000000000e+00,0.000000000000000000e+00
5.351422940959276592e-02,2.099825185733521574e-02,0.000000000000000000e+00,1.000000000000000000e+00
-1.092830948371361320e-02,-3.797124783333042514e-02,1.000000000000000000e+00,0.000000000000000000e+00
-2.675553969491709094e-02,-1.935176750844792154e-02,1.000000000000000000e+00,0.000000000000000000e+00
-2.383336085727091533e-02,1.391649616731866802e-02,1.000000000000000000e+00,0.000000000000000000e+00
3.266274018579072569e-02,-3.746769961035111007e-02,1.000000000000000000e+00,0.000000000000000000e+00
-2.307010100651014223e-02,3.275746407974844399e-02,0.000000000000000000e+00,0.000000000000000000e+00
-2.535054784884159876e-02,-9.339976140947640545e-03,1.000000000000000000e+00,1.000000000000000000e+00
-2.643506647593584988e-02,-2.782917753569911015e-02,1.000000000000000000e+00,1.000000000000000000e+00
3.847690515007577694e-02,-2.460101528865240098e-02,1.000000000000000000e+00,1.000000000000000000e+00
1.812515574419947591e-03,6.674528330805130916e-02,0.000000000000000000e+00,0.000000000000000000e+00
-2.331969640215026535e-02,2.897327147519550630e-02,0.000000000000000000e+00,0.000000000000000000e+00
-2.518494514751315819e-02,-1.046314181684058434e-03,1.000000000000000000e+00,0.000000000000000000e+00
5.354728879687378762e-02,4.828631317837694947e-02,0.000000000000000000e+00,1.000000000000000000e+00
-2.151940065317188913e-02,5.523446613784731979e-02,0.000000000000000000e+00,0.000000000000000000e+00
-1.916313794488603076e-02,7.509395932404035190e-02,0.000000000000000000e+00,1.000000000000000000e+00
-2.273446455641774805e-02,3.713039100378311141e-02,0.000000000000000000e+00,0.000000000000000000e+00
-2.829664032262520570e-02,-4.964022417224694950e-02,1.000000000000000000e+00,0.000000000000000000e+00
-2.552557050278521367e-02,-1.171614675869340517e-02,1.000000000000000000e+00,1.000000000000000000e+00
-2.700262991848026081e-02,-2.157703178483761502e-02,1.000000000000000000e+00,0.000000000000000000e+00
-9.624255298351170121e-04,-2.095047121551237360e-02,1.000000000000000000e+00,0.000000000000000000e+00
-1.535495846442575668e-02,-2.184216984995128105e-02,1.000000000000000000e+00,0.000000000000000000e+00
-2.004105798548213094e-02,-3.207732873368604465e-02,1.000000000000000000e+00,0.000000000000000000e+00
7.203962656061542458e-02,4.244036070789446863e-02,0.000000000000000000e+00,1.000000000000000000e+00
8.241745711451586853e-02,1.578287007692933091e-04,0.000000000000000000e+00,0.000000000000000000e+00
-2.869335607471928604e-02,-4.998718101740641517e-02,1.000000000000000000e+00,0.000000000000000000e+00
7.387679909293795588e-02,4.790511328789987672e-02,0.000000000000000000e+00,1.000000000000000000e+00
8.420280445103933351e-03,-2.697686965253749333e-02,1.000000000000000000e+00,0.000000000000000000e+00
-2.224345774387683633e-02,4.453798124310221623e-02,0.000000000000000000e+00,0.000000000000000000e+00
1.785804468698606526e-02,-2.974506641630566411e-02,1.000000000000000000e+00,0.000000000000000000e+00
-2.873494255369199446e-02,-4.629326735585086172e-02,1.000000000000000000e+00,0.000000000000000000e+00
-2.350600078032609799e-02,2.691860889066152729e-02,0.000000000000000000e+00,1.000000000000000000e+00
-3.095517486755628225e-02,-7.784565151105718450e-02,1.000000000000000000e+00,0.000000000000000000e+00
1.625502475589049936e-02,1.227641846044812482e-02,0.000000000000000000e+00,0.000000000000000000e+00
-2.511105217289360050e-02,4.587100794004966148e-03,1.000000000000000000e+00,1.000000000000000000e+00
-2.589487127720883214e-02,-1.506534806083017868e-02,1.000000000000000000e+00,0.000000000000000000e+00
-2.479955730478207443e-02,-4.063155636705018505e-04,1.000000000000000000e+00,1.000000000000000000e+00
-2.505463788677150458e-02,5.605756820280759049e-03,1.000000000000000000e+00,0.000000000000000000e+00
-1.510614205338756295e-02,-2.657828197621389318e-02,1.000000000000000000e+00,0.000000000000000000e+00
8.423507829473101532e-03,2.727197923413651748e-02,0.000000000000000000e+00,0.000000000000000000e+00
1.322559515012541789e-03,-2.659413387790768649e-02,1.000000000000000000e+00,1.000000000000000000e+00
1.986484774193740185e-02,9.999965769936088392e-03,0.000000000000000000e+00,0.000000000000000000e+00
-2.375878240947551859e-02,2.311457794830578880e-02,1.000000000000000000e+00,1.000000000000000000e+00
5.861195213973943718e-02,-1.322761781145201723e-02,0.000000000000000000e+00,0.000000000000000000e+00
-2.750838848695900604e-02,-3.964120245589119323e-02,1.000000000000000000e+00,0.000000000000000000e+00
-3.448880230143371028e-02,-1.344801753589579263e-01,1.000000000000000000e+00,0.000000000000000000e+00
-2.920532766561062532e-02,-5.322115158035532062e-02,1.000000000000000000e+00,0.000000000000000000e+00
-2.612237188474188579e-02,-2.074978810479823771e-02,1.000000000000000000e+00,0.000000000000000000e+00
-2.458121458102931894e-02,1.077524322870891324e-02,1.000000000000000000e+00,1.000000000000000000e+00
-2.509371663029270547e-02,-2.774655938163680426e-03,1.000000000000000000e+00,0.000000000000000000e+00
-2.545868866239411193e-02,-5.135955325541364906e-03,1.000000000000000000e+00,0.000000000000000000e+00
-2.954337883107201190e-02,-5.759715967075269838e-02,1.000000000000000000e+00,0.000000000000000000e+00
-5.562667554489427769e-03,-4.085442225532575494e-02,1.000000000000000000e+00,0.000000000000000000e+00
-2.592352159551372659e-02,-1.638030165782350389e-02,1.000000000000000000e+00,0.000000000000000000e+00
-2.263744063381361096e-02,3.799974524926668512e-02,0.000000000000000000e+00,1.000000000000000000e+00
1.300460769412486658e-02,-1.899402560699330750e-02,1.000000000000000000e+00,0.000000000000000000e+00
-2.478384659256694517e-02,-6.452266605880459423e-03,1.000000000000000000e+00,0.000000000000000000e+00
-4.320818632477805080e-03,-2.424301248664829239e-02,1.000000000000000000e+00,0.000000000000000000e+00
1.070193744231313394e-02,1.508855451358397798e-02,0.000000000000000000e+00,1.000000000000000000e+00
-2.551404767502112036e-02,-7.910975873077534526e-03,1.000000000000000000e+00,0.000000000000000000e+00
-2.824598230509065000e-02,-4.064553614407936249e-02,1.000000000000000000e+00,0.000000000000000000e+00
2.945488107682892043e-02,-7.320818260532690677e-03,0.000000000000000000e+00,0.000000000000000000e+00
-1.233606036226375137e-02,-3.927535148342885946e-02,1.000000000000000000e+00,0.000000000000000000e+00
-2.335758800995471965e-02,3.093298103430973736e-02,0.000000000000000000e+00,1.000000000000000000e+00
-3.088191202197285070e-03,2.604364609038723258e-02,0.000000000000000000e+00,0.000000000000000000e+00
4.710802163510940943e-02,9.221843526649935868e-03,0.000000000000000000e+00,0.000000000000000000e+00
-2.663270495732344631e-02,-2.643317064676609096e-02,1.000000000000000000e+00,0.000000000000000000e+00
-5.673203972194804622e-03,-6.268481050773165586e-02,1.000000000000000000e+00,0.000000000000000000e+00
-7.246325368065904653e-03,-3.568341486541104501e-02,1.000000000000000000e+00,0.000000000000000000e+00
4.353847296888844337e-02,-1.440475759428926951e-02,0.000000000000000000e+00,1.000000000000000000e+00
-2.106167562061080079e-02,6.048360510605996221e-02,0.000000000000000000e+00,1.000000000000000000e+00
-2.234572398075192895e-02,4.217597337326408485e-02,0.000000000000000000e+00,0.000000000000000000e+00
-2.404675481487476840e-02,1.799040199860485467e-02,1.000000000000000000e+00,0.000000000000000000e+00
-1.544343585826786491e-02,-4.200651543863278409e-02,1.000000000000000000e+00,0.000000000000000000e+00
-2.753601483145429185e-02,-3.108260384280684546e-02,1.000000000000000000e+00,0.000000000000000000e+00
2.222450343058562927e-02,-8.269286859616468977e-03,1.000000000000000000e+00,0.000000000000000000e+00
-2.604800240330525790e-02,-9.903687636743745831e-03,1.000000000000000000e+00,0.000000000000000000e+00
2.016077323366788701e-02,1.705904461762717400e-02,0.000000000000000000e+00,0.000000000000000000e+00
-2.187355956749345229e-02,-3.954965826659549016e-02,1.000000000000000000e+00,0.000000000000000000e+00
-1.517230284387737112e-02,-2.318546819154328892e-02,1.000000000000000000e+00,1.000000000000000000e+00
2.103879797705283244e-02,4.868153671224870888e-02,0.000000000000000000e+00,1.000000000000000000e+00
1.290311395454499521e-01,-1.222031774321929304e-02,0.000000000000000000e+00,1.000000000000000000e+00
-1.537465482974784137e-02,-3.280330423228301068e-02,1.000000000000000000e+00,0.000000000000000000e+00
-2.835626811177312592e-02,-4.249490482949786624e-02,1.000000000000000000e+00,0.000000000000000000e+00
3.213363589884432603e-02,3.053851077107840734e-02,0.000000000000000000e+00,1.000000000000000000e+00
-2.207410069096026051e-02,4.861886275525193618e-02,0.000000000000000000e+00,1.000000000000000000e+00
-2.421470820759347858e-02,1.674584066412750441e-02,1.000000000000000000e+00,1.000000000000000000e+00
-2.836915016443906229e-02,-4.253402319575610296e-02,1.000000000000000000e+00,0.000000000000000000e+00
-2.636408287744822221e-02,-2.115271445194634448e-02,1.000000000000000000e+00,0.000000000000000000e+00
-1.067274623660424346e-02,-2.246960971263804036e-02,1.000000000000000000e+00,0.000000000000000000e+00
1.022580787981007197e-02,4.301582739630169239e-02,0.000000000000000000e+00,1.000000000000000000e+00
-2.486555474211622763e-02,-4.816723733742882610e-03,1.000000000000000000e+00,0.000000000000000000e+00
5.162930114222470494e-03,-1.996301559386906913e-02,1.000000000000000000e+00,0.000000000000000000e+00
-2.334359688654382564e-02,3.166119410013952529e-02,0.000000000000000000e+00,0.000000000000000000e+00
-2.518724563623376406e-02,1.807805689486093438e-03,1.000000000000000000e+00,1.000000000000000000e+00
3.117691227956639801e-03,-4.817115972802733098e-02,1.000000000000000000e+00,1.000000000000000000e+00
1.691469641120548623e-02,-8.414527992806546813e-03,1.000000000000000000e+00,0.000000000000000000e+00
4.129137606187487965e-03,-9.730606661209955863e-03,1.000000000000000000e+00,0.000000000000000000e+00
1.984194822733249819e-02,-8.544178053472684109e-03,1.000000000000000000e+00,1.000000000000000000e+00
-2.553225744662071875e-02,1.318637073159856156e-04,1.000000000000000000e+00,1.000000000000000000e+00
3.093493078628078638e-02,4.913210201479707023e-02,0.000000000000000000e+00,1.000000000000000000e+00
-2.463544374744238916e-02,1.068026445450669451e-02,1.000000000000000000e+00,1.000000000000000000e+00
4.831336937384417274e-02,3.568451015605696164e-02,0.000000000000000000e+00,1.000000000000000000e+00
-2.694446835705346585e-02,-3.079206142683483735e-02,1.000000000000000000e+00,0.000000000000000000e+00
-1.164029944156420859e-02,-2.620139151931345431e-02,1.000000000000000000e+00,0.000000000000000000e+00
1.850168865000345608e-02,-4.654042900890363772e-03,1.000000000000000000e+00,0.000000000000000000e+00
-1.074577050659267057e-02,-2.264907553410461585e-02,1.000000000000000000e+00,0.000000000000000000e+00
1.297190114265014699e-03,-3.750355413092553575e-02,1.000000000000000000e+00,0.000000000000000000e+00
-2.381072111151318060e-02,2.170615915961441461e-02,1.000000000000000000e+00,0.000000000000000000e+00
7.338097115648127555e-02,-4.966787461544616700e-02,1.000000000000000000e+00,0.000000000000000000e+00
-2.382188362856231881e-02,2.405165068401944953e-02,1.000000000000000000e+00,0.000000000000000000e+00
-2.506823883219270674e-02,-4.331077290783659321e-03,1.000000000000000000e+00,0.000000000000000000e+00
-6.349288641375800367e-03,-1.780513856198639652e-02,1.000000000000000000e+00,0.000000000000000000e+00
-2.560088407343187947e-02,-2.236245290510244319e-03,1.000000000000000000e+00,1.000000000000000000e+00
6.476224390702323142e-02,8.783297507459047679e-03,0.000000000000000000e+00,0.000000000000000000e+00
-2.597080776475120534e-02,-1.473892159377980342e-02,1.000000000000000000e+00,0.000000000000000000e+00
-2.899868818375068644e-02,-6.111637037675302780e-02,1.000000000000000000e+00,0.000000000000000000e+00
1.085716240563333081e-02,-2.386289682726336694e-02,1.000000000000000000e+00,0.000000000000000000e+00
-2.212445880671731410e-02,4.824946750133764228e-02,0.000000000000000000e+00,0.000000000000000000e+00
-2.691224345199037804e-02,-2.719592716325761050e-02,1.000000000000000000e+00,0.000000000000000000e+00
3.947455340148764424e-02,-7.880318081708982767e-04,0.000000000000000000e+00,0.000000000000000000e+00
-2.523078415240807837e-02,2.908909674861395820e-03,1.000000000000000000e+00,0.000000000000000000e+00
2.611186417039740304e-02,3.485479985136171605e-02,0.000000000000000000e+00,1.000000000000000000e+00
1.262298536484465494e-01,-1.464966923903116870e-02,0.000000000000000000e+00,0.000000000000000000e+00
-1.882338996773871495e-02,9.249567018861395984e-02,0.000000000000000000e+00,1.000000000000000000e+00
-2.096389573768534312e-02,4.876641599381516257e-02,0.000000000000000000e+00,1.000000000000000000e+00
2.102400814013678006e-03,-3.185887324904890933e-02,1.000000000000000000e+00,0.000000000000000000e+00
1.553594008731816814e-02,-2.494253863131341842e-02,1.000000000000000000e+00,0.000000000000000000e+00
-1.087794103210950464e-02,-3.551561235308835912e-02,1.000000000000000000e+00,0.000000000000000000e+00
1.433668062520888041e-02,4.619253887788102308e-02,0.000000000000000000e+00,1.000000000000000000e+00
-2.125578086662826757e-02,4.716665319651167781e-02,0.000000000000000000e+00,0.000000000000000000e+00
6.598264035808238705e-03,-2.304094533894314109e-02,1.000000000000000000e+00,0.000000000000000000e+00
6.217981434192337842e-02,-3.322847735688012200e-02,1.000000000000000000e+00,0.000000000000000000e+00
-2.606701985507079572e-02,-1.717867675850299342e-02,1.000000000000000000e+00,0.000000000000000000e+00
-2.352665426245161007e-02,2.585807923319670409e-02,0.000000000000000000e+00,1.000000000000000000e+00
2.183348883187226364e-02,-2.671755160767468398e-02,1.000000000000000000e+00,1.000000000000000000e+00
-2.207420753009231226e-02,3.841746064080343165e-02,0.000000000000000000e+00,0.000000000000000000e+00
-2.467078681467704815e-02,1.022181477011639000e-02,1.000000000000000000e+00,0.000000000000000000e+00
-2.552595733624302490e-02,-2.283344069422122216e-03,1.000000000000000000e+00,0.000000000000000000e+00
-1.279407070731105201e-03,-7.958007190719963708e-03,1.000000000000000000e+00,0.000000000000000000e+00
-2.594106757803891702e-02,-7.628905046187679610e-03,1.000000000000000000e+00,1.000000000000000000e+00
1.636923909327765020e-02,8.254394904640017377e-03,0.000000000000000000e+00,1.000000000000000000e+00
-2.790359181337774552e-02,-4.218299145651635551e-02,1.000000000000000000e+00,0.000000000000000000e+00
-1.283537085380681737e-02,-4.820418472640224800e-02,1.000000000000000000e+00,0.000000000000000000e+00
-1.130099035481883611e-02,-5.083600196241281483e-02,1.000000000000000000e+00,0.000000000000000000e+00
2.038779108819230301e-02,5.995027132677695214e-02,0.000000000000000000e+00,1.000000000000000000e+00
-2.733550695236227138e-02,-2.678034343499986064e-02,1.000000000000000000e+00,0.000000000000000000e+00
1.701893813831990843e-02,8.718973198399763286e-03,0.000000000000000000e+00,1.000000000000000000e+00
-2.248574619633506716e-02,4.130560799770928437e-02,0.000000000000000000e+00,0.000000000000000000e+00
-2.359757356777576753e-02,2.508358284815509834e-02,0.000000000000000000e+00,1.000000000000000000e+00
-2.726482998042926639e-02,-2.625031083077294589e-02,1.000000000000000000e+00,0.000000000000000000e+00
3.402703700968416102e-03,-6.020994985635247897e-03,1.000000000000000000e+00,0.000000000000000000e+00
-2.716214377908327676e-02,-1.330140380726761440e-01,1.000000000000000000e+00,0.000000000000000000e+00
-2.866166308005641331e-02,-4.631066546350486035e-02,1.000000000000000000e+00,0.000000000000000000e+00
-2.286153271081587529e-02,3.619427041107869947e-02,0.000000000000000000e+00,0.000000000000000000e+00
-1.811004122017492030e-02,9.474548813578034800e-02,0.000000000000000000e+00,1.000000000000000000e+00
1.314434243837160621e-01,2.001527587357328913e-02,0.000000000000000000e+00,1.000000000000000000e+00
-5.363460987293031633e-03,1.419121105197609402e-02,0.000000000000000000e+00,1.000000000000000000e+00
9.761900673238007448e-03,-1.854332159880820591e-02,1.000000000000000000e+00,1.000000000000000000e+00
2.615535422139143168e-02,1.016850876961665311e-02,0.000000000000000000e+00,1.000000000000000000e+00
-2.560841353794900827e-02,-3.672041146086861812e-03,1.000000000000000000e+00,0.000000000000000000e+00
4.922185545410669681e-03,4.777746442996517540e-04,1.000000000000000000e+00,0.000000000000000000e+00
-2.149900658881357188e-02,5.507277450120124512e-02,0.000000000000000000e+00,1.000000000000000000e+00
-2.409951318949926299e-02,1.847936679623635864e-02,1.000000000000000000e+00,1.000000000000000000e+00
-2.735022145043257413e-02,-3.233648634626592328e-02,1.000000000000000000e+00,0.000000000000000000e+00
4.311888469751439662e-02,2.703366676442792507e-02,0.000000000000000000e+00,1.000000000000000000e+00
-2.613653566688091401e-02,-1.118269907221915160e-02,1.000000000000000000e+00,0.000000000000000000e+00
-1.112867961050618276e-02,-1.483447503275870348e-02,1.000000000000000000e+00,1.000000000000000000e+00
5.147587314451394953e-03,-1.956887299284836707e-02,1.000000000000000000e+00,1.000000000000000000e+00
7.454056485692836520e-02,-1.534615900344277238e-03,0.000000000000000000e+00,1.000000000000000000e+00
-2.491181768358582960e-02,9.126754009633247702e-04,1.000000000000000000e+00,0.000000000000000000e+00
-2.299769062729726740e-02,3.271608269079344378e-02,0.000000000000000000e+00,0.000000000000000000e+00
-2.536168795980804636e-02,-5.490359082845285531e-03,1.000000000000000000e+00,0.000000000000000000e+00
-1.284129321812588556e-02,-2.187939384032217688e-02,1.000000000000000000e+00,0.000000000000000000e+00
3.242065081293125234e-02,-3.068526055617874435e-02,1.000000000000000000e+00,0.000000000000000000e+00
-2.499236676271417851e-02,-2.815919576808298234e-03,1.000000000000000000e+00,0.000000000000000000e+00
6.735796212596509291e-02,6.593592368687617444e-02,0.000000000000000000e+00,1.000000000000000000e+00
-2.063263244242252714e-02,6.787373835708926384e-02,0.000000000000000000e+00,1.000000000000000000e+00
1.288271346082052568e-04,-3.279437719468883405e-02,1.000000000000000000e+00,0.000000000000000000e+00
-1.864893252020524694e-02,8.558599461135538156e-02,0.000000000000000000e+00,1.000000000000000000e+00
-2.766918067436135303e-02,-3.901895561272131219e-02,1.000000000000000000e+00,0.000000000000000000e+00
-2.137809893007704132e-02,3.926509134262950312e-02,0.000000000000000000e+00,0.000000000000000000e+00
-1.884108440261412012e-02,8.490536096563815194e-02,0.000000000000000000e+00,0.000000000000000000e+00
1.685779572313975128e-02,1.350076790322381898e-02,0.000000000000000000e+00,1.000000000000000000e+00
2.857964206651161104e-02,-2.006629556815512153e-02,1.000000000000000000e+00,1.000000000000000000e+00
6.096990633588372788e-02,1.088672316763450616e-02,0.000000000000000000e+00,1.000000000000000000e+00
1.419167276387475057e-02,-2.354481367531159955e-02,1.000000000000000000e+00,1.000000000000000000e+00
1.266551901084681311e-02,-1.433895309653794928e-03,1.000000000000000000e+00,0.000000000000000000e+00
-2.711443432439556572e-02,-3.077549085428860076e-02,1.000000000000000000e+00,1.000000000000000000e+00
-2.524723679155680203e-02,2.350515051667024895e-03,1.000000000000000000e+00,1.000000000000000000e+00
1.255239898351486472e-01,1.028259640639676148e-02,0.000000000000000000e+00,1.000000000000000000e+00
-2.108851631173304722e-02,6.284407500159908122e-02,0.000000000000000000e+00,1.000000000000000000e+00
-2.560893078322714136e-02,-1.974051338143936133e-03,1.000000000000000000e+00,0.000000000000000000e+00
3.544157231092070343e-02,1.249588041616577286e-02,0.000000000000000000e+00,0.000000000000000000e+00
-9.164188977392396379e-03,-2.285380328588504026e-02,1.000000000000000000e+00,0.000000000000000000e+00
-1.712597918362704363e-02,-3.362837732771453703e-02,1.000000000000000000e+00,0.000000000000000000e+00
-2.612970655479325208e-02,-1.132593764551438273e-02,1.000000000000000000e+00,0.000000000000000000e+00
-2.085731631197877689e-02,5.182314456630068150e-02,0.000000000000000000e+00,1.000000000000000000e+00
2.083399319129551341e-01,2.702530985953568651e-03,0.000000000000000000e+00,0.000000000000000000e+00
-8.128588328857756090e-03,-9.073257569597656521e-04,1.000000000000000000e+00,0.000000000000000000e+00
-2.263114014203059313e-02,3.727608117995368647e-02,0.000000000000000000e+00,1.000000000000000000e+00
8.981975305508763108e-02,-1.774657215252289227e-02,0.000000000000000000e+00,1.000000000000000000e+00
-1.632791479128471029e-02,-4.346632178997564960e-02,1.000000000000000000e+00,0.000000000000000000e+00
-2.450233550152344786e-02,1.198590651393636498e-02,1.000000000000000000e+00,0.000000000000000000e+00
-1.436968687855521599e-02,-5.196449404354892138e-02,1.000000000000000000e+00,0.000000000000000000e+00
-2.042080683803615751e-02,6.883376970923488214e-02,0.000000000000000000e+00,1.000000000000000000e+00
3.932097888427919102e-02,6.055904187865825128e-02,0.000000000000000000e+00,1.000000000000000000e+00
-1.913435029629865017e-02,7.857823150471140994e-02,0.000000000000000000e+00,1.000000000000000000e+00
-2.055559218354516965e-02,6.178129967352648938e-02,0.000000000000000000e+00,1.000000000000000000e+00
-2.599702364464574408e-02,-8.675630546927810480e-03,1.000000000000000000e+00,0.000000000000000000e+00
-2.678835502957876979e-02,-2.762481891250585103e-02,1.000000000000000000e+00,0.000000000000000000e+00
1.866467562260377651e-04,-3.775553863116725556e-02,1.000000000000000000e+00,0.000000000000000000e+00
-2.340027634512204316e-02,2.743461487505559002e-02,0.000000000000000000e+00,1.000000000000000000e+00
2.882795443159888102e-02,-1.779653363442219860e-02,1.000000000000000000e+00,1.000000000000000000e+00
3.707504664668788419e-02,1.420763628374936000e-02,0.000000000000000000e+00,0.000000000000000000e+00
-1.890807792128028700e-02,8.807375429098118769e-02,0.000000000000000000e+00,1.000000000000000000e+00
-2.444991152639663934e-02,1.392359202262236084e-02,1.000000000000000000e+00,0.000000000000000000e+00
1.864944189120730234e-01,-2.277613091847281723e-02,0.000000000000000000e+00,0.000000000000000000e+00
9.839332499171801749e-02,-3.713275349802889341e-02,0.000000000000000000e+00,0.000000000000000000e+00
-2.494567907479974464e-02,-2.768754210000046005e-04,1.000000000000000000e+00,0.000000000000000000e+00
-2.594691887413390352e-02,-6.966547711357301206e-03,1.000000000000000000e+00,0.000000000000000000e+00
-2.379420256309390178e-02,2.192074329802057645e-02,1.000000000000000000e+00,0.000000000000000000e+00
-1.013073085193850857e-02,-3.204560483245818409e-02,1.000000000000000000e+00,0.000000000000000000e+00
-2.694952798682247880e-02,-3.224279765764431066e-02,1.000000000000000000e+00,0.000000000000000000e+00
5.153124750379792229e-02,-5.399816455305835733e-02,1.000000000000000000e+00,1.000000000000000000e+00
-2.479163656377829372e-02,-2.909743965062781216e-03,1.000000000000000000e+00,1.000000000000000000e+00
-2.495728636879628731e-02,-5.468932488843373033e-03,1.000000000000000000e+00,0.000000000000000000e+00
-2.487442366854896586e-02,2.239354001478757207e-04,1.000000000000000000e+00,0.000000000000000000e+00
9.516003055004854105e-02,4.082694359394765243e-02,0.000000000000000000e+00,0.000000000000000000e+00
2.443718623489161967e-02,3.415031366091607345e-02,0.000000000000000000e+00,1.000000000000000000e+00
2.085978777172069198e-02,7.434673853872394989e-02,0.000000000000000000e+00,0.000000000000000000e+00
-2.384860033566191598e-02,2.176117385302307750e-02,1.000000000000000000e+00,1.000000000000000000e+00
-2.622061262555186456e-02,-2.184834087879730657e-02,1.000000000000000000e+00,0.000000000000000000e+00
-2.229154645369459120e-02,4.135523329444615315e-02,0.000000000000000000e+00,0.000000000000000000e+00
-2.447860150661424622e-02,1.295610848745083407e-02,1.000000000000000000e+00,1.000000000000000000e+00
-5.823663577322897578e-03,-2.421485112327203745e-02,1.000000000000000000e+00,0.000000000000000000e+00
-2.406415577391185848e-02,1.825731065953225055e-02,1.000000000000000000e+00,1.000000000000000000e+00
-2.339558397298464529e-02,1.468789893565770541e-02,1.000000000000000000e+00,0.000000000000000000e+00
-2.645078833141216793e-02,-1.561046772962834325e-02,1.000000000000000000e+00,0.000000000000000000e+00
-2.345275433072244523e-02,2.749593402918618090e-02,0.000000000000000000e+00,1.000000000000000000e+00
-2.527015195255941440e-02,-9.408487719288231507e-03,1.000000000000000000e+00,1.000000000000000000e+00
-8.312656740415017356e-03,-1.623726984093634695e-02,1.000000000000000000e+00,0.000000000000000000e+00
-2.439148158635862443e-02,1.479106064199263784e-02,1.000000000000000000e+00,0.000000000000000000e+00
-1.413043371845250015e-02,-5.544451663470306019e-02,1.000000000000000000e+00,0.000000000000000000e+00
-2.563751643490802881e-02,-2.024698327257192822e-03,1.000000000000000000e+00,0.000000000000000000e+00
-8.114264031575954897e-03,-2.407389626603031671e-02,1.000000000000000000e+00,0.000000000000000000e+00
-2.558123575922872928e-02,-9.754096383955225547e-03,1.000000000000000000e+00,1.000000000000000000e+00
9.503916135328159542e-03,-2.697547796745861093e-02,1.000000000000000000e+00,0.000000000000000000e+00
-2.497255748302051881e-02,7.920385359169970080e-03,1.000000000000000000e+00,0.000000000000000000e+00
5.880041074395195300e-02,-4.240293327929244710e-02,1.000000000000000000e+00,0.000000000000000000e+00
-2.251099405176984480e-02,3.973456069321087969e-02,0.000000000000000000e+00,1.000000000000000000e+00
1.375323523800533500e-02,5.972645221697524438e-03,0.000000000000000000e+00,0.000000000000000000e+00
2.401144184169702600e-02,8.722024156915739179e-03,0.000000000000000000e+00,0.000000000000000000e+00
-2.101824296264432484e-02,6.253580271821353176e-02,0.000000000000000000e+00,1.000000000000000000e+00
-2.540532239349273247e-02,1.250416415477364823e-03,1.000000000000000000e+00,1.000000000000000000e+00
1.822278324604852812e-02,1.353324351857954772e-02,0.000000000000000000e+00,0.000000000000000000e+00
1.447384554254216305e-01,-1.786535071373048303e-02,0.000000000000000000e+00,0.000000000000000000e+00
4.301362216554700107e-02,-1.824234961571307226e-02,1.000000000000000000e+00,1.000000000000000000e+00
-1.172733912312696157e-02,-2.845008407049704965e-02,1.000000000000000000e+00,0.000000000000000000e+00
-2.089438731557562243e-03,-1.503843275255371814e-02,1.000000000000000000e+00,0.000000000000000000e+00
-1.526313901763245995e-02,-4.348408517796682748e-02,1.000000000000000000e+00,0.000000000000000000e+00
-2.854722068640807957e-03,-1.826499666126680035e-02,1.000000000000000000e+00,1.000000000000000000e+00
3.206659120282262521e-02,-4.120752151724415245e-03,0.000000000000000000e+00,1.000000000000000000e+00
3.540240828397402811e-02,-1.254311851405476817e-02,1.000000000000000000e+00,1.000000000000000000e+00
-2.141602510638018070e-02,5.883340563285477387e-02,0.000000000000000000e+00,0.000000000000000000e+00
1.473728746845207570e-02,2.695466670231954839e-02,0.000000000000000000e+00,0.000000000000000000e+00
8.741744135889960299e-02,-8.400008902308150546e-03,0.000000000000000000e+00,1.000000000000000000e+00
4.174761759533273525e-02,-1.090817738146439286e-02,0.000000000000000000e+00,0.000000000000000000e+00
3.025763991677167530e-02,-3.322143015777164615e-02,1.000000000000000000e+00,1.000000000000000000e+00
-2.516131493164412702e-02,5.465908608051770617e-03,1.000000000000000000e+00,0.000000000000000000e+00
-2.169773979268233705e-02,5.212506317085382340e-02,0.000000000000000000e+00,1.000000000000000000e+00
1.865901379205303287e-02,1.541604989267401915e-02,0.000000000000000000e+00,1.000000000000000000e+00
-1.453862029318675302e-02,-4.432524145603620319e-02,1.000000000000000000e+00,0.000000000000000000e+00
-2.458250901539356728e-02,9.829640941296633252e-03,1.000000000000000000e+00,1.000000000000000000e+00
-2.216779688393831840e-02,4.596290472818198580e-02,0.000000000000000000e+00,0.000000000000000000e+00
7.956206921572494054e-03,-4.499195861150365530e-03,1.000000000000000000e+00,0.000000000000000000e+00
1.919874369209276233e-02,4.117616892398585221e-02,0.000000000000000000e+00,1.000000000000000000e+00
2.178954913971551874e-02,7.652246824284518814e-03,0.000000000000000000e+00,0.000000000000000000e+00
3.092301445644246929e-02,-6.053070733866057138e-03,0.000000000000000000e+00,1.000000000000000000e+00
3.838475446736624302e-02,-1.338698051952451167e-02,0.000000000000000000e+00,1.000000000000000000e+00
-2.745703705365944852e-02,-3.704115520906132303e-02,1.000000000000000000e+00,0.000000000000000000e+00
1.975968832404665504e-02,-2.818573719539544872e-02,1.000000000000000000e+00,0.000000000000000000e+00
7.628963144576626602e-03,3.676638396631005251e-02,0.000000000000000000e+00,1.000000000000000000e+00
4.630639087356670054e-04,-1.370120341140616295e-02,1.000000000000000000e+00,0.000000000000000000e+00
-2.482491066092949034e-02,-6.108971070322728042e-04,1.000000000000000000e+00,1.000000000000000000e+00
3.567725476387178293e-03,-1.340192085323812371e-02,1.000000000000000000e+00,0.000000000000000000e+00
-6.707183121882121825e-03,-2.190666300660350230e-02,1.000000000000000000e+00,0.000000000000000000e+00
-1.957100481757011179e-02,8.153042618509442896e-02,0.000000000000000000e+00,1.000000000000000000e+00
1.807417766639938736e-02,-1.666568660113853032e-02,1.000000000000000000e+00,0.000000000000000000e+00
-1.840219011695775828e-02,1.006243419000220768e-01,0.000000000000000000e+00,1.000000000000000000e+00
4.630931825839666033e-02,-1.122708413153107425e-02,0.000000000000000000e+00,0.000000000000000000e+00
-2.481541012553360390e-02,-1.431834349387005757e-03,1.000000000000000000e+00,1.000000000000000000e+00
-2.400776768070131406e-02,1.386272718667003190e-02,1.000000000000000000e+00,1.000000000000000000e+00
-1.241282013725180516e-02,4.626049785751845667e-02,0.000000000000000000e+00,1.000000000000000000e+00
-2.476884612663196594e-02,-1.865369971069995216e-03,1.000000000000000000e+00,0.000000000000000000e+00
2.968142279451923757e-02,2.883406973510381846e-02,0.000000000000000000e+00,0.000000000000000000e+00
2.336116610360051624e-02,-1.038327036817390282e-02,1.000000000000000000e+00,1.000000000000000000e+00
-1.977992891839411294e-02,7.918653641445472235e-02,0.000000000000000000e+00,0.000000000000000000e+00
1.115835080125482034e-02,-2.595632156292292450e-02,1.000000000000000000e+00,1.000000000000000000e+00
-4.670725439914568886e-03,-1.677852462503034298e-02,1.000000000000000000e+00,0.000000000000000000e+00
-2.444958265687904517e-02,9.018795782542218115e-03,1.000000000000000000e+00,0.000000000000000000e+00
-1.146612426798622637e-02,-3.830639901129836294e-02,1.000000000000000000e+00,0.000000000000000000e+00
-2.049443494952540162e-02,6.949117952369100737e-02,0.000000000000000000e+00,1.000000000000000000e+00
-2.563588239585416415e-02,-2.288568759040852680e-03,1.000000000000000000e+00,0.000000000000000000e+00
-9.014024949540852885e-03,-3.069751923465498245e-02,1.000000000000000000e+00,0.000000000000000000e+00
5.733087885148871465e-02,2.777662768080116709e-02,0.000000000000000000e+00,0.000000000000000000e+00
-2.567319147774557025e-02,-2.819989152659268215e-03,1.000000000000000000e+00,0.000000000000000000e+00
-2.490454814840829117e-02,7.597175877049482801e-03,1.000000000000000000e+00,1.000000000000000000e+00
3.058608718415222610e-02,2.500877120479341048e-02,0.000000000000000000e+00,1.000000000000000000e+00
-1.963091009144275409e-02,8.123060389538168391e-02,0.000000000000000000e+00,1.000000000000000000e+00
8.177175091775948021e-03,5.677408551728988992e-03,0.000000000000000000e+00,0.000000000000000000e+00
-4.133071398888037498e-03,-2.801462970300416452e-02,1.000000000000000000e+00,0.000000000000000000e+00
-3.395200420748011733e-02,-1.317663053287863872e-01,1.000000000000000000e+00,0.000000000000000000e+00
-2.425463514189281702e-02,1.567138302662331173e-02,1.000000000000000000e+00,0.000000000000000000e+00
-2.646247068791368617e-02,-1.346806693333865192e-02,1.000000000000000000e+00,0.000000000000000000e+00
9.610391876818204226e-03,7.490244096664634699e-03,0.000000000000000000e+00,0.000000000000000000e+00
2.040982990906312512e-03,1.448322639154636313e-02,0.000000000000000000e+00,0.000000000000000000e+00
-2.595469140009381073e-02,-7.934401394819736580e-03,1.000000000000000000e+00,0.000000000000000000e+00
-3.773992698419194325e-03,-2.725221022073144594e-02,1.000000000000000000e+00,0.000000000000000000e+00
-3.369268526259310004e-02,-1.264614253770953711e-01,1.000000000000000000e+00,1.000000000000000000e+00
-2.674770836580630737e-02,-2.001543844355675034e-02,1.000000000000000000e+00,0.000000000000000000e+00
-2.310078297682262652e-02,3.182343549223482643e-02,0.000000000000000000e+00,0.000000000000000000e+00
-2.875176955616967969e-02,-5.481531125598963772e-02,1.000000000000000000e+00,0.000000000000000000e+00
-1.401423340260556961e-02,-3.328595871323918043e-02,1.000000000000000000e+00,0.000000000000000000e+00
-2.698264193090816471e-02,-2.396772194074334519e-02,1.000000000000000000e+00,0.000000000000000000e+00
-2.065382059175467286e-02,6.784319188078993812e-02,0.000000000000000000e+00,1.000000000000000000e+00
2.687564388241255389e-02,-1.165023348083080168e-02,1.000000000000000000e+00,1.000000000000000000e+00
-2.417114055420488752e-02,9.552782458720989259e-03,1.000000000000000000e+00,1.000000000000000000e+00
-1.002997850360255391e-02,-3.217199191597618774e-02,1.000000000000000000e+00,0.000000000000000000e+00
5.786385263473375201e-02,6.446259653905439535e-02,0.000000000000000000e+00,1.000000000000000000e+00
8.015521326457564211e-02,4.490931454591878119e-02,0.000000000000000000e+00,1.000000000000000000e+00
-2.136711063952617673e-02,5.897976772213912172e-02,0.000000000000000000e+00,0.000000000000000000e+00
-2.471105387823881172e-02,5.506448993746704225e-04,1.000000000000000000e+00,0.000000000000000000e+00
-2.216116581001605079e-02,4.767262749728567311e-02,0.000000000000000000e+00,1.000000000000000000e+00
6.703910549992994627e-02,3.324540264434499865e-03,0.000000000000000000e+00,0.000000000000000000e+00
-8.868748366023813988e-04,-2.895269955066788123e-02,1.000000000000000000e+00,0.000000000000000000e+00
-2.433896022680914067e-02,1.459372987240973446e-02,1.000000000000000000e+00,1.000000000000000000e+00
-2.614119202768710667e-02,-1.615132369032692278e-02,1.000000000000000000e+00,0.000000000000000000e+00
-7.405892090269991859e-03,-4.301542215576553696e-02,1.000000000000000000e+00,0.000000000000000000e+00
1.988355027810643355e-02,1.323473664297774612e-02,0.000000000000000000e+00,1.000000000000000000e+00
1.218761829726233287e-01,1.064823576049208492e-02,0.000000000000000000e+00,1.000000000000000000e+00
2.238537692737302062e-03,-9.397083055854718939e-03,1.000000000000000000e+00,0.000000000000000000e+00
-7.291645107685618479e-03,-4.345906956237112484e-02,1.000000000000000000e+00,0.000000000000000000e+00
3.157490977687935595e-03,-2.447101270042412180e-02,1.000000000000000000e+00,0.000000000000000000e+00
2.398939018952225485e-02,-1.364738258609751211e-02,1.000000000000000000e+00,0.000000000000000000e+00
7.678599288686183133e-02,-3.536929039576539816e-03,0.000000000000000000e+00,1.000000000000000000e+00
-6.347427656834887149e-04,-2.658435693998480176e-02,1.000000000000000000e+00,0.000000000000000000e+00
-4.108242281390369136e-03,-4.258522547114194229e-02,1.000000000000000000e+00,0.000000000000000000e+00
-2.153588007674472893e-02,5.338521041131989719e-02,0.000000000000000000e+00,1.000000000000000000e+00
-3.877947921566247003e-03,-2.630070969489431421e-02,1.000000000000000000e+00,0.000000000000000000e+00
-3.446145903084838207e-04,-1.805449178705054517e-02,1.000000000000000000e+00,0.000000000000000000e+00
-2.568681232684768070e-02,-1.112965458856075320e-02,1.000000000000000000e+00,0.000000000000000000e+00
2.964950351926407338e-02,-2.959186192759053272e-02,1.000000000000000000e+00,0.000000000000000000e+00
-9.065431886724763591e-03,-3.565877194110515097e-02,1.000000000000000000e+00,0.000000000000000000e+00
9.471291296757609543e-03,-1.037583028790879745e-03,1.000000000000000000e+00,0.000000000000000000e+00
-9.642113047014884072e-03,-2.582977750892333311e-03,1.000000000000000000e+00,0.000000000000000000e+00
-2.443689745776550862e-02,4.973794177116232403e-03,1.000000000000000000e+00,1.000000000000000000e+00
-2.475901137196524771e-02,-1.430519532446664121e-03,1.000000000000000000e+00,1.000000000000000000e+00
6.463523769345767833e-02,6.661000340725134125e-03,0.000000000000000000e+00,1.000000000000000000e+00
-1.347910495250259546e-03,-2.538247685689892785e-02,1.000000000000000000e+00,0.000000000000000000e+00
3.375412138435604503e-02,-3.827753810739628615e-02,1.000000000000000000e+00,0.000000000000000000e+00
-2.075719493730301610e-02,6.407701796488879387e-02,0.000000000000000000e+00,1.000000000000000000e+00
1.023720928611977637e-01,-3.343936168006443610e-02,0.000000000000000000e+00,0.000000000000000000e+00
1.645945064234349831e-03,-5.362502371348504791e-03,1.000000000000000000e+00,0.000000000000000000e+00
-2.144679528556768869e-02,5.516476148582375588e-02,0.000000000000000000e+00,1.000000000000000000e+00
5.964411112689088634e-02,-2.124267243181239204e-02,0.000000000000000000e+00,0.000000000000000000e+00
8.703762314115542909e-03,-3.556644967880429054e-02,1.000000000000000000e+00,0.000000000000000000e+00
-2.321069526581824236e-02,1.790106385128300767e-02,1.000000000000000000e+00,1.000000000000000000e+00
-2.785641655953587786e-02,-3.501419922353449232e-02,1.000000000000000000e+00,0.000000000000000000e+00
-1.822822483846111771e-02,9.091326564813403954e-02,0.000000000000000000e+00,1.000000000000000000e+00
-2.675971657393096462e-02,-1.948563403081380804e-02,1.000000000000000000e+00,1.000000000000000000e+00
-2.327764056020150199e-02,3.178004841375146189e-02,0.000000000000000000e+00,0.000000000000000000e+00
4.264384045131116262e-03,1.786162206780697939e-02,0.000000000000000000e+00,1.000000000000000000e+00
-2.801879267732020409e-02,-4.398000330018944637e-02,1.000000000000000000e+00,0.000000000000000000e+00
-2.074359482312142233e-02,6.597280552379636287e-02,0.000000000000000000e+00,1.000000000000000000e+00
2.600127413546577532e-02,-1.329276895959531982e-02,1.000000000000000000e+00,0.000000000000000000e+00
-2.495811521899301763e-02,7.104926031275431153e-03,1.000000000000000000e+00,1.000000000000000000e+00
-2.640447024993746936e-02,-1.459778285873771821e-02,1.000000000000000000e+00,0.000000000000000000e+00
-1.831492880556780806e-02,1.002707911162513815e-01,0.000000000000000000e+00,1.000000000000000000e+00
1.563197599710391128e-01,-6.554497546052837770e-03,0.000000000000000000e+00,1.000000000000000000e+00
-2.523955943915442979e-02,-1.004128704188781557e-02,1.000000000000000000e+00,0.000000000000000000e+00
2.865539606436497480e-02,-2.375184630591679544e-02,1.000000000000000000e+00,0.000000000000000000e+00
7.197117729952504095e-02,-2.574177940324027386e-03,0.000000000000000000e+00,0.000000000000000000e+00
-3.944935947589377732e-03,2.600690256895743513e-02,0.000000000000000000e+00,0.000000000000000000e+00
2.794442556760268551e-02,4.165099636531860439e-03,0.000000000000000000e+00,1.000000000000000000e+00
1.243603542266666501e-01,1.024339817169283955e-02,0.000000000000000000e+00,1.000000000000000000e+00
-2.630451486558294319e-02,-1.981025283472960530e-02,1.000000000000000000e+00,0.000000000000000000e+00
-2.195445602157651208e-02,3.886649683974668229e-02,0.000000000000000000e+00,1.000000000000000000e+00
-2.780821980385415546e-02,-3.408450125795456365e-02,1.000000000000000000e+00,0.000000000000000000e+00
1.135514491205963546e-02,2.238910155526091343e-03,1.000000000000000000e+00,1.000000000000000000e+00
2.785686036424356304e-02,-1.228495901178576835e-02,1.000000000000000000e+00,0.000000000000000000e+00
-3.517836102832227856e-03,-3.278666205276146994e-02,1.000000000000000000e+00,0.000000000000000000e+00
-1.765822919061970633e-03,-2.571524696709607746e-02,1.000000000000000000e+00,0.000000000000000000e+00
-2.485338988682786812e-02,1.553217347745237085e-04,1.000000000000000000e+00,0.000000000000000000e+00
4.240055454006837199e-02,2.005662760469667863e-02,0.000000000000000000e+00,1.000000000000000000e+00
6.548403216529917470e-02,4.775145886965107000e-02,0.000000000000000000e+00,1.000000000000000000e+00
-2.789642252740459974e-02,-3.421515845865265998e-02,1.000000000000000000e+00,0.000000000000000000e+00
3.547138485783503381e-02,5.568132004017140729e-02,0.000000000000000000e+00,1.000000000000000000e+00
2.168536516598584124e-02,9.574837146752807060e-03,0.000000000000000000e+00,0.000000000000000000e+00
2.864774211006410054e-02,-3.871811887874932606e-02,1.000000000000000000e+00,1.000000000000000000e+00
-2.734903589149265471e-02,-2.753094062594856409e-02,1.000000000000000000e+00,0.000000000000000000e+00
-1.010624925688648678e-03,-3.542279235853065811e-02,1.000000000000000000e+00,0.000000000000000000e+00
-9.523217724330850995e-03,-4.498726965709237691e-02,1.000000000000000000e+00,0.000000000000000000e+00
-2.309555608766567653e-02,3.208196461237303176e-02,0.000000000000000000e+00,0.000000000000000000e+00
-2.701177201067507180e-02,-2.477021356214883369e-02,1.000000000000000000e+00,0.000000000000000000e+00
-2.375328709992516676e-02,2.269706146722768811e-02,1.000000000000000000e+00,1.000000000000000000e+00
-2.220517258663328580e-02,3.552728611279938609e-02,0.000000000000000000e+00,0.000000000000000000e+00
-2.241901344345607894e-02,4.141012608475574258e-02,0.000000000000000000e+00,0.000000000000000000e+00
-2.644259215218674672e-02,-1.972448287413236870e-02,1.000000000000000000e+00,0.000000000000000000e+00
-2.544921349008816627e-02,-1.385701588312211914e-03,1.000000000000000000e+00,0.000000000000000000e+00
-1.813142900335067489e-02,9.496811840692159778e-02,0.000000000000000000e+00,1.000000000000000000e+00
-1.221115057043774613e-02,-4.231243138944004029e-02,1.000000000000000000e+00,0.000000000000000000e+00
1.188706806448940750e-02,-1.227303111248395466e-02,1.000000000000000000e+00,0.000000000000000000e+00
-2.562126644619047711e-02,-3.215067169464698189e-03,1.000000000000000000e+00,1.000000000000000000e+00
-2.482404991069896497e-02,4.289338295388545400e-03,1.000000000000000000e+00,1.000000000000000000e+00
-1.426041388409433723e-02,7.464786044619617367e-02,0.000000000000000000e+00,1.000000000000000000e+00
-4.859013139829155767e-03,-2.297365785023736118e-02,1.000000000000000000e+00,0.000000000000000000e+00
2.104514024178898504e-03,-3.215210378523754298e-02,1.000000000000000000e+00,0.000000000000000000e+00
-6.041000536410942937e-03,-2.126324689809074714e-02,1.000000000000000000e+00,1.000000000000000000e+00
-5.214295640025356365e-03,6.922377737960807654e-04,1.000000000000000000e+00,0.000000000000000000e+00
1.127809645030833233e-03,-4.921892927610889423e-02,1.000000000000000000e+00,0.000000000000000000e+00
-2.358007056386826963e-02,2.469956496510832336e-02,0.000000000000000000e+00,1.000000000000000000e+00
3.729437658136335737e-02,-5.263490236610995909e-02,1.000000000000000000e+00,0.000000000000000000e+00
-2.543101172609977395e-02,3.379140939522736614e-03,1.000000000000000000e+00,0.000000000000000000e+00
5.866035466548110387e-03,-3.143048397104548225e-02,1.000000000000000000e+00,0.000000000000000000e+00
-1.973152798697642984e-02,7.137410397697019349e-02,0.000000000000000000e+00,1.000000000000000000e+00
-2.346963136438712239e-02,2.947853064988683117e-02,0.000000000000000000e+00,0.000000000000000000e+00
-5.481203871773733527e-03,-4.121728352304048631e-02,1.000000000000000000e+00,0.000000000000000000e+00
5.074736309164968456e-02,1.537000299459902880e-02,0.000000000000000000e+00,1.000000000000000000e+00
-4.429996017946608022e-03,2.518303750543717662e-02,0.000000000000000000e+00,0.000000000000000000e+00
-7.226254891396199573e-03,4.307611297307928529e-03,1.000000000000000000e+00,0.000000000000000000e+00
-2.884225978052377959e-02,-4.881875835526659768e-02,1.000000000000000000e+00,0.000000000000000000e+00
-1.279799345350308114e-02,-4.986832322903243797e-02,1.000000000000000000e+00,0.000000000000000000e+00
-2.667187767917336000e-02,-2.646890650465635181e-02,1.000000000000000000e+00,0.000000000000000000e+00
-2.473921957050348452e-02,9.360153314503200789e-03,1.000000000000000000e+00,0.000000000000000000e+00
7.479216296542718669e-03,-3.966670065429711393e-03,1.000000000000000000e+00,0.000000000000000000e+00
-1.760991995287770895e-02,-5.261901184606158216e-02,1.000000000000000000e+00,0.000000000000000000e+00
4.352113849220104295e-03,-3.306652146010152782e-02,1.000000000000000000e+00,0.000000000000000000e+00
-2.548790792529304072e-02,-3.693903359137239053e-04,1.000000000000000000e+00,1.000000000000000000e+00
-2.462586769349051422e-02,1.676533759284960009e-03,1.000000000000000000e+00,0.000000000000000000e+00
5.039116942058720697e-03,-4.783551631517177216e-02,1.000000000000000000e+00,0.000000000000000000e+00
-2.472167060406756794e-02,1.194086568006955812e-02,1.000000000000000000e+00,0.000000000000000000e+00
-1.367091651476637186e-02,-3.655195784351109034e-02,1.000000000000000000e+00,0.000000000000000000e+00
7.664688429326492122e-03,-4.843067411814154510e-02,1.000000000000000000e+00,0.000000000000000000e+00
4.152336433965632401e-02,-1.376973006276701293e-02,0.000000000000000000e+00,0.000000000000000000e+00
-2.585416119006536673e-02,-1.886330305804247501e-02,1.000000000000000000e+00,0.000000000000000000e+00
-2.524588997227485143e-02,4.073223142430352182e-03,1.000000000000000000e+00,0.000000000000000000e+00
-2.525441289740976494e-02,-9.613747142323837355e-03,1.000000000000000000e+00,0.000000000000000000e+00
-2.743381009908943749e-02,-2.853611160193514351e-02,1.000000000000000000e+00,0.000000000000000000e+00
-2.400913361892687350e-02,2.089281457106924658e-02,1.000000000000000000e+00,1.000000000000000000e+00
6.546092602153141815e-02,6.229461143949079072e-02,0.000000000000000000e+00,1.000000000000000000e+00
-3.433250654570917538e-03,-4.093635517967128545e-02,1.000000000000000000e+00,0.000000000000000000e+00
-9.801876392907443725e-03,-2.372100059831974347e-02,1.000000000000000000e+00,0.000000000000000000e+00
-2.691070982542873025e-02,-2.214214621086182597e-02,1.000000000000000000e+00,0.000000000000000000e+00
-2.099317734318160015e-05,-3.504104127976297167e-02,1.000000000000000000e+00,0.000000000000000000e+00
-2.040837282685337845e-02,-1.926433602454490079e-02,1.000000000000000000e+00,0.000000000000000000e+00
1.185835446172795599e-02,-3.874958769907695805e-02,1.000000000000000000e+00,0.000000000000000000e+00
1.692404078201408327e-02,3.265905767698546597e-02,0.000000000000000000e+00,0.000000000000000000e+00
2.602018926871592017e-02,-1.176117144610495761e-02,1.000000000000000000e+00,1.000000000000000000e+00
-2.801699368657461706e-02,-3.665333245591869543e-02,1.000000000000000000e+00,0.000000000000000000e+00
-2.363762743721648657e-02,2.378414450364857435e-02,1.000000000000000000e+00,0.000000000000000000e+00
-1.174392957716952762e-02,-1.146052870232442365e-02,1.000000000000000000e+00,0.000000000000000000e+00
1.012747542200361471e-02,-3.434431334047258200e-02,1.000000000000000000e+00,0.000000000000000000e+00
7.810636593659935067e-02,-5.748124928558171615e-03,0.000000000000000000e+00,0.000000000000000000e+00
-5.181218310354757974e-03,-7.344942368670962819e-03,1.000000000000000000e+00,0.000000000000000000e+00
1.383952876090700085e-02,-2.534670862936991287e-02,1.000000000000000000e+00,0.000000000000000000e+00
-2.467589133090233519e-02,8.465504129883583487e-03,1.000000000000000000e+00,1.000000000000000000e+00
-2.361371951230776048e-02,2.547959546559081662e-02,0.000000000000000000e+00,0.000000000000000000e+00
-1.659479231757723938e-02,9.688650061894182874e-02,0.000000000000000000e+00,1.000000000000000000e+00
-2.114033204851759745e-02,4.470767986277455336e-02,0.000000000000000000e+00,1.000000000000000000e+00
-2.531259512954825777e-02,-6.961846746471531122e-03,1.000000000000000000e+00,0.000000000000000000e+00
-2.403695493695148094e-02,1.654583685230914814e-02,1.000000000000000000e+00,0.000000000000000000e+00
-2.608619492855127411e-02,-9.443144740366735471e-03,1.000000000000000000e+00,0.000000000000000000e+00
1.585540731974389717e-01,-5.776941566884261081e-02,0.000000000000000000e+00,1.000000000000000000e+00
-2.697060105732455859e-02,-2.597531274388605038e-02,1.000000000000000000e+00,0.000000000000000000e+00
-2.273996978050185636e-02,3.782522923168344514e-02,0.000000000000000000e+00,1.000000000000000000e+00
-2.614699150196510627e-02,-1.067868653091192006e-02,1.000000000000000000e+00,0.000000000000000000e+00
2.808147115079936626e-02,5.917712489831413597e-02,0.000000000000000000e+00,1.000000000000000000e+00
-2.946318844668717463e-02,-5.713406775145612321e-02,1.000000000000000000e+00,0.000000000000000000e+00
-2.438038919090102299e-02,2.770636730066598254e-03,1.000000000000000000e+00,1.000000000000000000e+00
1.813696421987692764e-02,-1.947610613516067776e-02,1.000000000000000000e+00,0.000000000000000000e+00
-2.344910246805386247e-02,2.788795349368735493e-02,0.000000000000000000e+00,1.000000000000000000e+00
7.261184462088245660e-03,-5.359726144520216701e-02,1.000000000000000000e+00,0.000000000000000000e+00
4.625089774090813954e-02,-1.736966762373049616e-02,0.000000000000000000e+00,0.000000000000000000e+00
3.741657600509039339e-02,6.441004099587548104e-02,0.000000000000000000e+00,1.000000000000000000e+00
-2.870896865376253160e-02,-4.647876506607073049e-02,1.000000000000000000e+00,0.000000000000000000e+00
-1.994200276076023987e-02,-3.948265099915826415e-02,1.000000000000000000e+00,0.000000000000000000e+00
-2.020611079113122585e-02,7.299297915520164270e-02,0.000000000000000000e+00,1.000000000000000000e+00
1.071075363772233321e-02,-2.548527370866563238e-02,1.000000000000000000e+00,0.000000000000000000e+00
-2.517932568616505426e-02,-3.382901486491747718e-03,1.000000000000000000e+00,0.000000000000000000e+00
-2.754967776991484874e-02,-2.995359518746937635e-02,1.000000000000000000e+00,0.000000000000000000e+00
-2.373851963304028645e-02,1.248052010146676744e-02,1.000000000000000000e+00,0.000000000000000000e+00
1.680755867136096704e-02,3.218719790590317958e-02,0.000000000000000000e+00,1.000000000000000000e+00
-2.038129861135187099e-02,7.136045932379422863e-02,0.000000000000000000e+00,1.000000000000000000e+00
-2.397790872864062617e-02,9.366081680964364817e-03,1.000000000000000000e+00,0.000000000000000000e+00
7.011154233312560935e-02,4.069128714640794092e-02,0.000000000000000000e+00,1.000000000000000000e+00
-1.429920128369738426e-02,-3.190065326309424187e-02,1.000000000000000000e+00,0.000000000000000000e+00
6.141119599179478694e-02,1.182597814663708183e-02,0.000000000000000000e+00,0.000000000000000000e+00
2.991939842130965713e-02,-2.705609891934114553e-02,1.000000000000000000e+00,0.000000000000000000e+00
2.230134516373742312e-02,-3.107067263679828134e-02,1.000000000000000000e+00,0.000000000000000000e+00
3.893395159246419712e-02,4.510128561553286564e-02,0.000000000000000000e+00,1.000000000000000000e+00
7.778837968710872186e-02,2.698281333771144000e-02,0.000000000000000000e+00,1.000000000000000000e+00
-2.532842011840242755e-02,-8.021312137301091563e-03,1.000000000000000000e+00,0.000000000000000000e+00
-2.637110448217177064e-02,-2.223942869146087672e-02,1.000000000000000000e+00,0.000000000000000000e+00
-2.576359572845681595e-02,-1.648180020244700145e-02,1.000000000000000000e+00,0.000000000000000000e+00
1.318065891474558965e-02,1.519171030890309124e-03,1.000000000000000000e+00,1.000000000000000000e+00
-2.905401595164853676e-02,-5.068873112531122049e-02,1.000000000000000000e+00,0.000000000000000000e+00
-2.066807070482732170e-02,6.917152167629836423e-02,0.000000000000000000e+00,0.000000000000000000e+00
-2.553452883096160239e-02,-2.082548754871423654e-03,1.000000000000000000e+00,0.000000000000000000e+00
-4.521638163430815455e-03,-4.593059223931020285e-02,1.000000000000000000e+00,0.000000000000000000e+00
2.614761835960749750e-02,7.940556838829694597e-02,0.000000000000000000e+00,1.000000000000000000e+00
3.735457359099850216e-02,2.465291817142668471e-02,0.000000000000000000e+00,0.000000000000000000e+00
-2.879033974417834641e-03,-2.210927216238137757e-03,1.000000000000000000e+00,0.000000000000000000e+00
-2.703263945415385755e-02,-3.321253590350719404e-02,1.000000000000000000e+00,0.000000000000000000e+00
-3.368746086872895923e-02,-1.285137161669838990e-01,1.000000000000000000e+00,1.000000000000000000e+00
-2.367445065872217543e-03,-3.046724788294005032e-02,1.000000000000000000e+00,0.000000000000000000e+00
-2.579365345265940968e-02,-1.693657993416627580e-02,1.000000000000000000e+00,0.000000000000000000e+00
-2.810878919535393650e-02,-3.801940406899133318e-02,1.000000000000000000e+00,0.000000000000000000e+00
8.300874814336342902e-03,7.006665597861846950e-02,0.000000000000000000e+00,1.000000000000000000e+00
2.797365705315011525e-02,-4.861444407768002011e-03,0.000000000000000000e+00,0.000000000000000000e+00
-4.447302397908568274e-03,-4.737118886572474347e-02,1.000000000000000000e+00,0.000000000000000000e+00
-2.438789347686069753e-02,1.671627827972369668e-02,1.000000000000000000e+00,0.000000000000000000e+00
-2.698209105647862011e-02,-3.033611863370209993e-02,1.000000000000000000e+00,1.000000000000000000e+00
4.074562144219814191e-02,8.044531094440370619e-04,0.000000000000000000e+00,0.000000000000000000e+00
-2.691737280532904841e-02,-1.922983642440307880e-02,1.000000000000000000e+00,0.000000000000000000e+00
-2.719986348503403151e-02,-2.621160790692633052e-02,1.000000000000000000e+00,0.000000000000000000e+00
-2.140347025829658092e-04,-3.021846416231662585e-02,1.000000000000000000e+00,0.000000000000000000e+00
1.102225844390609770e-02,4.454231182696307551e-02,0.000000000000000000e+00,1.000000000000000000e+00
2.841568332621882340e-02,2.250341232642616082e-02,0.000000000000000000e+00,1.000000000000000000e+00
-2.387680350552850994e-02,2.230692228969965649e-02,1.000000000000000000e+00,0.000000000000000000e+00
-2.828434320577915065e-02,-4.000557479356287721e-02,1.000000000000000000e+00,0.000000000000000000e+00
7.559802152227584893e-02,-1.336208765198386786e-02,0.000000000000000000e+00,0.000000000000000000e+00
-8.409435199080449869e-03,-6.137889913238131490e-02,1.000000000000000000e+00,0.000000000000000000e+00
1.580220157514821214e-02,-2.931837761904100212e-03,1.000000000000000000e+00,0.000000000000000000e+00
-2.625753108185052698e-02,-1.095034477338417342e-02,1.000000000000000000e+00,0.000000000000000000e+00
-2.372828596062750289e-02,2.423567615565853581e-02,1.000000000000000000e+00,1.000000000000000000e+00
-2.443756705470400553e-02,1.270982517994157825e-02,1.000000000000000000e+00,0.000000000000000000e+00
-2.730848294635026402e-02,-3.282232693549427816e-02,1.000000000000000000e+00,0.000000000000000000e+00
-1.538145524590707556e-03,-3.129582342195680322e-02,1.000000000000000000e+00,0.000000000000000000e+00
7.134480753208459480e-03,-9.441897238117382893e-03,1.000000000000000000e+00,0.000000000000000000e+00
3.260615750633558824e-02,-2.131926916408816153e-02,1.000000000000000000e+00,0.000000000000000000e+00
-2.549645808825271726e-02,-1.483119983938627163e-03,1.000000000000000000e+00,0.000000000000000000e+00
7.811248800444334749e-03,-5.400671718804963585e-03,1.000000000000000000e+00,0.000000000000000000e+00
-2.558781634002637098e-02,-4.244345988446883433e-03,1.000000000000000000e+00,0.000000000000000000e+00
-6.843833101352657725e-03,-4.112432261585408089e-02,1.000000000000000000e+00,0.000000000000000000e+00
-2.789655872498529240e-02,-3.485389365719400445e-02,1.000000000000000000e+00,0.000000000000000000e+00
-1.087080292711330859e-02,-5.173914452813681980e-02,1.000000000000000000e+00,0.000000000000000000e+00
-2.458653530324658720e-02,1.096306147106049407e-02,1.000000000000000000e+00,1.000000000000000000e+00
-2.554606134116966035e-02,-1.419988432807233695e-03,1.000000000000000000e+00,0.000000000000000000e+00
-2.975254032824619504e-02,-5.845284865459368651e-02,1.000000000000000000e+00,0.000000000000000000e+00
4.041886425337636729e-02,-1.021250136526731522e-02,0.000000000000000000e+00,0.000000000000000000e+00
2.426841083202984153e-02,1.738412577598703618e-03,0.000000000000000000e+00,1.000000000000000000e+00
3.986203977442221574e-02,-3.932141391181089018e-02,1.000000000000000000e+00,1.000000000000000000e+00
3.413344170594344307e-02,-6.537756111617902890e-03,0.000000000000000000e+00,1.000000000000000000e+00
-2.621853938404028472e-02,-1.945721867497926180e-02,1.000000000000000000e+00,1.000000000000000000e+00
-9.938032339382060071e-03,-3.694753134918565135e-02,1.000000000000000000e+00,0.000000000000000000e+00
-3.617313897708444512e-03,-3.712578080707920614e-02,1.000000000000000000e+00,0.000000000000000000e+00
4.995551790980327228e-02,5.981900121354628841e-02,0.000000000000000000e+00,1.000000000000000000e+00
4.442701971008361506e-02,6.450782545797510703e-02,0.000000000000000000e+00,1.000000000000000000e+00
2.698369128558592359e-02,-2.472479946326776789e-04,0.000000000000000000e+00,0.000000000000000000e+00
2.478616441308900556e-04,5.439323536771568934e-02,0.000000000000000000e+00,0.000000000000000000e+00
-1.802385331644627484e-02,9.468163807934781850e-02,0.000000000000000000e+00,0.000000000000000000e+00
2.148257739539401190e-02,3.029230433246863155e-02,0.000000000000000000e+00,0.000000000000000000e+00
-2.186644636758220892e-02,3.689714625246381940e-02,0.000000000000000000e+00,0.000000000000000000e+00
-2.271130585980030148e-02,2.552971524257446195e-02,0.000000000000000000e+00,0.000000000000000000e+00
-2.436366383371407762e-02,5.286096024129668426e-03,1.000000000000000000e+00,0.000000000000000000e+00
-2.298968127145509938e-02,3.500130609679970306e-02,0.000000000000000000e+00,0.000000000000000000e+00
-2.527681023457110585e-02,9.753992952493443450e-04,1.000000000000000000e+00,0.000000000000000000e+00
-2.252026871148295195e-02,3.443528990826780212e-02,0.000000000000000000e+00,0.000000000000000000e+00
3.300119571594503642e-02,-3.271069807879269792e-02,1.000000000000000000e+00,1.000000000000000000e+00
8.576444168183722933e-03,-1.103834844653449158e-02,1.000000000000000000e+00,0.000000000000000000e+00
-7.078677835243684779e-04,6.796921435751649213e-03,1.000000000000000000e+00,0.000000000000000000e+00
-2.280719696274384478e-02,2.956709791576501989e-02,0.000000000000000000e+00,0.000000000000000000e+00
7.863421133905151850e-02,1.136742656475164120e-02,0.000000000000000000e+00,1.000000000000000000e+00
-2.358604886093768754e-02,1.382466319768873436e-02,1.000000000000000000e+00,0.000000000000000000e+00
-1.245900490522056960e-02,-4.035926598215958810e-02,1.000000000000000000e+00,0.000000000000000000e+00
1.103123544705254463e-02,-4.800922387899465849e-02,1.000000000000000000e+00,0.000000000000000000e+00
-2.340255489699070296e-02,2.771590966118670299e-02,0.000000000000000000e+00,1.000000000000000000e+00
5.320149949858560962e-02,-7.914437105570899106e-03,0.000000000000000000e+00,1.000000000000000000e+00
1.232932771058468796e-01,-3.368361386671435420e-02,0.000000000000000000e+00,0.000000000000000000e+00
6.106229096823208996e-02,4.201564186331113032e-02,0.000000000000000000e+00,0.000000000000000000e+00
-2.612707699460755165e-02,-1.558539445986864731e-02,1.000000000000000000e+00,0.000000000000000000e+00
-1.830831670142023596e-02,1.024816436273673220e-01,0.000000000000000000e+00,0.000000000000000000e+00
-7.238808804876806051e-03,-4.424796274152313635e-02,1.000000000000000000e+00,0.000000000000000000e+00
2.118525260993194340e-02,1.519748314302572789e-02,0.000000000000000000e+00,1.000000000000000000e+00
-2.583182216610950543e-02,-6.562223815872926351e-03,1.000000000000000000e+00,0.000000000000000000e+00
-2.459656219777929184e-02,1.080873133916455606e-02,1.000000000000000000e+00,0.000000000000000000e+00
-2.435261258130308817e-02,-5.560545994416887794e-02,1.000000000000000000e+00,0.000000000000000000e+00
-2.467421443129456243e-02,4.436150402513269059e-03,1.000000000000000000e+00,1.000000000000000000e+00
-2.564501045492764003e-02,-3.916339906535910159e-03,1.000000000000000000e+00,1.000000000000000000e+00
2.420497641539662292e-02,-1.948623515950411236e-02,1.000000000000000000e+00,0.000000000000000000e+00
-2.661032053641448902e-02,-2.328151143888433638e-02,1.000000000000000000e+00,0.000000000000000000e+00
-1.906820685240072713e-02,8.932559980505500041e-02,0.000000000000000000e+00,0.000000000000000000e+00
8.618173920125211940e-03,-3.705499599616848827e-02,1.000000000000000000e+00,0.000000000000000000e+00
-2.577250201546170058e-02,-6.351472262258658734e-03,1.000000000000000000e+00,0.000000000000000000e+00
-9.688575949464211731e-03,-3.124697896919783127e-02,1.000000000000000000e+00,0.000000000000000000e+00
-2.438051516468588489e-02,1.342513188901042591e-02,1.000000000000000000e+00,0.000000000000000000e+00
-2.363312782298106901e-02,2.355340054151603899e-02,1.000000000000000000e+00,0.000000000000000000e+00
-2.376627752089288670e-02,2.353020312331070146e-02,1.000000000000000000e+00,0.000000000000000000e+00
-2.659224760736008178e-02,-2.404677489334211549e-02,1.000000000000000000e+00,0.000000000000000000e+00
-2.522272156357620657e-02,2.629412402859774428e-03,1.000000000000000000e+00,1.000000000000000000e+00
1.936710899607443350e-03,-2.430334509722886088e-02,1.000000000000000000e+00,0.000000000000000000e+00
-2.559677656308767188e-02,-3.503166029686508292e-03,1.000000000000000000e+00,0.000000000000000000e+00
3.193830433054325318e-02,-4.584876037419881312e-03,0.000000000000000000e+00,0.000000000000000000e+00
-2.706727899421466216e-02,-2.343776816424963938e-02,1.000000000000000000e+00,0.000000000000000000e+00
-2.588347958791088754e-02,-6.467875125846232406e-03,1.000000000000000000e+00,1.000000000000000000e+00
-2.581697932256255684e-02,-4.824289118290623658e-03,1.000000000000000000e+00,0.000000000000000000e+00
-6.405962289592349521e-03,-2.955173830926333123e-02,1.000000000000000000e+00,0.000000000000000000e+00
1.779226493507141691e-03,-2.807811019055884288e-02,1.000000000000000000e+00,1.000000000000000000e+00
-1.216619234575784352e-02,-1.994819497077853290e-02,1.000000000000000000e+00,0.000000000000000000e+00
6.212821341643920067e-03,-2.304573794103477805e-02,1.000000000000000000e+00,0.000000000000000000e+00
-2.402468963132982360e-02,1.833546141894064688e-02,1.000000000000000000e+00,0.000000000000000000e+00
-2.222142506144044599e-02,4.589474027831544345e-02,0.000000000000000000e+00,1.000000000000000000e+00
-2.799140340319926368e-02,-3.615379221006458088e-02,1.000000000000000000e+00,0.000000000000000000e+00
2.059707467070743050e-02,-3.105337266277285665e-02,1.000000000000000000e+00,0.000000000000000000e+00
1.127078331031736297e-01,-4.150467753026935644e-03,0.000000000000000000e+00,0.000000000000000000e+00
2.320647172041123349e-02,4.529580790394827777e-02,0.000000000000000000e+00,1.000000000000000000e+00
2.877303565025724277e-02,5.079257069823288340e-02,0.000000000000000000e+00,1.000000000000000000e+00
1.693237284496640349e-02,1.395543840760329717e-02,0.000000000000000000e+00,1.000000000000000000e+00
-2.552606572632932017e-02,-9.863097862799298510e-03,1.000000000000000000e+00,0.000000000000000000e+00
3.473197696279573844e-03,-4.180709021361003752e-02,1.000000000000000000e+00,0.000000000000000000e+00
7.541137259103315900e-03,-1.045908489184833000e-02,1.000000000000000000e+00,0.000000000000000000e+00
-3.273255715800824192e-04,1.518269066962609328e-03,1.000000000000000000e+00,0.000000000000000000e+00
-2.490920664045859559e-02,6.510570776137182547e-03,1.000000000000000000e+00,0.000000000000000000e+00
1.563192286358961597e-02,-2.619285582707408730e-02,1.000000000000000000e+00,0.000000000000000000e+00
1.424930652171569057e-01,-2.298933657128682251e-02,0.000000000000000000e+00,1.000000000000000000e+00
1.428803385279578614e-03,-2.943198459595509908e-02,1.000000000000000000e+00,0.000000000000000000e+00
3.711541416876748545e-02,-1.459535165496285251e-02,1.000000000000000000e+00,0.000000000000000000e+00
-2.345298938385208601e-02,2.813293647228706784e-02,0.000000000000000000e+00,0.000000000000000000e+00
-6.006775961050223565e-03,-4.517220495264973046e-02,1.000000000000000000e+00,1.000000000000000000e+00
-2.093466716780680026e-02,6.443825583531326284e-02,0.000000000000000000e+00,0.000000000000000000e+00
-1.743949324588844538e-02,9.786203518303068782e-02,0.000000000000000000e+00,1.000000000000000000e+00
5.066309468663276333e-02,4.035633923284655256e-02,0.000000000000000000e+00,1.000000000000000000e+00
1.784209200012162530e-02,2.299362301161697250e-02,0.000000000000000000e+00,1.000000000000000000e+00
-2.449291070675104626e-02,1.723432257616887026e-03,1.000000000000000000e+00,1.000000000000000000e+00
1.561985998103071829e-02,-1.807253959457269521e-02,1.000000000000000000e+00,0.000000000000000000e+00
-2.192966656871642162e-02,4.611481665074927683e-02,0.000000000000000000e+00,1.000000000000000000e+00
-2.492455307873703979e-02,-5.960099837190751572e-04,1.000000000000000000e+00,1.000000000000000000e+00
3.175456148649762056e-02,-4.102420472984000255e-02,1.000000000000000000e+00,0.000000000000000000e+00
9.164569063530176793e-03,3.829345743102488542e-02,0.000000000000000000e+00,0.000000000000000000e+00
3.057637258448376097e-02,4.171079604935807456e-02,0.000000000000000000e+00,0.000000000000000000e+00
-2.645919304025822968e-02,-1.869492063348872010e-02,1.000000000000000000e+00,0.000000000000000000e+00
-1.305549709280289829e-02,-4.815885816913976353e-02,1.000000000000000000e+00,0.000000000000000000e+00
4.956465670498169662e-02,-1.400308974453084998e-02,0.000000000000000000e+00,0.000000000000000000e+00
-2.660317210465890439e-02,-1.462653066470291814e-02,1.000000000000000000e+00,0.000000000000000000e+00
-1.854487834132984708e-02,9.620460831543405089e-02,0.000000000000000000e+00,1.000000000000000000e+00
-2.142513242772342216e-02,5.753878388638393460e-02,0.000000000000000000e+00,1.000000000000000000e+00
-2.698968128789649285e-02,-2.336723184090365099e-02,1.000000000000000000e+00,0.000000000000000000e+00
-2.480189056588267410e-02,7.526619863722226571e-03,1.000000000000000000e+00,1.000000000000000000e+00
5.433995471835417063e-02,-4.984931338061382444e-02,1.000000000000000000e+00,0.000000000000000000e+00
-1.602984887766900277e-02,-7.511430421079019759e-02,1.000000000000000000e+00,0.000000000000000000e+00
-2.049471939417316785e-02,5.691494649670343631e-02,0.000000000000000000e+00,1.000000000000000000e+00
5.790419007858831416e-03,-3.626118738131528518e-02,1.000000000000000000e+00,0.000000000000000000e+00
-2.413936939825433656e-02,1.695500299566764929e-02,1.000000000000000000e+00,1.000000000000000000e+00
-2.317559597867845100e-02,3.510245026384532091e-02,0.000000000000000000e+00,0.000000000000000000e+00
3.880583183801947916e-02,-7.321343896754140684e-03,0.000000000000000000e+00,0.000000000000000000e+00
-2.402597675458179732e-02,1.864781708986944231e-02,1.000000000000000000e+00,0.000000000000000000e+00
-2.569470779677479957e-02,-9.996404619594764784e-03,1.000000000000000000e+00,0.000000000000000000e+00
3.203057700573709587e-02,7.571354430518094890e-03,0.000000000000000000e+00,0.000000000000000000e+00
3.306696893328844172e-02,1.713925435095736000e-02,0.000000000000000000e+00,1.000000000000000000e+00
-2.561220057931125338e-02,-2.848805112586338083e-03,1.000000000000000000e+00,0.000000000000000000e+00
-2.084805143824774304e-02,6.410371822323832069e-02,0.000000000000000000e+00,1.000000000000000000e+00
4.803697739214954007e-03,-3.781901529013676454e-03,1.000000000000000000e+00,0.000000000000000000e+00
1.493918917856443436e-02,3.530249518272278019e-03,0.000000000000000000e+00,1.000000000000000000e+00
-2.731348361112135789e-02,-2.740691268724540150e-02,1.000000000000000000e+00,0.000000000000000000e+00
1.236874294907790994e-01,-2.114581966669796739e-02,0.000000000000000000e+00,1.000000000000000000e+00
1.766088536959327035e-02,4.991721957511720265e-02,0.000000000000000000e+00,1.000000000000000000e+00
-2.733727285195390946e-02,-2.759516005490675675e-02,1.000000000000000000e+00,0.000000000000000000e+00
2.341569003267639573e-02,6.628279455775534876e-04,0.000000000000000000e+00,0.000000000000000000e+00
-2.475710839318978271e-02,7.761861107817688912e-03,1.000000000000000000e+00,0.000000000000000000e+00
3.678174613368229845e-02,-1.414202243031150580e-02,1.000000000000000000e+00,0.000000000000000000e+00
-2.356619248664311786e-02,1.791263330743387422e-02,1.000000000000000000e+00,1.000000000000000000e+00
-1.990385472858385504e-02,6.981522366092859921e-02,0.000000000000000000e+00,1.000000000000000000e+00
-2.468131276829351947e-02,1.075916673665497890e-02,1.000000000000000000e+00,0.000000000000000000e+00
5.264273218022956329e-03,-1.506744114745431004e-02,1.000000000000000000e+00,0.000000000000000000e+00
-2.717602948903878601e-02,-3.651388485121685734e-02,1.000000000000000000e+00,0.000000000000000000e+00
-2.614880331532017793e-02,-9.033820427099948855e-03,1.000000000000000000e+00,1.000000000000000000e+00
7.770476276926319148e-02,-3.070112278033703887e-02,0.000000000000000000e+00,0.000000000000000000e+00
-2.086850453459758101e-02,6.449251718255427646e-02,0.000000000000000000e+00,1.000000000000000000e+00
2.219068007583829133e-02,-4.511834439169919164e-02,1.000000000000000000e+00,1.000000000000000000e+00
9.611900072285713137e-02,2.075664681499645413e-03,0.000000000000000000e+00,0.000000000000000000e+00
-1.690664274578507556e-02,1.516868482078379335e-02,1.000000000000000000e+00,0.000000000000000000e+00
-2.333410509825269499e-02,1.851351496841207103e-02,1.000000000000000000e+00,1.000000000000000000e+00
6.497729031139609646e-02,-1.573436536079335021e-02,0.000000000000000000e+00,0.000000000000000000e+00
-2.607628344921712402e-02,-9.782679343548844608e-03,1.000000000000000000e+00,0.000000000000000000e+00
1.002267310133364564e-01,3.289506471254766834e-02,0.000000000000000000e+00,1.000000000000000000e+00
3.661144195641252014e-02,4.647757997346617376e-02,0.000000000000000000e+00,1.000000000000000000e+00
-2.635713538622844881e-02,-1.672960719162849830e-02,1.000000000000000000e+00,0.000000000000000000e+00
2.904267707535961376e-02,-3.181098407827796098e-02,1.000000000000000000e+00,0.000000000000000000e+00
-2.586278913482061362e-02,-1.334732330880779305e-02,1.000000000000000000e+00,1.000000000000000000e+00
-2.716166028282374773e-02,-3.053301723036101409e-02,1.000000000000000000e+00,0.000000000000000000e+00
3.613131839611630203e-02,-2.634730874997448166e-02,1.000000000000000000e+00,0.000000000000000000e+00
1.678667706134724658e-02,2.676647931641065736e-02,0.000000000000000000e+00,1.000000000000000000e+00
7.804251305283598644e-03,-3.581816688813724194e-03,1.000000000000000000e+00,0.000000000000000000e+00
-2.499129343921408994e-02,6.169299405329760691e-03,1.000000000000000000e+00,0.000000000000000000e+00
-2.447198003319028814e-02,1.156794965157132435e-03,1.000000000000000000e+00,0.000000000000000000e+00
3.026712798311784886e-02,-1.849863758307771291e-02,1.000000000000000000e+00,0.000000000000000000e+00
-2.240672860066393948e-02,3.324704664727745618e-02,0.000000000000000000e+00,0.000000000000000000e+00
-2.006305842906814380e-02,7.423914673763233607e-02,0.000000000000000000e+00,0.000000000000000000e+00
-2.722393145033014453e-02,-2.658411733918707165e-02,1.000000000000000000e+00,0.000000000000000000e+00
6.284247827018286285e-04,1.176638832024545257e-02,0.000000000000000000e+00,1.000000000000000000e+00
-2.452764188399173678e-02,1.128789597584546958e-02,1.000000000000000000e+00,1.000000000000000000e+00
1.706410060016453831e-02,5.699905736281791341e-02,0.000000000000000000e+00,1.000000000000000000e+00
2.452233820701470515e-02,-3.249233225230803435e-02,1.000000000000000000e+00,0.000000000000000000e+00
-2.573092601872850951e-02,-3.065979575024430775e-03,1.000000000000000000e+00,0.000000000000000000e+00
-2.629771584851441427e-02,-2.267767309806878115e-02,1.000000000000000000e+00,0.000000000000000000e+00
1.283376258767020446e-02,8.075519849338588579e-04,1.000000000000000000e+00,0.000000000000000000e+00
-2.866824641448540573e-02,-5.221642504125329626e-02,1.000000000000000000e+00,0.000000000000000000e+00
2.236972080972173330e-02,-3.827742460602195917e-02,1.000000000000000000e+00,0.000000000000000000e+00
-2.594662094372169811e-02,-7.627182164505363904e-03,1.000000000000000000e+00,1.000000000000000000e+00
2.182097928330210476e-02,-5.945090700511303575e-03,1.000000000000000000e+00,1.000000000000000000e+00
2.400495162972998697e-03,-2.890574345787282409e-02,1.000000000000000000e+00,0.000000000000000000e+00
9.756266710194614472e-03,-2.199959790440786725e-02,1.000000000000000000e+00,0.000000000000000000e+00
-2.262492134401504137e-02,3.963942368702095403e-02,0.000000000000000000e+00,1.000000000000000000e+00
2.150379090607034208e-02,3.296715437037919111e-02,0.000000000000000000e+00,0.000000000000000000e+00
6.408894835817570586e-03,-2.327496286918542129e-02,1.000000000000000000e+00,0.000000000000000000e+00
-2.140844698028035453e-02,4.255385447901991608e-02,0.000000000000000000e+00,1.000000000000000000e+00
-9.703807216197384705e-03,-4.298153360859084671e-02,1.000000000000000000e+00,0.000000000000000000e+00
4.198940386177647810e-02,6.146039219332016107e-02,0.000000000000000000e+00,1.000000000000000000e+00
-2.125914085102014253e-02,5.979823099400167347e-02,0.000000000000000000e+00,1.000000000000000000e+00
-2.340644394495361436e-02,2.700915121911491579e-02,0.000000000000000000e+00,1.000000000000000000e+00
-1.336647518655343769e-03,5.033988906676798618e-04,1.000000000000000000e+00,0.000000000000000000e+00
-2.542407035870003842e-02,-7.922699633964049720e-03,1.000000000000000000e+00,0.000000000000000000e+00
1.362500826062977843e-01,1.581186654653626844e-02,0.000000000000000000e+00,1.000000000000000000e+00
-2.117902483350314266e-02,5.076083187383820250e-02,0.000000000000000000e+00,1.000000000000000000e+00
1.033614652516929612e-02,7.040999504451210880e-03,0.000000000000000000e+00,1.000000000000000000e+00
-2.231257000374579219e-02,3.160648514236164691e-02,0.000000000000000000e+00,0.000000000000000000e+00
-2.422066485004285147e-02,1.757587445735287954e-02,1.000000000000000000e+00,1.000000000000000000e+00
-2.570954162709258861e-02,-5.464993735407385617e-03,1.000000000000000000e+00,0.000000000000000000e+00
-1.842799739705991077e-02,1.002028417094005253e-01,0.000000000000000000e+00,1.000000000000000000e+00
-2.221269359140192953e-02,-3.406748346644938169e-02,1.000000000000000000e+00,0.000000000000000000e+00
-1.987407060674649395e-02,6.884820191402223066e-02,0.000000000000000000e+00,1.000000000000000000e+00
-2.732293462258223934e-02,-2.676212948913548467e-02,1.000000000000000000e+00,0.000000000000000000e+00
2.954218755521580142e-02,-3.099511114240394855e-02,1.000000000000000000e+00,0.000000000000000000e+00
-2.405069849141432126e-02,1.016751143600784675e-02,1.000000000000000000e+00,0.000000000000000000e+00
9.808659383322631403e-03,-4.432139934695629793e-03,1.000000000000000000e+00,0.000000000000000000e+00
-2.419872177278223693e-02,1.786409370761222332e-02,1.000000000000000000e+00,1.000000000000000000e+00
-2.641899155050066866e-02,-2.441323053450244682e-02,1.000000000000000000e+00,0.000000000000000000e+00
