-2.249203561529937474e+02,-1.963766145872806987e+02,0.000000000000000000e+00,1.000000000000000000e+00
-1.508079213090566100e+02,-1.409687781973221092e+02,0.000000000000000000e+00,0.000000000000000000e+00
-2.486505646778188918e+02,-2.292737325362114973e+02,0.000000000000000000e+00,1.000000000000000000e+00
-9.974530728923535605e+01,-3.944630652140715199e+01,0.000000000000000000e+00,0.000000000000000000e+00
-9.541657864916206222e+01,3.906168885393392287e+01,1.000000000000000000e+00,1.000000000000000000e+00
-1.760287178799700598e+02,-1.875472852037462133e+02,0.000000000000000000e+00,0.000000000000000000e+00
-8.113927667175769898e+01,-1.096061275943996804e+01,1.000000000000000000e+00,1.000000000000000000e+00
-1.195267430407834865e+02,-8.806159350248273654e+01,0.000000000000000000e+00,0.000000000000000000e+00
3.564468695842469970e+01,3.741027149259913358e+02,1.000000000000000000e+00,1.000000000000000000e+00
-1.959388066541664273e+02,-2.277286269335907889e+02,0.000000000000000000e+00,1.000000000000000000e+00
-1.801783183284812822e+02,-2.043420303794544566e+02,0.000000000000000000e+00,0.000000000000000000e+00
-2.343397679211829825e+02,-2.253028752042370684e+02,0.000000000000000000e+00,1.000000000000000000e+00
-1.958757824561518248e+02,-2.150565737105106905e+02,0.000000000000000000e+00,0.000000000000000000e+00
2.490475564563190289e+02,7.193625893192644298e+02,1.000000000000000000e+00,1.000000000000000000e+00
-1.333001232837785039e+02,-2.576489315854470874e+01,0.000000000000000000e+00,1.000000000000000000e+00
-1.016170400536098839e+02,-8.017692033998901024e+01,0.000000000000000000e+00,1.000000000000000000e+00
-7.461109526843380024e+01,7.773293306418081272e+01,1.000000000000000000e+00,1.000000000000000000e+00
-1.637801465846345650e+02,-1.774516905393968216e+02,0.000000000000000000e+00,1.000000000000000000e+00
-9.920487798738257368e+01,-1.202711244825771075e+01,1.000000000000000000e+00,0.000000000000000000e+00
-1.315974984286336280e+02,-6.221361661686952971e+01,0.000000000000000000e+00,1.000000000000000000e+00
-8.255119020666322172e+01,7.189072092164570904e+01,1.000000000000000000e+00,0.000000000000000000e+00
-1.524037790883807872e+02,-1.855455667413534684e+02,0.000000000000000000e+00,0.000000000000000000e+00
-2.770425951376813032e+02,-2.734179283851718196e+02,0.000000000000000000e+00,1.000000000000000000e+00
-2.044468586090568181e+02,-1.742050218254485969e+02,0.000000000000000000e+00,1.000000000000000000e+00
-1.444163919835550587e+02,-5.070828637710112474e+01,0.000000000000000000e+00,1.000000000000000000e+00
-1.248194411035560449e+02,-4.378799450101593038e+01,0.000000000000000000e+00,1.000000000000000000e+00
-2.070445615735866909e+02,-2.151641123002584095e+02,0.000000000000000000e+00,1.000000000000000000e+00
-7.740910876274729446e+01,3.433571916074527608e-01,1.000000000000000000e+00,0.000000000000000000e+00
-1.503811905098265527e+02,-8.620271532484537147e+01,0.000000000000000000e+00,0.000000000000000000e+00
-1.856413280766772687e+02,-2.114298249537692413e+02,0.000000000000000000e+00,0.000000000000000000e+00
-1.702175930000009316e+02,-1.748827587930393861e+02,0.000000000000000000e+00,0.000000000000000000e+00
-1.042382579921503947e+02,6.710275038278138027e+01,1.000000000000000000e+00,1.000000000000000000e+00
-1.090397349387297936e+02,-7.829366813723105167e+01,0.000000000000000000e+00,0.000000000000000000e+00
-1.615078524792989185e+02,-1.887209321770988026e+02,0.000000000000000000e+00,0.000000000000000000e+00
-1.975882318651695471e+02,-1.790851495605448065e+02,0.000000000000000000e+00,0.000000000000000000e+00
-5.505086793816540336e+01,7.127719616103200906e+01,1.000000000000000000e+00,0.000000000000000000e+00
-1.996630943929876025e+02,-2.021404011741914246e+02,0.000000000000000000e+00,0.000000000000000000e+00
-1.747061397958869975e+02,-1.573022705758862401e+02,0.000000000000000000e+00,1.000000000000000000e+00
-1.659884257788180548e+02,-1.374486943132953343e+02,0.000000000000000000e+00,1.000000000000000000e+00
-6.150503514406909744e+01,7.015933070153829476e+01,1.000000000000000000e+00,1.000000000000000000e+00
-2.203122317632364684e+02,-1.378929796358912085e+02,0.000000000000000000e+00,0.000000000000000000e+00
-1.983652388610743742e+02,-2.119024814948803055e+02,0.000000000000000000e+00,0.000000000000000000e+00
-1.804601571433876757e+02,-1.942349879237913228e+02,0.000000000000000000e+00,0.000000000000000000e+00
-1.260244553984970253e+02,4.784434731528619977e+00,1.000000000000000000e+00,1.000000000000000000e+00
-2.159022505350432084e+02,-2.113053812660531605e+02,0.000000000000000000e+00,0.000000000000000000e+00
-2.721937211042332478e+02,-2.141816904526840801e+02,0.000000000000000000e+00,1.000000000000000000e+00
-1.999219888494296242e+02,-1.943959367043876227e+02,0.000000000000000000e+00,0.000000000000000000e+00
-1.389551725828362692e+02,-1.318771614425430414e+02,0.000000000000000000e+00,0.000000000000000000e+00
-1.713237420824630135e+02,-1.463361779615774196e+02,0.000000000000000000e+00,1.000000000000000000e+00
-1.153648650476369681e+02,-8.637077823561487833e+01,0.000000000000000000e+00,0.000000000000000000e+00
-1.274844975047038531e+02,-8.973049630229593276e+01,0.000000000000000000e+00,0.000000000000000000e+00
-1.310153309523832945e+02,-1.007665676559541623e+02,0.000000000000000000e+00,0.000000000000000000e+00
-1.357621490302491054e+02,-1.174453651310344924e+02,0.000000000000000000e+00,0.000000000000000000e+00
-8.814106102557703082e+01,9.443696057014081191e+01,1.000000000000000000e+00,1.000000000000000000e+00
-2.603403921611757355e+01,1.999719197373935344e+02,1.000000000000000000e+00,0.000000000000000000e+00
-1.178931170885600324e+02,-1.190905066159050705e+02,0.000000000000000000e+00,0.000000000000000000e+00
-9.286774830746074372e+01,1.227612256899981560e+02,1.000000000000000000e+00,1.000000000000000000e+00
-1.352850837318211461e+02,-3.994841921608361446e+01,0.000000000000000000e+00,0.000000000000000000e+00
-2.112204735002228801e+02,-2.300164590050131324e+02,0.000000000000000000e+00,0.000000000000000000e+00
-9.772852944268056774e+01,1.313646631418970401e+01,1.000000000000000000e+00,0.000000000000000000e+00
-9.226497082250577364e+01,-7.352424240010432754e+01,0.000000000000000000e+00,0.000000000000000000e+00
-1.897001202743637691e+02,-1.972073461161088517e+02,0.000000000000000000e+00,1.000000000000000000e+00
-7.818912441270774139e+01,-1.134262359757204024e+02,0.000000000000000000e+00,0.000000000000000000e+00
-1.421649094551534063e+02,-2.960851603982714764e+01,0.000000000000000000e+00,0.000000000000000000e+00
-1.614221741641229073e+02,-1.755359765058348103e+02,0.000000000000000000e+00,1.000000000000000000e+00
-1.706535954410907721e+02,-1.591641493867570603e+02,0.000000000000000000e+00,0.000000000000000000e+00
-1.927156157579898377e+02,-1.900178233009823998e+02,0.000000000000000000e+00,1.000000000000000000e+00
-1.687517826843030093e+02,-2.106594745822882828e+02,0.000000000000000000e+00,0.000000000000000000e+00
-1.339448217580835205e+02,-1.146111515079146415e+02,0.000000000000000000e+00,0.000000000000000000e+00
-1.778457849754182689e+02,-1.001997182598136646e+02,0.000000000000000000e+00,0.000000000000000000e+00
-1.098788125310733079e+02,-5.482305266811578548e+01,0.000000000000000000e+00,1.000000000000000000e+00
-1.355724031191359700e+02,-1.798561202271361026e+01,0.000000000000000000e+00,0.000000000000000000e+00
-1.904872219492849865e+02,-2.074334316251016048e+02,0.000000000000000000e+00,1.000000000000000000e+00
-5.302740618292857278e+01,1.018023407340561306e+02,1.000000000000000000e+00,0.000000000000000000e+00
-1.536117457601191632e+02,-1.438144344377707000e+02,0.000000000000000000e+00,0.000000000000000000e+00
-3.380127042620281941e+01,-4.975092849439164411e+01,1.000000000000000000e+00,0.000000000000000000e+00
-1.077984372123985679e+02,-1.463143005943566095e+02,0.000000000000000000e+00,0.000000000000000000e+00
-1.688707992079106930e+02,-1.479953013301100668e+02,0.000000000000000000e+00,0.000000000000000000e+00
-1.409091462150788630e+02,-1.110507297658544701e+02,0.000000000000000000e+00,1.000000000000000000e+00
-1.820513235070443159e+02,-1.649096690081965448e+02,0.000000000000000000e+00,0.000000000000000000e+00
-1.629171359088086035e+02,-1.419283304018466367e+02,0.000000000000000000e+00,0.000000000000000000e+00
-7.975150249199572272e+01,-6.525336193737109625e+01,0.000000000000000000e+00,0.000000000000000000e+00
-1.092173387683189105e+02,-7.020482546302055482e+01,0.000000000000000000e+00,0.000000000000000000e+00
-1.729933536394193823e+02,-1.530686593021529234e+02,0.000000000000000000e+00,0.000000000000000000e+00
-2.195199633378750548e+02,-2.459953052100761113e+02,0.000000000000000000e+00,1.000000000000000000e+00
-1.127515255593345245e+02,-2.899026099021730474e+01,0.000000000000000000e+00,0.000000000000000000e+00
-1.860165613974512553e+02,-1.416100217357208635e+02,0.000000000000000000e+00,0.000000000000000000e+00
-1.256281444251396664e+02,-7.472108070576753391e+01,0.000000000000000000e+00,0.000000000000000000e+00
-1.420226089429080218e+02,-4.967774439733664593e+01,0.000000000000000000e+00,1.000000000000000000e+00
-1.755824824781639961e+02,-1.656086322742143864e+02,0.000000000000000000e+00,0.000000000000000000e+00
-1.244162015406644457e+02,-1.368926297769463929e+02,0.000000000000000000e+00,0.000000000000000000e+00
-9.047394009514280810e+01,3.236004904982848540e+00,1.000000000000000000e+00,0.000000000000000000e+00
-1.239333663971343071e+02,-8.605782105643581303e+01,0.000000000000000000e+00,0.000000000000000000e+00
-1.843116990518603586e+02,-2.084040619192487895e+02,0.000000000000000000e+00,1.000000000000000000e+00
-1.904734783436166765e+02,-1.397598440592639690e+02,0.000000000000000000e+00,0.000000000000000000e+00
-8.311303121507822311e+01,6.118675423706388727e+01,1.000000000000000000e+00,0.000000000000000000e+00
-1.576999284167945063e+02,-1.390614370795569243e+02,0.000000000000000000e+00,0.000000000000000000e+00
-7.351515685472992345e+01,-2.602201030907990287e+01,1.000000000000000000e+00,0.000000000000000000e+00
-1.133585588552964509e+02,-4.791600861034989123e+01,0.000000000000000000e+00,0.000000000000000000e+00
-9.135725846668711370e+01,5.945165992628975715e+01,1.000000000000000000e+00,1.000000000000000000e+00
-2.290291190731380766e+02,-2.284441789916932919e+02,0.000000000000000000e+00,1.000000000000000000e+00
-2.122086721136076335e+02,-2.023483616747685119e+02,0.000000000000000000e+00,0.000000000000000000e+00
-2.079218357838931581e+02,-2.263222008347396752e+02,0.000000000000000000e+00,0.000000000000000000e+00
-1.226058285265352765e+02,-1.042385839555626035e+02,0.000000000000000000e+00,0.000000000000000000e+00
-1.320495719430965949e+02,-1.512957307154943578e+02,0.000000000000000000e+00,0.000000000000000000e+00
-1.062233355520701537e+02,9.833428547156614741e+00,1.000000000000000000e+00,0.000000000000000000e+00
-1.889722994671515153e+02,-2.342572004910144017e+02,0.000000000000000000e+00,0.000000000000000000e+00
-1.284878528816223877e+02,-2.187107143955932642e+01,0.000000000000000000e+00,0.000000000000000000e+00
-1.340667644175012470e+02,-1.035649191547938699e+02,0.000000000000000000e+00,0.000000000000000000e+00
-1.541126862629906213e+02,-1.327275743951974221e+02,0.000000000000000000e+00,1.000000000000000000e+00
-1.822006210731132398e+02,-6.268303613438141753e+01,0.000000000000000000e+00,1.000000000000000000e+00
7.372274224425824229e+01,3.643031587464698191e+02,1.000000000000000000e+00,1.000000000000000000e+00
-1.464079116166030303e+02,-1.101534977682669876e+02,0.000000000000000000e+00,0.000000000000000000e+00
-1.202025698133659972e+02,-1.378796394783361166e+02,0.000000000000000000e+00,0.000000000000000000e+00
-1.249283117946287547e+02,1.387808621483079996e+01,1.000000000000000000e+00,1.000000000000000000e+00
-2.117269985306032254e+02,-2.426438155472930873e+02,0.000000000000000000e+00,1.000000000000000000e+00
-1.811202959332222520e+02,-1.950424963403075935e+02,0.000000000000000000e+00,1.000000000000000000e+00
-1.124259239949191027e+02,-1.212328241616586695e+02,0.000000000000000000e+00,0.000000000000000000e+00
-1.602327379636595310e+02,-1.412468370836631664e+02,0.000000000000000000e+00,0.000000000000000000e+00
-1.399478062101845524e+02,-1.100038818145552426e+02,0.000000000000000000e+00,0.000000000000000000e+00
-2.064883494325836466e+02,-8.853307064851611585e+01,0.000000000000000000e+00,1.000000000000000000e+00
-1.876180168793900975e+02,-1.471097682573969792e+02,0.000000000000000000e+00,0.000000000000000000e+00
-1.261069834316790264e+02,-5.287008198435540862e+01,0.000000000000000000e+00,0.000000000000000000e+00
-1.832640128121521172e+02,-2.171303339593625026e+02,0.000000000000000000e+00,0.000000000000000000e+00
-1.766243444258461182e+02,-1.905118890076816456e+02,0.000000000000000000e+00,1.000000000000000000e+00
-7.523147183802336713e+01,2.367194347893663675e+01,1.000000000000000000e+00,1.000000000000000000e+00
-1.135401122879962941e+02,-1.889903882000728785e+01,1.000000000000000000e+00,0.000000000000000000e+00
-1.353160156222875230e+02,-4.708173928840685107e+01,0.000000000000000000e+00,0.000000000000000000e+00
-1.107200785453147489e+02,-3.608216294113669420e+01,0.000000000000000000e+00,1.000000000000000000e+00
-1.574000550329804184e+02,-2.032697699668467521e+02,0.000000000000000000e+00,1.000000000000000000e+00
-1.485006615242224086e+02,-3.615409500416833311e+01,0.000000000000000000e+00,1.000000000000000000e+00
-1.672888696452962449e+02,-1.658147618730751844e+02,0.000000000000000000e+00,1.000000000000000000e+00
-1.212851990233410362e+02,4.993811472497936421e+01,1.000000000000000000e+00,1.000000000000000000e+00
-1.501678717348613077e+02,-1.415391563662618353e+02,0.000000000000000000e+00,0.000000000000000000e+00
-1.292412262990207807e+02,-1.045854328785038376e+02,0.000000000000000000e+00,0.000000000000000000e+00
-1.043492674835056420e+02,-1.273624455263862210e+01,1.000000000000000000e+00,0.000000000000000000e+00
-1.438721945018710642e+02,-1.024005519557554464e+02,0.000000000000000000e+00,0.000000000000000000e+00
-1.024196703575793634e+02,-3.795846496596007569e+01,0.000000000000000000e+00,0.000000000000000000e+00
-1.966943316083401783e+02,-2.107059518907458937e+02,0.000000000000000000e+00,0.000000000000000000e+00
1.591431348178232952e+01,2.060560340475691135e+02,1.000000000000000000e+00,0.000000000000000000e+00
-1.840654615604422588e+02,-2.110904629192130528e+02,0.000000000000000000e+00,0.000000000000000000e+00
-1.826610207345530910e+02,-1.734542564619842722e+02,0.000000000000000000e+00,0.000000000000000000e+00
-1.316912735055353494e+02,-6.999247065771515963e+01,0.000000000000000000e+00,0.000000000000000000e+00
-1.536527253980670480e+02,-1.671859226418326614e+02,0.000000000000000000e+00,1.000000000000000000e+00
-6.459382822948464309e+01,1.315439819567820905e+02,1.000000000000000000e+00,0.000000000000000000e+00
-1.824487628654716502e+02,-1.718891593374150091e+02,0.000000000000000000e+00,0.000000000000000000e+00
-1.252958225459288002e+02,-1.229913546709778416e+02,0.000000000000000000e+00,0.000000000000000000e+00
-1.054570154258528731e+02,-1.885285389459966154e+01,1.000000000000000000e+00,0.000000000000000000e+00
-2.005703900302920886e+02,-2.255469994644956273e+02,0.000000000000000000e+00,0.000000000000000000e+00
-1.557967193793291472e+02,-1.530827991760124291e+02,0.000000000000000000e+00,0.000000000000000000e+00
-1.104050373481401834e+02,4.894571461484371611e+01,1.000000000000000000e+00,0.000000000000000000e+00
-1.650083863165920093e+02,-1.779422758393961317e+02,0.000000000000000000e+00,0.000000000000000000e+00
-1.505475187655651723e+02,-4.501075090314076732e+01,0.000000000000000000e+00,1.000000000000000000e+00
3.601361006603337245e+01,3.365394344258083947e+02,1.000000000000000000e+00,0.000000000000000000e+00
-2.564756435105827563e+02,-2.500336156065188788e+02,0.000000000000000000e+00,1.000000000000000000e+00
-2.499094392440012200e+02,-2.084390078400862194e+02,0.000000000000000000e+00,1.000000000000000000e+00
-9.724767537952750729e+01,-3.417835718500404596e+01,0.000000000000000000e+00,0.000000000000000000e+00
-9.067807854263328693e+01,3.633874081222643326e-02,1.000000000000000000e+00,0.000000000000000000e+00
-1.256081483410374631e+02,-9.562688228414999969e+01,0.000000000000000000e+00,0.000000000000000000e+00
-1.766294164069658166e+02,-6.414526964964656486e+01,0.000000000000000000e+00,1.000000000000000000e+00
-2.500613189229940758e+02,-2.191061307310881148e+02,0.000000000000000000e+00,0.000000000000000000e+00
-1.124929570488445449e+02,-3.672355492382528297e+01,0.000000000000000000e+00,0.000000000000000000e+00
-2.796734342836208143e+01,1.418409182780017659e+02,1.000000000000000000e+00,0.000000000000000000e+00
-1.673088604807475406e+02,-1.505204409110656627e+02,0.000000000000000000e+00,0.000000000000000000e+00
-2.035684477758256037e+02,-2.229337927201552532e+02,0.000000000000000000e+00,1.000000000000000000e+00
-7.405770670306252157e+01,6.120784365367058832e+00,1.000000000000000000e+00,1.000000000000000000e+00
-2.268301000949287811e+02,-1.912146815115383731e+02,0.000000000000000000e+00,0.000000000000000000e+00
-1.745654159819494282e+02,-1.851355368998481481e+02,0.000000000000000000e+00,0.000000000000000000e+00
-1.627602889017447012e+02,-1.727323281080438164e+02,0.000000000000000000e+00,0.000000000000000000e+00
-1.427045236705002367e+02,-1.110425475085695837e+02,0.000000000000000000e+00,0.000000000000000000e+00
-1.614387982597478697e+02,-1.852011860370288616e+02,0.000000000000000000e+00,1.000000000000000000e+00
-1.300900958048389668e+02,-3.739110242200837320e+01,0.000000000000000000e+00,1.000000000000000000e+00
-1.040675199485223885e+02,-6.143275226532040989e+01,0.000000000000000000e+00,0.000000000000000000e+00
-1.194026088856236782e+02,-6.395190842692453259e+01,0.000000000000000000e+00,0.000000000000000000e+00
-9.992891876245151650e+01,-6.985492402416949176e+01,0.000000000000000000e+00,0.000000000000000000e+00
-1.945276300509332543e+02,-6.772542673240894828e+01,0.000000000000000000e+00,1.000000000000000000e+00
-1.355318839089185872e+02,-1.672504450979232331e+02,0.000000000000000000e+00,0.000000000000000000e+00
-1.646076459809173969e+02,-7.261684099094441081e+01,0.000000000000000000e+00,1.000000000000000000e+00
-2.015551388229724523e+02,-2.166591535573821261e+02,0.000000000000000000e+00,0.000000000000000000e+00
-1.939070399624892218e+02,-2.093266942469141725e+02,0.000000000000000000e+00,1.000000000000000000e+00
-1.446692711867967489e+02,-1.701002805755009604e+02,0.000000000000000000e+00,0.000000000000000000e+00
-1.311001223018347162e+02,-6.799180887752625324e+01,0.000000000000000000e+00,0.000000000000000000e+00
-3.878787638536368121e+01,-5.554714087917533760e+01,0.000000000000000000e+00,0.000000000000000000e+00
-1.151551015134405702e+02,-1.330952443531966765e+02,0.000000000000000000e+00,0.000000000000000000e+00
-2.019423814738848648e+02,-2.117836951959027658e+02,0.000000000000000000e+00,0.000000000000000000e+00
-2.764885157009941281e+02,-2.305037204247771569e+02,0.000000000000000000e+00,1.000000000000000000e+00
3.716959383036236630e+01,3.364482666774194399e+02,1.000000000000000000e+00,1.000000000000000000e+00
-1.969428489795102450e+02,-1.455490239000552037e+02,0.000000000000000000e+00,1.000000000000000000e+00
-1.234583267140293685e+02,-3.255278529188359471e+01,0.000000000000000000e+00,1.000000000000000000e+00
-1.351148271638315066e+02,-1.471730967835074644e+01,0.000000000000000000e+00,1.000000000000000000e+00
-1.659237790897716707e+02,-1.690326406891058753e+02,0.000000000000000000e+00,0.000000000000000000e+00
-1.462706673032228366e+02,-5.698559440495105122e+01,0.000000000000000000e+00,0.000000000000000000e+00
-2.185775158277284334e+02,-2.125189137249955422e+02,0.000000000000000000e+00,1.000000000000000000e+00
-1.364548776035204867e+02,-1.042682934276183175e+02,0.000000000000000000e+00,1.000000000000000000e+00
-1.317331883852818351e+02,-1.269533216908230457e+02,0.000000000000000000e+00,0.000000000000000000e+00
-1.319110482980927941e+02,2.362220468968237341e+01,1.000000000000000000e+00,1.000000000000000000e+00
-1.559573982711971780e+02,-1.610353096429280129e+02,0.000000000000000000e+00,0.000000000000000000e+00
-1.395775094962230298e+02,-1.055585523370987460e+02,0.000000000000000000e+00,1.000000000000000000e+00
-1.287200447981513207e+02,-3.444865181669743492e+01,0.000000000000000000e+00,1.000000000000000000e+00
-3.094468443730846730e+01,1.736001959084166515e+02,1.000000000000000000e+00,1.000000000000000000e+00
-1.905324326377584612e+02,-1.871356088220927916e+02,0.000000000000000000e+00,0.000000000000000000e+00
-2.078193397700339631e+02,-2.181873791333686086e+02,0.000000000000000000e+00,0.000000000000000000e+00
-1.742586479721161083e+02,-1.689105170798340794e+02,0.000000000000000000e+00,0.000000000000000000e+00
-1.387337323491976235e+02,-1.138546961101397130e+02,0.000000000000000000e+00,0.000000000000000000e+00
-5.261052251024349147e+01,5.283073532543916428e+01,1.000000000000000000e+00,0.000000000000000000e+00
-1.871638832802855745e+02,-1.658757580484903542e+02,0.000000000000000000e+00,0.000000000000000000e+00
-1.109609713261869786e+02,7.049875372666026863e+01,1.000000000000000000e+00,1.000000000000000000e+00
-2.421887223903051733e+02,-2.669351009810307005e+02,0.000000000000000000e+00,1.000000000000000000e+00
-1.126382226138229043e+02,-4.804052545278649688e+01,0.000000000000000000e+00,0.000000000000000000e+00
-2.789875555936993692e+02,-2.392131563843745710e+02,0.000000000000000000e+00,1.000000000000000000e+00
-1.395169748737489499e+02,-1.311829761403359100e+02,0.000000000000000000e+00,0.000000000000000000e+00
-2.552526880360871928e+02,-2.013092463249956836e+02,0.000000000000000000e+00,0.000000000000000000e+00
-2.719197701167805690e+02,-2.540519677078812606e+02,0.000000000000000000e+00,0.000000000000000000e+00
-1.377406343312296713e+02,-3.930912189102687648e+01,0.000000000000000000e+00,1.000000000000000000e+00
-8.743422378392220651e+01,2.321059434841441771e+01,1.000000000000000000e+00,1.000000000000000000e+00
-7.093158299322314519e+01,1.207953390440077612e+02,1.000000000000000000e+00,1.000000000000000000e+00
-1.075404511174111803e+02,1.711963822897473619e+00,1.000000000000000000e+00,1.000000000000000000e+00
-1.275689249930654654e+02,-3.624529446196331861e+01,0.000000000000000000e+00,0.000000000000000000e+00
-1.508875415833817897e+02,-1.502083761372359447e+02,0.000000000000000000e+00,1.000000000000000000e+00
-1.590835790014697864e+02,-1.752103582468975560e+02,0.000000000000000000e+00,1.000000000000000000e+00
2.467098704647981222e+01,3.273578873160563489e+02,1.000000000000000000e+00,1.000000000000000000e+00
-2.230665205903565038e+02,-2.536731669757847101e+02,0.000000000000000000e+00,1.000000000000000000e+00
-1.231213552780689469e+02,-9.788983580749659552e+01,0.000000000000000000e+00,0.000000000000000000e+00
-9.031069411044153128e+01,3.380239882396409712e+01,1.000000000000000000e+00,0.000000000000000000e+00
-1.294984549383432011e+02,-9.738769288540792957e+01,0.000000000000000000e+00,0.000000000000000000e+00
-1.440513630815963779e+02,-1.195123930379375849e+02,0.000000000000000000e+00,0.000000000000000000e+00
-1.605338349670000184e+02,-1.807293173007486757e+02,0.000000000000000000e+00,0.000000000000000000e+00
-2.401095808150877247e+02,-1.788990336927248279e+02,0.000000000000000000e+00,1.000000000000000000e+00
1.511318819125334016e+02,6.040445117660376582e+02,1.000000000000000000e+00,0.000000000000000000e+00
-1.693838225291522122e+02,-1.218746292826721600e+02,0.000000000000000000e+00,0.000000000000000000e+00
-2.169202367677056316e+02,-2.214329458514089310e+02,0.000000000000000000e+00,1.000000000000000000e+00
6.197807164185235251e+00,2.245599626312012731e+02,1.000000000000000000e+00,1.000000000000000000e+00
-1.330722743916987270e+02,-1.119577670414868749e+02,0.000000000000000000e+00,0.000000000000000000e+00
-1.782070184835834254e+02,-1.849258702821572911e+02,0.000000000000000000e+00,0.000000000000000000e+00
-1.139588589933757561e+02,-7.971722127387927515e+01,0.000000000000000000e+00,0.000000000000000000e+00
-2.401933103489777181e+02,-2.295023975028968835e+02,0.000000000000000000e+00,1.000000000000000000e+00
-1.492204720878357875e+02,-2.964696113660741617e+01,0.000000000000000000e+00,1.000000000000000000e+00
-2.812682346090479655e+02,-2.482555545034799991e+02,0.000000000000000000e+00,1.000000000000000000e+00
-2.516603779232601710e+02,-2.250335201977040640e+02,0.000000000000000000e+00,1.000000000000000000e+00
-1.663519599737860233e+02,-1.857929478385753725e+02,0.000000000000000000e+00,0.000000000000000000e+00
-1.573027531193021105e+02,-1.435312294082220888e+02,0.000000000000000000e+00,0.000000000000000000e+00
-1.124116835896237632e+02,-4.446249795288787254e+01,0.000000000000000000e+00,0.000000000000000000e+00
-1.931282479772025340e+02,-1.826846003581418927e+02,0.000000000000000000e+00,1.000000000000000000e+00
-6.920655949097671567e+01,4.898940135607026036e+01,1.000000000000000000e+00,1.000000000000000000e+00
-1.183280018717686488e+02,1.910045735346801621e+01,1.000000000000000000e+00,0.000000000000000000e+00
-2.659665946240107246e+02,-2.503191298265128921e+02,0.000000000000000000e+00,1.000000000000000000e+00
-1.725721780840747215e+02,-1.814070221706013228e+02,0.000000000000000000e+00,0.000000000000000000e+00
1.392817555675575250e+02,5.311773780220775052e+02,1.000000000000000000e+00,0.000000000000000000e+00
4.101668089237861636e+01,2.838835247865578140e+02,1.000000000000000000e+00,0.000000000000000000e+00
-1.932499499956830107e+02,-1.905766892105950490e+02,0.000000000000000000e+00,0.000000000000000000e+00
-1.415520386281446008e+02,-1.494613819889833053e+02,0.000000000000000000e+00,0.000000000000000000e+00
-2.004115354247807943e+02,-2.132795443679902689e+02,0.000000000000000000e+00,0.000000000000000000e+00
-1.279478777588153662e+02,-1.061415000329036502e+02,0.000000000000000000e+00,0.000000000000000000e+00
-1.565998112756860223e+02,-1.412846619099105681e+02,0.000000000000000000e+00,0.000000000000000000e+00
1.873575190072324403e+01,1.455446155111393409e+02,1.000000000000000000e+00,1.000000000000000000e+00
-1.899619133978258390e+02,-1.559159707395446901e+02,0.000000000000000000e+00,1.000000000000000000e+00
-1.806111507480615614e+02,-1.424992546229271682e+02,0.000000000000000000e+00,0.000000000000000000e+00
-1.849069590227676656e+02,-1.687724569152146330e+02,0.000000000000000000e+00,0.000000000000000000e+00
-4.077785813368100776e+01,2.032678549819521550e+02,1.000000000000000000e+00,0.000000000000000000e+00
-1.411664183721860581e+02,-3.737712983723337601e+01,0.000000000000000000e+00,1.000000000000000000e+00
-1.916718179711031667e+02,-9.218644978323536066e+01,0.000000000000000000e+00,0.000000000000000000e+00
-1.539932186334089863e+02,-1.181922945169957586e+02,0.000000000000000000e+00,1.000000000000000000e+00
-1.691313414021365702e+02,-1.472520913509717957e+02,0.000000000000000000e+00,0.000000000000000000e+00
-2.065406420231321647e+02,-2.179319478227890841e+02,0.000000000000000000e+00,0.000000000000000000e+00
-1.730134875603114608e+02,-1.800364079689555012e+02,0.000000000000000000e+00,1.000000000000000000e+00
-1.164211732365300236e+02,-8.820034013422028352e+01,0.000000000000000000e+00,0.000000000000000000e+00
-1.508982538046059858e+02,-1.177874205583255502e+02,0.000000000000000000e+00,1.000000000000000000e+00
-2.100330701357096075e+02,-1.638339204764945691e+02,0.000000000000000000e+00,0.000000000000000000e+00
-1.480792282801335205e+02,-1.520576490958846421e+02,0.000000000000000000e+00,0.000000000000000000e+00
-1.600875342821642846e+02,-1.239363027982160332e+02,0.000000000000000000e+00,1.000000000000000000e+00
-1.820350097837688850e+02,-1.644211040572190825e+02,0.000000000000000000e+00,1.000000000000000000e+00
-1.481900985317637094e+02,-8.776291210800577858e+01,0.000000000000000000e+00,0.000000000000000000e+00
-1.827784866891374236e+02,-2.023926406123555353e+02,0.000000000000000000e+00,0.000000000000000000e+00
-1.316883064781584665e+02,-7.947813357811290302e+01,0.000000000000000000e+00,0.000000000000000000e+00
-1.491029934846518756e+02,-1.691323096938227479e+02,0.000000000000000000e+00,0.000000000000000000e+00
-1.520740764356650914e+02,-7.847766509369597543e+01,0.000000000000000000e+00,0.000000000000000000e+00
-1.684241568361304644e+02,-1.467466460243847735e+02,0.000000000000000000e+00,1.000000000000000000e+00
-1.027224462204746942e+02,-2.661626003681411134e+01,0.000000000000000000e+00,0.000000000000000000e+00
-1.625901569574801897e+02,-1.921824465343104009e+02,0.000000000000000000e+00,0.000000000000000000e+00
-1.901731191991472780e+00,1.496036526212497790e+02,1.000000000000000000e+00,0.000000000000000000e+00
-2.093682100432155266e+02,-2.115075121984579596e+02,0.000000000000000000e+00,1.000000000000000000e+00
-1.311410991793269432e+02,-4.465001218328117716e+01,0.000000000000000000e+00,0.000000000000000000e+00
-1.189095982109094081e+02,-3.592657395405703369e+01,0.000000000000000000e+00,0.000000000000000000e+00
-2.307828410314200198e+02,-2.413901811194052698e+02,0.000000000000000000e+00,1.000000000000000000e+00
-1.619511136081034124e+02,-1.963589997434922338e+02,0.000000000000000000e+00,1.000000000000000000e+00
-1.262895749243925252e+02,-4.193544986550713816e+01,0.000000000000000000e+00,0.000000000000000000e+00
7.186341835863144922e+01,4.025159171415943433e+02,1.000000000000000000e+00,0.000000000000000000e+00
-7.905706175425497406e+01,6.049676098435131166e+01,1.000000000000000000e+00,1.000000000000000000e+00
-1.226374663538208836e+02,-8.538384858139765754e+01,0.000000000000000000e+00,0.000000000000000000e+00
-1.435893931903267458e+02,-7.110465799371205264e+01,0.000000000000000000e+00,0.000000000000000000e+00
-1.371670230078046586e+02,-1.149496185629872684e+02,0.000000000000000000e+00,0.000000000000000000e+00
-1.321739215689793809e+02,-6.959030344453854866e+01,0.000000000000000000e+00,1.000000000000000000e+00
-1.050070806060202386e+02,1.935995070463459911e+01,1.000000000000000000e+00,1.000000000000000000e+00
-8.453473874009446831e+01,7.439647586895249276e+01,1.000000000000000000e+00,1.000000000000000000e+00
-2.000313471331079995e+02,-2.097870358574236036e+02,0.000000000000000000e+00,0.000000000000000000e+00
-1.561145693992745294e+02,-4.870834750039983874e+01,0.000000000000000000e+00,0.000000000000000000e+00
-1.821370789188841499e+01,2.131397620269784170e+02,1.000000000000000000e+00,1.000000000000000000e+00
-8.737198353037199183e+01,4.443729095730697054e+01,1.000000000000000000e+00,0.000000000000000000e+00
-5.496300016419305479e+01,4.832975242546868344e+01,1.000000000000000000e+00,1.000000000000000000e+00
-1.579370581294826366e+02,-1.850961234081629243e+02,0.000000000000000000e+00,0.000000000000000000e+00
-1.843790056740587033e+02,-1.438895012064694754e+02,0.000000000000000000e+00,1.000000000000000000e+00
-1.396179937924017622e+02,-2.416730874343673108e+01,0.000000000000000000e+00,1.000000000000000000e+00
-1.310735803195595395e+02,-9.585445800360201929e+01,0.000000000000000000e+00,0.000000000000000000e+00
-1.889121615214346264e+02,-2.124814096311228298e+02,0.000000000000000000e+00,1.000000000000000000e+00
-2.166505871440140254e+02,-2.231263430758160382e+02,0.000000000000000000e+00,0.000000000000000000e+00
-1.410885330126866961e+02,-5.759603531960031830e+01,0.000000000000000000e+00,0.000000000000000000e+00
-1.531801457286681227e+02,-5.628708402837991542e+01,0.000000000000000000e+00,1.000000000000000000e+00
-1.220364328628352268e+02,-2.804217120228241455e+01,0.000000000000000000e+00,0.000000000000000000e+00
-9.282737513022381393e+01,1.758242134712762095e+01,1.000000000000000000e+00,1.000000000000000000e+00
-7.564760156455062656e+01,5.524432798288406588e+01,1.000000000000000000e+00,1.000000000000000000e+00
-1.402951071077109475e+02,-1.329609732894023466e+02,0.000000000000000000e+00,0.000000000000000000e+00
-9.761532592879086678e+01,9.140139032929537777e+00,1.000000000000000000e+00,0.000000000000000000e+00
-1.778483491959272556e+02,-1.064583172483223166e+02,0.000000000000000000e+00,1.000000000000000000e+00
-1.124383517498130232e+02,-5.539199620792664547e+01,0.000000000000000000e+00,0.000000000000000000e+00
-1.836495746094535946e+02,-1.725717222496272711e+02,0.000000000000000000e+00,1.000000000000000000e+00
-1.251875559059775469e+02,-6.115320550544007716e+01,0.000000000000000000e+00,0.000000000000000000e+00
-1.296679863659863940e+02,-1.060990803693919702e+02,0.000000000000000000e+00,0.000000000000000000e+00
-2.557624167459752869e+02,-2.446914132246038491e+02,0.000000000000000000e+00,1.000000000000000000e+00
-1.086183116298710445e+02,4.875038938019429224e-01,1.000000000000000000e+00,0.000000000000000000e+00
-2.610544575228472581e+02,-2.640447278198497543e+02,0.000000000000000000e+00,1.000000000000000000e+00
-5.056246032327916851e+01,8.319053107761678234e+01,1.000000000000000000e+00,0.000000000000000000e+00
-1.910858300613214453e+02,-1.688934358634229795e+02,0.000000000000000000e+00,1.000000000000000000e+00
-1.932337439300426070e+02,-1.856486224483782621e+02,0.000000000000000000e+00,1.000000000000000000e+00
-2.267156522868423281e+02,-1.820443894046927937e+02,0.000000000000000000e+00,1.000000000000000000e+00
-1.942727839450938347e+02,-1.687653822333581388e+02,0.000000000000000000e+00,0.000000000000000000e+00
-1.398042450012770246e+02,-2.324503154070774258e+01,0.000000000000000000e+00,0.000000000000000000e+00
-1.018970856389146320e+02,8.172492213121360649e+00,1.000000000000000000e+00,1.000000000000000000e+00
-2.438535672038948405e+02,-2.305995322932195961e+02,0.000000000000000000e+00,0.000000000000000000e+00
-1.186306896312697319e+02,-3.633938897971611937e+01,0.000000000000000000e+00,1.000000000000000000e+00
-1.348997418146656742e+02,-8.010579822211403211e+01,0.000000000000000000e+00,0.000000000000000000e+00
-1.819299964874886086e+02,-1.777983066418806004e+02,0.000000000000000000e+00,0.000000000000000000e+00
-1.098461671890066498e+02,-7.784994373809682600e+01,0.000000000000000000e+00,0.000000000000000000e+00
-1.935778020884748685e+02,-1.546903657081346068e+02,0.000000000000000000e+00,1.000000000000000000e+00
-1.613685212103764570e+02,-1.821390700460599703e+02,0.000000000000000000e+00,0.000000000000000000e+00
-1.213310545218502199e+02,-8.088639958774854222e+01,0.000000000000000000e+00,0.000000000000000000e+00
-1.099014494889197806e+02,7.540408052048927345e+01,1.000000000000000000e+00,0.000000000000000000e+00
-1.180365843059777546e+02,-1.046613443143046425e+02,0.000000000000000000e+00,0.000000000000000000e+00
-1.696429257614922221e+02,-1.916613616854873499e+02,0.000000000000000000e+00,1.000000000000000000e+00
-1.377711043004273961e+02,-8.551942270893249542e+00,1.000000000000000000e+00,1.000000000000000000e+00
-2.509725584016055677e+02,-2.507476460475880344e+02,0.000000000000000000e+00,1.000000000000000000e+00
-1.393801642306515305e+02,-7.245762225568078918e+01,0.000000000000000000e+00,0.000000000000000000e+00
-1.182405229564490270e+02,-8.282788182844882385e+01,0.000000000000000000e+00,0.000000000000000000e+00
-5.631550500945511573e+01,-6.583768098014280667e+01,0.000000000000000000e+00,0.000000000000000000e+00
-1.893345302804607968e+02,-2.070078605563807912e+02,0.000000000000000000e+00,0.000000000000000000e+00
-1.358388009288842397e+02,-1.687407509123625857e+02,0.000000000000000000e+00,0.000000000000000000e+00
-1.452688626675256671e+02,-7.269411333167897737e+01,0.000000000000000000e+00,0.000000000000000000e+00
-1.493711467980367900e+02,-7.161621193315747291e+01,0.000000000000000000e+00,0.000000000000000000e+00
-1.263571599491430106e+02,-9.685863193575359276e+01,0.000000000000000000e+00,0.000000000000000000e+00
-1.169073419903141087e+02,-6.720759387246224037e+01,0.000000000000000000e+00,0.000000000000000000e+00
-5.476908423111732560e+01,-8.002850794649064881e+01,0.000000000000000000e+00,1.000000000000000000e+00
-1.495684348414087594e+02,-1.734886556202781094e+02,0.000000000000000000e+00,0.000000000000000000e+00
-2.079438006439836215e+02,-2.180703748122583647e+02,0.000000000000000000e+00,0.000000000000000000e+00
-1.249690908892519730e+02,-1.411658727929828103e+02,0.000000000000000000e+00,0.000000000000000000e+00
-1.207741584566462762e+02,-9.921439889009471358e+01,0.000000000000000000e+00,0.000000000000000000e+00
-1.492184043064603713e+02,-1.686511085480825898e+02,0.000000000000000000e+00,0.000000000000000000e+00
-2.358454043470104011e+02,-2.455049800602052699e+02,0.000000000000000000e+00,1.000000000000000000e+00
-9.488758606446285171e+01,3.963126468370324318e+01,1.000000000000000000e+00,1.000000000000000000e+00
-1.472800457132337044e+02,-8.385000184806112600e+01,0.000000000000000000e+00,1.000000000000000000e+00
-1.241338840197432773e+02,-7.755580796784231268e+01,0.000000000000000000e+00,0.000000000000000000e+00
-1.469533043760199575e+02,3.767250878244297496e+01,1.000000000000000000e+00,1.000000000000000000e+00
-8.259658414720104247e+01,1.460461950781067628e+02,1.000000000000000000e+00,1.000000000000000000e+00
-2.094843569885552768e+02,-2.249759267798063718e+02,0.000000000000000000e+00,0.000000000000000000e+00
-1.908583982356388731e+02,-2.055995371028429020e+02,0.000000000000000000e+00,0.000000000000000000e+00
-1.980738920884470815e+02,-2.257332363138548601e+02,0.000000000000000000e+00,1.000000000000000000e+00
-5.256268407899160167e+01,1.282325705176052679e+02,1.000000000000000000e+00,0.000000000000000000e+00
-1.074427820343116053e+02,-3.969878215709473324e+01,0.000000000000000000e+00,0.000000000000000000e+00
-1.841911800972246454e+02,-1.902769815148838006e+02,0.000000000000000000e+00,1.000000000000000000e+00
-1.665139485909561472e+02,-1.577905757401818221e+02,0.000000000000000000e+00,0.000000000000000000e+00
-1.162479970831934679e+02,-9.063492180787683594e+01,0.000000000000000000e+00,0.000000000000000000e+00
-1.436718678355142345e+02,-7.175568181161332859e+01,0.000000000000000000e+00,1.000000000000000000e+00
-3.058945525942476706e+00,3.014377467200765182e+02,1.000000000000000000e+00,1.000000000000000000e+00
-1.408790259355767205e+02,-7.217194122112809396e+01,0.000000000000000000e+00,0.000000000000000000e+00
-1.075103929817406652e+02,-6.493134822929972927e+01,0.000000000000000000e+00,0.000000000000000000e+00
-1.208018392411139104e+02,-3.314873516899871220e+01,0.000000000000000000e+00,0.000000000000000000e+00
-9.926285754034978481e+01,3.266632945968628832e+01,1.000000000000000000e+00,0.000000000000000000e+00
-2.792029256066058096e+01,1.726221439057088389e+02,1.000000000000000000e+00,1.000000000000000000e+00
-1.234479154046531022e+02,-8.398147551650852449e+01,0.000000000000000000e+00,0.000000000000000000e+00
-1.111968237301239810e+02,-4.353136267176211049e+01,0.000000000000000000e+00,0.000000000000000000e+00
-2.210308751521840236e+02,-2.212421912502379939e+02,0.000000000000000000e+00,1.000000000000000000e+00
-1.442153276017958774e+02,-1.038271708238405893e+02,0.000000000000000000e+00,0.000000000000000000e+00
-1.356807428204299697e+02,-7.240498365781928669e+01,0.000000000000000000e+00,0.000000000000000000e+00
-1.769978343409067350e+02,-1.638672938453910035e+02,0.000000000000000000e+00,0.000000000000000000e+00
-5.838502553466400258e+01,4.153207266576856682e+01,1.000000000000000000e+00,0.000000000000000000e+00
-1.148886509628134718e+02,-7.880295987635192034e+01,0.000000000000000000e+00,0.000000000000000000e+00
-1.360172446671686259e+02,-5.771570714658927415e+01,0.000000000000000000e+00,0.000000000000000000e+00
-1.470874347936604352e+02,-1.059487463708499178e+02,0.000000000000000000e+00,0.000000000000000000e+00
-1.907257276055507305e+02,-1.728538013248699485e+02,0.000000000000000000e+00,1.000000000000000000e+00
-1.940047116651792578e+02,-1.895142253320854593e+02,0.000000000000000000e+00,1.000000000000000000e+00
-4.869593695680372747e+01,1.068087387319310722e+02,1.000000000000000000e+00,1.000000000000000000e+00
-1.185307236403618276e+02,-6.491572065196974961e+01,0.000000000000000000e+00,0.000000000000000000e+00
-4.650911211093290376e+01,6.457867382413019186e+01,1.000000000000000000e+00,0.000000000000000000e+00
-2.360955160623299491e+02,-2.290408182504378374e+02,0.000000000000000000e+00,1.000000000000000000e+00
4.751698760964087143e+01,2.826221255495908053e+02,1.000000000000000000e+00,0.000000000000000000e+00
-1.278023103316511282e+02,-8.436804759298549072e+01,0.000000000000000000e+00,0.000000000000000000e+00
-2.283844190714675619e+02,-2.285282233161239560e+02,0.000000000000000000e+00,1.000000000000000000e+00
-3.079270757703269723e+01,1.418688260035373503e+02,1.000000000000000000e+00,0.000000000000000000e+00
-8.791418783167797812e+01,-6.153621334947287913e+00,1.000000000000000000e+00,0.000000000000000000e+00
-2.157860919870392706e+02,-1.721490859741764723e+02,0.000000000000000000e+00,1.000000000000000000e+00
-1.352995515150508083e+02,-1.556050970292754414e+02,0.000000000000000000e+00,0.000000000000000000e+00
-2.860532414425754837e+02,-2.314105889748564095e+02,0.000000000000000000e+00,1.000000000000000000e+00
-1.423263022267059057e+02,-1.579486680700140653e+02,0.000000000000000000e+00,1.000000000000000000e+00
-1.816131020647350169e+02,-1.938837496117300532e+02,0.000000000000000000e+00,0.000000000000000000e+00
-1.763605895685529390e+02,-9.664621260279562875e+01,0.000000000000000000e+00,1.000000000000000000e+00
-1.360882053639051037e+02,-1.389485058719944846e+02,0.000000000000000000e+00,0.000000000000000000e+00
-2.259016213919182405e+02,-2.206140071969315954e+02,0.000000000000000000e+00,1.000000000000000000e+00
-8.661254365693966406e+01,4.018898160475723813e+01,1.000000000000000000e+00,0.000000000000000000e+00
-1.664736701834374628e+02,-1.885759470576352044e+02,0.000000000000000000e+00,1.000000000000000000e+00
-1.529260883563639197e+02,-1.649689727558148604e+02,0.000000000000000000e+00,0.000000000000000000e+00
-2.695356033067454291e+02,-2.548568647128726923e+02,0.000000000000000000e+00,1.000000000000000000e+00
7.737766501992422263e+01,4.460893078898001818e+02,1.000000000000000000e+00,1.000000000000000000e+00
-1.936680743150110118e+02,-1.725121748090469112e+02,0.000000000000000000e+00,0.000000000000000000e+00
-8.458416964555812001e+01,2.920776973807576837e+01,1.000000000000000000e+00,0.000000000000000000e+00
-4.649461473293047220e+01,1.365201884974841846e+02,1.000000000000000000e+00,0.000000000000000000e+00
-1.900414954594113226e+02,-1.327791439042343882e+02,0.000000000000000000e+00,0.000000000000000000e+00
-1.175644608593906639e+02,1.441838243274412434e+01,1.000000000000000000e+00,1.000000000000000000e+00
8.695298772037688195e+00,3.020823762904412888e+02,1.000000000000000000e+00,1.000000000000000000e+00
-1.656233370213338105e+02,-1.558245940265292404e+02,0.000000000000000000e+00,0.000000000000000000e+00
-2.305287642271766515e+02,-2.055856548083263817e+02,0.000000000000000000e+00,1.000000000000000000e+00
-1.350967791451029427e+02,-1.570813259569332843e+02,0.000000000000000000e+00,0.000000000000000000e+00
-1.346342882861879957e+02,-4.363568357111768137e+01,0.000000000000000000e+00,1.000000000000000000e+00
-1.128148155673889477e+02,3.647886903834943961e+00,1.000000000000000000e+00,0.000000000000000000e+00
-1.150955221215299247e+02,-6.820944267149084794e+01,0.000000000000000000e+00,0.000000000000000000e+00
-1.359793706758494807e+02,-5.354913496223333169e+01,0.000000000000000000e+00,0.000000000000000000e+00
-1.846415425571314586e+02,-1.635804971897948406e+02,0.000000000000000000e+00,0.000000000000000000e+00
-1.096607952647870405e+02,3.445079870017522694e+01,1.000000000000000000e+00,1.000000000000000000e+00
-1.174253907758494933e+02,8.143280096715014338e+01,1.000000000000000000e+00,1.000000000000000000e+00
-1.030533327649475268e+02,-8.508421390595547962e+01,0.000000000000000000e+00,0.000000000000000000e+00
-1.542832905071219614e+02,-1.758456904654286745e+01,0.000000000000000000e+00,1.000000000000000000e+00
-1.552677185523494927e+02,-4.440773979999698895e+01,0.000000000000000000e+00,0.000000000000000000e+00
-5.821969230017423058e+01,2.916436468156600981e+01,1.000000000000000000e+00,1.000000000000000000e+00
-1.062244819766666524e+02,-8.376145151603083150e+01,0.000000000000000000e+00,0.000000000000000000e+00
-9.887725933036659853e+01,-6.451197067981020439e+01,0.000000000000000000e+00,0.000000000000000000e+00
-1.069988462591152825e+02,-8.623775922792050608e+01,0.000000000000000000e+00,0.000000000000000000e+00
-2.054977982393969569e+02,-2.113103540518498562e+02,0.000000000000000000e+00,0.000000000000000000e+00
-1.438380620545499653e+02,-1.601919436716731013e+02,0.000000000000000000e+00,0.000000000000000000e+00
-1.518331288945852293e+02,-1.202571177274637080e+02,0.000000000000000000e+00,1.000000000000000000e+00
-2.253406719988971076e+02,-1.974620066434480350e+02,0.000000000000000000e+00,0.000000000000000000e+00
-2.143832383772336243e+02,-2.140230195000806646e+02,0.000000000000000000e+00,0.000000000000000000e+00
-1.649864600335698412e+02,-1.620972045600803710e+02,0.000000000000000000e+00,0.000000000000000000e+00
-1.730768538495795497e+02,-1.950987930834790802e+02,0.000000000000000000e+00,0.000000000000000000e+00
-2.961144540861947689e+02,-2.803162239676666445e+02,0.000000000000000000e+00,1.000000000000000000e+00
-1.176203418804171292e+02,-8.245079628356299395e+01,0.000000000000000000e+00,0.000000000000000000e+00
-1.164167732295275073e+02,-2.605068860867430303e+01,0.000000000000000000e+00,0.000000000000000000e+00
-1.610634184337840509e+02,-1.727506668384297370e+02,0.000000000000000000e+00,1.000000000000000000e+00
-1.755359786572969938e+02,-1.679315784899082757e+02,0.000000000000000000e+00,1.000000000000000000e+00
-2.846342171962562588e+02,-1.987519145297673617e+02,0.000000000000000000e+00,1.000000000000000000e+00
-1.225459346037350201e+02,-9.089136054638200335e+01,0.000000000000000000e+00,0.000000000000000000e+00
-1.285836333413838872e+02,-5.385491144465158442e+01,0.000000000000000000e+00,0.000000000000000000e+00
-1.418823956810622633e+02,-7.675831047578432731e+01,0.000000000000000000e+00,1.000000000000000000e+00
-1.561519208351757015e+02,-1.148939457676920028e+02,0.000000000000000000e+00,0.000000000000000000e+00
-8.339284414367659792e+01,-3.653478895267849680e+01,0.000000000000000000e+00,0.000000000000000000e+00
-1.979361362225855885e+02,-1.992216520973423712e+02,0.000000000000000000e+00,1.000000000000000000e+00
-3.664841761997183767e+01,9.072759767776408069e+01,1.000000000000000000e+00,0.000000000000000000e+00
-1.104940929561057885e+02,-1.122283485054801417e+02,0.000000000000000000e+00,0.000000000000000000e+00
-9.803742955362750422e+01,-1.734505091441019431e+01,1.000000000000000000e+00,0.000000000000000000e+00
-2.505799987353900917e+02,-1.976811541261561729e+02,0.000000000000000000e+00,1.000000000000000000e+00
-1.719605469785401226e+02,-1.904941174029495983e+02,0.000000000000000000e+00,0.000000000000000000e+00
-1.120370178719875014e+02,-5.861723069355763016e+01,0.000000000000000000e+00,0.000000000000000000e+00
-9.823012675696472229e+01,6.623021855698625870e+01,1.000000000000000000e+00,1.000000000000000000e+00
-1.600532175543614812e+02,-1.253107387269628674e+02,0.000000000000000000e+00,0.000000000000000000e+00
-1.519162758039358039e+02,-1.144991449887872790e+02,0.000000000000000000e+00,0.000000000000000000e+00
-1.161498941678010937e+02,-1.387829119840094450e+02,0.000000000000000000e+00,0.000000000000000000e+00
-1.119356330565322821e+02,-6.890017378879662147e+01,0.000000000000000000e+00,0.000000000000000000e+00
-1.602307756073766427e+02,-1.545872899351286662e+02,0.000000000000000000e+00,0.000000000000000000e+00
-1.898278415856408117e+02,-2.121665121716865485e+02,0.000000000000000000e+00,0.000000000000000000e+00
-1.232753460260178429e+02,-5.146613910632961364e+01,0.000000000000000000e+00,0.000000000000000000e+00
-9.811990772381609816e+01,-8.272852196868649344e+01,0.000000000000000000e+00,0.000000000000000000e+00
-1.096270648638409568e+02,-3.124611435781443802e+01,0.000000000000000000e+00,0.000000000000000000e+00
-1.230028248864390150e+02,-9.722867993301490230e+01,0.000000000000000000e+00,1.000000000000000000e+00
-1.944890556720594361e+02,-1.702201280468639766e+02,0.000000000000000000e+00,0.000000000000000000e+00
-8.971056851020786382e+01,-1.888977627172828022e+01,1.000000000000000000e+00,0.000000000000000000e+00
-1.682216480650909318e+02,-2.099318626510483909e+02,0.000000000000000000e+00,0.000000000000000000e+00
-1.250730974809094107e+02,-8.954919239004853182e+01,0.000000000000000000e+00,0.000000000000000000e+00
-7.557831229749358215e+01,-9.710817884002905132e+00,1.000000000000000000e+00,0.000000000000000000e+00
-7.123877318536681003e+01,6.982176909643854401e+01,1.000000000000000000e+00,0.000000000000000000e+00
-1.735708876069421081e+02,-1.486043717147894654e+02,0.000000000000000000e+00,0.000000000000000000e+00
-1.576836378531593823e+02,-1.876667847562068800e+02,0.000000000000000000e+00,0.000000000000000000e+00
-1.711978138217483263e+02,-1.417201587854766274e+02,0.000000000000000000e+00,0.000000000000000000e+00
-1.347215801414543535e+02,-1.552746173976134685e+02,0.000000000000000000e+00,0.000000000000000000e+00
-1.769327450524038738e+02,-2.008608404734258670e+02,0.000000000000000000e+00,1.000000000000000000e+00
-1.246401121094464060e+02,7.416772562966944804e+01,1.000000000000000000e+00,1.000000000000000000e+00
-1.130249891878678028e+02,-5.312177853734105071e+01,0.000000000000000000e+00,0.000000000000000000e+00
-1.236096009759757095e+02,-8.460678439357056391e+01,0.000000000000000000e+00,0.000000000000000000e+00
-1.514890191556454511e+02,-1.779872549773237154e+02,0.000000000000000000e+00,0.000000000000000000e+00
-9.621744251138861159e+01,-4.059554337673201729e+01,0.000000000000000000e+00,0.000000000000000000e+00
-1.642759134422227874e+02,-1.357195201432439831e+02,0.000000000000000000e+00,0.000000000000000000e+00
-7.489804301108107154e+01,4.016981552090214791e+00,1.000000000000000000e+00,0.000000000000000000e+00
-1.593455135406699981e+02,-6.262479355197199027e+01,0.000000000000000000e+00,0.000000000000000000e+00
-9.452282602484748963e+01,1.383937900582688307e+01,1.000000000000000000e+00,1.000000000000000000e+00
-1.229556601072372928e+02,-1.539033160879784532e+02,0.000000000000000000e+00,0.000000000000000000e+00
-2.135450081131067464e+02,-2.283076600343871974e+02,0.000000000000000000e+00,0.000000000000000000e+00
-1.542893130040521328e+02,-9.797976110048273313e+01,0.000000000000000000e+00,0.000000000000000000e+00
-8.551686781513403446e+01,-1.183247891818806075e+01,1.000000000000000000e+00,0.000000000000000000e+00
-4.162647681665047372e+01,1.583928105837310625e+02,1.000000000000000000e+00,0.000000000000000000e+00
-1.505096338758716286e+02,-5.985101981149954753e+01,0.000000000000000000e+00,0.000000000000000000e+00
-7.740626198831020588e+01,1.230864344277011924e+01,1.000000000000000000e+00,0.000000000000000000e+00
-1.846277255415369609e+02,-1.958924296341455999e+02,0.000000000000000000e+00,1.000000000000000000e+00
-1.885370580720770590e+02,-1.900990779490891498e+02,0.000000000000000000e+00,0.000000000000000000e+00
-3.172536975973964672e+02,-2.089874523912467907e+02,0.000000000000000000e+00,1.000000000000000000e+00
-2.601490300960952027e+02,-2.144490215939862594e+02,0.000000000000000000e+00,1.000000000000000000e+00
-1.751073026465534497e+02,-1.485483311296546560e+02,0.000000000000000000e+00,0.000000000000000000e+00
-1.805038862282675609e+02,-1.872101893059446240e+02,0.000000000000000000e+00,0.000000000000000000e+00
-1.506547016711902245e+02,-1.742098872806991494e+02,0.000000000000000000e+00,0.000000000000000000e+00
1.666492177099163143e+02,4.879175660799488128e+02,1.000000000000000000e+00,1.000000000000000000e+00
-1.466373814513149227e+02,-1.432187768377161774e+02,0.000000000000000000e+00,0.000000000000000000e+00
-1.962939539457225067e+02,-1.983845464718104949e+02,0.000000000000000000e+00,1.000000000000000000e+00
-1.550032811949829750e+02,-1.655070694118842312e+02,0.000000000000000000e+00,0.000000000000000000e+00
-1.706387800171017091e+02,-7.034845080932717565e+01,0.000000000000000000e+00,1.000000000000000000e+00
-7.462409922790560302e+01,-6.468433462979454873e+01,0.000000000000000000e+00,0.000000000000000000e+00
-1.911691584789956551e+02,-1.690884196681754759e+02,0.000000000000000000e+00,1.000000000000000000e+00
-1.220201199330051054e+02,-6.161030986140473509e+00,1.000000000000000000e+00,0.000000000000000000e+00
-1.929648403034741193e+02,-2.128005966447751973e+02,0.000000000000000000e+00,1.000000000000000000e+00
-6.640986237279230409e+01,6.712139453308380688e+00,1.000000000000000000e+00,0.000000000000000000e+00
-7.017997841555623495e+01,9.172111582184456324e+01,1.000000000000000000e+00,0.000000000000000000e+00
-1.701616774273314832e+02,-4.634798865546233060e+01,0.000000000000000000e+00,1.000000000000000000e+00
-1.097898118234745652e+02,-1.553084607033519262e+02,0.000000000000000000e+00,0.000000000000000000e+00
-1.083787374009471023e+02,-6.713936669593621787e+01,0.000000000000000000e+00,0.000000000000000000e+00
-2.405878845857577346e+02,-2.404787292047119820e+02,0.000000000000000000e+00,1.000000000000000000e+00
-8.383615620253870304e+01,3.082793471207025515e+00,1.000000000000000000e+00,0.000000000000000000e+00
-1.911408476297980883e+02,-1.911938129496624583e+02,0.000000000000000000e+00,0.000000000000000000e+00
-9.953022526173045037e+01,-7.773589928719532338e+01,0.000000000000000000e+00,0.000000000000000000e+00
-2.080820990684302387e+02,-1.797181182488959621e+02,0.000000000000000000e+00,0.000000000000000000e+00
-1.506678451543772042e+02,-6.676748897158552154e+01,0.000000000000000000e+00,1.000000000000000000e+00
-2.008665433231894610e+02,-1.546379538212976286e+02,0.000000000000000000e+00,1.000000000000000000e+00
-1.981933187778240040e+02,-1.615261094280637053e+02,0.000000000000000000e+00,0.000000000000000000e+00
-1.101395646386826002e+02,1.023062731994365180e+02,1.000000000000000000e+00,1.000000000000000000e+00
-1.330116724375772037e+02,-9.756701347950527747e+01,0.000000000000000000e+00,0.000000000000000000e+00
-8.647730482358645077e+01,9.491378750044684409e+01,1.000000000000000000e+00,0.000000000000000000e+00
-6.452557820934350730e+01,3.954884691970397625e+01,1.000000000000000000e+00,0.000000000000000000e+00
-7.014224128419832027e+01,3.373193906644050344e+01,1.000000000000000000e+00,0.000000000000000000e+00
-1.289373773337062516e+02,9.763025382528041973e+00,1.000000000000000000e+00,1.000000000000000000e+00
-7.645695329130165874e+01,1.348452177669639411e+02,1.000000000000000000e+00,1.000000000000000000e+00
-1.847160037884335395e+02,-1.683993646388547063e+02,0.000000000000000000e+00,0.000000000000000000e+00
-1.677283725594091379e+02,-1.740089433298228414e+02,0.000000000000000000e+00,0.000000000000000000e+00
-1.722535019610969016e+02,-1.468536098089103348e+02,0.000000000000000000e+00,0.000000000000000000e+00
-1.157661835567107005e+02,-4.819477601325912275e+01,0.000000000000000000e+00,1.000000000000000000e+00
-8.680443199769939611e+01,-6.922582690192383836e+01,0.000000000000000000e+00,0.000000000000000000e+00
-2.210593034919126580e+02,-2.366799428119437323e+02,0.000000000000000000e+00,0.000000000000000000e+00
-1.644266317712676937e+02,-1.750265164849746213e+02,0.000000000000000000e+00,0.000000000000000000e+00
-9.819432171834621670e+01,-6.412057939044225918e+01,0.000000000000000000e+00,0.000000000000000000e+00
-1.912715756770950577e+02,-7.282897363705089333e+01,0.000000000000000000e+00,1.000000000000000000e+00
-1.217586741387963372e+02,1.306457687179263694e+01,1.000000000000000000e+00,0.000000000000000000e+00
-1.623547028640489884e+02,-1.199934195553375247e+02,0.000000000000000000e+00,0.000000000000000000e+00
-1.550265294017322617e+02,-1.417150998152623060e+02,0.000000000000000000e+00,0.000000000000000000e+00
-5.011632539323193924e+01,-6.063638445043525138e+01,0.000000000000000000e+00,1.000000000000000000e+00
-1.043475691168813455e+02,-5.431450321427831085e+01,0.000000000000000000e+00,0.000000000000000000e+00
-1.730854769524594872e+02,-1.583214291442726562e+02,0.000000000000000000e+00,0.000000000000000000e+00
-1.268909756718460642e+02,-1.581052996222017555e+02,0.000000000000000000e+00,0.000000000000000000e+00
-2.241909438970964743e+02,-1.521655945786123141e+02,0.000000000000000000e+00,1.000000000000000000e+00
-9.951755150085256219e+01,1.860561264023473527e+01,1.000000000000000000e+00,0.000000000000000000e+00
-9.254040598880825996e+01,-3.442814935258446951e+01,0.000000000000000000e+00,0.000000000000000000e+00
-1.691357352945379944e+02,-2.003423030510007834e+02,0.000000000000000000e+00,0.000000000000000000e+00
-1.462692402283132367e+02,-1.372472022467821091e+02,0.000000000000000000e+00,1.000000000000000000e+00
-8.534339088792621908e+01,4.849790659266685111e+01,1.000000000000000000e+00,0.000000000000000000e+00
-1.293289826483320155e+02,-1.610568701343822795e+02,0.000000000000000000e+00,0.000000000000000000e+00
-1.409500780690551949e+02,-1.529829935601306943e+02,0.000000000000000000e+00,0.000000000000000000e+00
-1.042311472803736905e+02,-4.286554327572988399e+01,0.000000000000000000e+00,0.000000000000000000e+00
-1.784767808614919034e+02,-9.607151522968281654e+01,0.000000000000000000e+00,1.000000000000000000e+00
-1.323523864216588493e+02,-2.673429418307916094e+01,0.000000000000000000e+00,1.000000000000000000e+00
-1.846531927534510373e+02,-2.110122802268392945e+02,0.000000000000000000e+00,0.000000000000000000e+00
-1.104769844179140819e+02,-1.290989515833886685e+02,0.000000000000000000e+00,0.000000000000000000e+00
-1.111279353305775430e+00,1.447621109379641950e+02,1.000000000000000000e+00,0.000000000000000000e+00
-9.810078895237795393e+01,-5.360616679544111207e+01,0.000000000000000000e+00,0.000000000000000000e+00
-1.334483836933265479e+02,-3.900261430018944964e+01,0.000000000000000000e+00,0.000000000000000000e+00
-1.255690292471675917e+02,-9.550457008718483110e+01,0.000000000000000000e+00,0.000000000000000000e+00
-1.818228266781351863e+02,-1.923733439958287761e+02,0.000000000000000000e+00,1.000000000000000000e+00
-1.773612588172769335e+02,-1.754355313546908803e+02,0.000000000000000000e+00,0.000000000000000000e+00
-1.466763348343822315e+02,-1.371069016121606410e+02,0.000000000000000000e+00,0.000000000000000000e+00
-1.141642466932594431e+02,-6.057446024682392505e+01,0.000000000000000000e+00,0.000000000000000000e+00
-1.252439308269500486e+02,-6.262682866594821007e+01,0.000000000000000000e+00,0.000000000000000000e+00
-8.170867829458293841e+01,4.551877376996201718e+01,1.000000000000000000e+00,0.000000000000000000e+00
-1.643132726343862657e+02,-1.782207041754286365e+02,0.000000000000000000e+00,0.000000000000000000e+00
-1.242497900748178949e+02,-4.805404701450589755e+01,0.000000000000000000e+00,0.000000000000000000e+00
-1.672707657492906321e+02,-1.842473987187999853e+02,0.000000000000000000e+00,0.000000000000000000e+00
-1.259851533835827411e+02,-5.469946227754106616e+01,0.000000000000000000e+00,0.000000000000000000e+00
-9.140505567512104790e+01,-7.349408053275057284e+01,0.000000000000000000e+00,0.000000000000000000e+00
-1.031990252802974766e+02,-5.624827254973692447e+01,0.000000000000000000e+00,0.000000000000000000e+00
-1.440957275354736282e+02,-1.080883052993404192e+02,0.000000000000000000e+00,1.000000000000000000e+00
-1.680271561786623806e+02,-2.067276421461863549e+02,0.000000000000000000e+00,0.000000000000000000e+00
-8.104785512373642575e+01,-1.349473736471443033e+02,0.000000000000000000e+00,0.000000000000000000e+00
-9.320076807953022069e+01,4.795881646992453540e+01,1.000000000000000000e+00,0.000000000000000000e+00
-1.400957809513200800e+02,-2.280754827200374280e+01,0.000000000000000000e+00,1.000000000000000000e+00
-4.477940061593172771e+01,9.017876146969615547e+01,1.000000000000000000e+00,1.000000000000000000e+00
-9.154905829263194050e+01,3.032612500509315723e+01,1.000000000000000000e+00,1.000000000000000000e+00
-1.590397636070895260e+02,-1.618416691125821387e+02,0.000000000000000000e+00,1.000000000000000000e+00
-1.297499681143664247e+02,-1.037005848239407300e+02,0.000000000000000000e+00,0.000000000000000000e+00
-1.177211540981686255e+02,-7.190110938092119852e+01,0.000000000000000000e+00,0.000000000000000000e+00
-1.542033438496616498e+02,7.170097443233943046e+00,1.000000000000000000e+00,1.000000000000000000e+00
-1.439046346022387581e+02,-6.661905519386864150e+00,1.000000000000000000e+00,1.000000000000000000e+00
-1.033986222232632031e+02,4.797577492338176874e+00,1.000000000000000000e+00,0.000000000000000000e+00
-2.173489128507282828e+02,-1.484797573253108567e+02,0.000000000000000000e+00,0.000000000000000000e+00
-3.058621333800792286e+02,-2.800707843445028971e+02,0.000000000000000000e+00,0.000000000000000000e+00
-1.642422635518116749e+02,-4.178374420506000320e+01,0.000000000000000000e+00,0.000000000000000000e+00
-2.393363347940299377e+02,-2.023874206985722424e+02,0.000000000000000000e+00,0.000000000000000000e+00
-2.248425982969982329e+02,-1.833407986766535771e+02,0.000000000000000000e+00,0.000000000000000000e+00
-1.927292469859565642e+02,-1.682220126058836343e+02,0.000000000000000000e+00,0.000000000000000000e+00
-2.023380730600456161e+02,-2.259834920925468396e+02,0.000000000000000000e+00,0.000000000000000000e+00
-1.686075342098913552e+02,-1.727987533611015181e+02,0.000000000000000000e+00,0.000000000000000000e+00
-2.137184845645784321e+02,-2.155116351253966229e+02,0.000000000000000000e+00,0.000000000000000000e+00
-8.036405229160818919e+01,4.993227133929816119e+01,1.000000000000000000e+00,1.000000000000000000e+00
-1.192351256342152226e+02,-5.430086529287340369e+01,0.000000000000000000e+00,0.000000000000000000e+00
-1.620954601038796454e+02,-9.067096426570041956e+01,0.000000000000000000e+00,0.000000000000000000e+00
-2.090422213954160213e+02,-2.080956643149994250e+02,0.000000000000000000e+00,0.000000000000000000e+00
-4.312554323495891140e+01,1.636338126298217048e+02,1.000000000000000000e+00,1.000000000000000000e+00
-2.171048770629716671e+02,-1.956518276013559898e+02,0.000000000000000000e+00,0.000000000000000000e+00
-1.119879081824058886e+02,-7.552001842266493270e+01,0.000000000000000000e+00,0.000000000000000000e+00
-8.948960899428439575e+01,-1.636015966935886468e+01,1.000000000000000000e+00,0.000000000000000000e+00
-1.556339432326150529e+02,-1.239670122348354369e+02,0.000000000000000000e+00,1.000000000000000000e+00
-7.200015994303595335e+01,1.042159452556554839e+02,1.000000000000000000e+00,1.000000000000000000e+00
6.413676172113605389e+01,3.674875696916043921e+02,1.000000000000000000e+00,0.000000000000000000e+00
-9.537265101076513929e+01,6.404223008733765710e+01,1.000000000000000000e+00,0.000000000000000000e+00
-1.654915665412512169e+02,-1.625578502615439902e+02,0.000000000000000000e+00,0.000000000000000000e+00
-2.584629460651797217e+02,-2.658785937435320648e+02,0.000000000000000000e+00,0.000000000000000000e+00
-1.089080574459617736e+02,-6.054927151139992247e+01,0.000000000000000000e+00,0.000000000000000000e+00
-1.214497283779282384e+02,-2.753348503587631058e+01,0.000000000000000000e+00,1.000000000000000000e+00
-1.641381264032752654e+02,-1.781518815811454033e+02,0.000000000000000000e+00,0.000000000000000000e+00
-1.924140986733052898e+02,-2.141043466125260863e+02,0.000000000000000000e+00,0.000000000000000000e+00
-1.127740489180030039e+02,-1.110328969655510463e+02,0.000000000000000000e+00,0.000000000000000000e+00
-1.822969906372418620e+02,-1.815984263764319167e+02,0.000000000000000000e+00,1.000000000000000000e+00
-1.288337281678827821e+02,-1.018094192370985240e+02,0.000000000000000000e+00,1.000000000000000000e+00
-1.094557224898094319e+02,1.178098616926206432e+00,1.000000000000000000e+00,0.000000000000000000e+00
-1.625948942613132999e+02,-1.628055473223882075e+02,0.000000000000000000e+00,0.000000000000000000e+00
-2.627981271388198934e+02,-2.695418180969594459e+02,0.000000000000000000e+00,0.000000000000000000e+00
-9.651450343844929591e+01,-2.216031755995532748e+01,1.000000000000000000e+00,0.000000000000000000e+00
-1.627363687148286715e+02,-1.690467117102199097e+02,0.000000000000000000e+00,0.000000000000000000e+00
-1.500154964474534154e+02,-9.723572994578175610e+01,0.000000000000000000e+00,0.000000000000000000e+00
-1.874270961100172315e+02,-1.913684733025812648e+02,0.000000000000000000e+00,0.000000000000000000e+00
-2.019688327957578622e+02,-2.087246039472942698e+02,0.000000000000000000e+00,0.000000000000000000e+00
-1.872557176824588225e+02,-2.073307638352689253e+02,0.000000000000000000e+00,0.000000000000000000e+00
-1.604855845051352219e+02,-1.455667801730557471e+02,0.000000000000000000e+00,0.000000000000000000e+00
-1.641826288170007047e+02,-1.720659907316817510e+02,0.000000000000000000e+00,1.000000000000000000e+00
-1.348438016485903290e+02,-6.191630986340468468e+01,0.000000000000000000e+00,0.000000000000000000e+00
-1.633533951345308424e+02,-1.677144195333009407e+02,0.000000000000000000e+00,0.000000000000000000e+00
-1.011727499833453834e+02,4.318830991113400408e+00,1.000000000000000000e+00,0.000000000000000000e+00
-1.369821590309956036e+02,-1.470425267063246793e+02,0.000000000000000000e+00,0.000000000000000000e+00
-1.544267006754965053e+02,-1.671971885556684470e+02,0.000000000000000000e+00,1.000000000000000000e+00
-1.535920134428593258e+02,-1.810565546507455963e+02,0.000000000000000000e+00,0.000000000000000000e+00
-1.251857463971214344e+02,-8.909854163765088231e+01,0.000000000000000000e+00,0.000000000000000000e+00
-1.163525732904520140e+02,-5.162295192184376447e+01,0.000000000000000000e+00,1.000000000000000000e+00
-1.390866943057397123e+02,-1.209169438374292440e+02,0.000000000000000000e+00,0.000000000000000000e+00
-1.172175937933724441e+02,-6.840367198707453156e+01,0.000000000000000000e+00,0.000000000000000000e+00
-1.890510677375309001e+02,-1.914051189210524626e+02,0.000000000000000000e+00,0.000000000000000000e+00
-2.086589160624480712e+02,-2.240493549259018380e+02,0.000000000000000000e+00,1.000000000000000000e+00
-9.087736519794712819e+01,-7.513280800359059697e+01,0.000000000000000000e+00,0.000000000000000000e+00
-8.786870822013057136e+01,1.071971436209076778e+01,1.000000000000000000e+00,0.000000000000000000e+00
1.736810546252638687e+01,2.884282725996254726e+02,1.000000000000000000e+00,0.000000000000000000e+00
-1.618393290280066594e+02,-6.558430812784725106e+01,0.000000000000000000e+00,1.000000000000000000e+00
-1.643121580419583836e+02,-1.608261583689468921e+01,0.000000000000000000e+00,1.000000000000000000e+00
-1.445100558973923341e+02,-4.836872338177249020e+01,0.000000000000000000e+00,1.000000000000000000e+00
-1.741035409008578085e+02,-1.534761229667982150e+02,0.000000000000000000e+00,0.000000000000000000e+00
-9.076188427323151586e+01,-1.934362309831728055e+01,1.000000000000000000e+00,0.000000000000000000e+00
-1.187547068787507385e+02,-4.289700770979999334e+01,0.000000000000000000e+00,0.000000000000000000e+00
-1.624750384212964889e+02,-8.469003420557069717e+01,0.000000000000000000e+00,0.000000000000000000e+00
-1.681587406699075586e+02,-1.687426784202785655e+02,0.000000000000000000e+00,0.000000000000000000e+00
-1.003806982976063722e+02,-9.565998056077459566e+00,1.000000000000000000e+00,0.000000000000000000e+00
9.801709856415997990e+01,4.264602063648794115e+02,1.000000000000000000e+00,1.000000000000000000e+00
-1.184814862022055166e+02,-3.783720573208028526e+01,0.000000000000000000e+00,0.000000000000000000e+00
-8.943507138895691355e+01,4.565492718804048877e+01,1.000000000000000000e+00,0.000000000000000000e+00
-2.004511193376694109e+02,-2.327984937176042877e+02,0.000000000000000000e+00,0.000000000000000000e+00
-1.160212840850682596e+02,-7.307543443276338735e+01,0.000000000000000000e+00,1.000000000000000000e+00
-2.274484027395488113e+02,-2.383492660463586788e+02,0.000000000000000000e+00,0.000000000000000000e+00
-3.055869361127352590e+02,-2.384888124595926513e+02,0.000000000000000000e+00,1.000000000000000000e+00
-1.429339355969260623e+02,1.497523364224088027e+01,1.000000000000000000e+00,1.000000000000000000e+00
-1.590702920104743043e+02,-4.594276702492982167e+01,0.000000000000000000e+00,1.000000000000000000e+00
-1.829852730317561509e+02,-1.492072324479384235e+02,0.000000000000000000e+00,1.000000000000000000e+00
-1.260708926365337845e+02,-2.192872000517462538e+01,0.000000000000000000e+00,0.000000000000000000e+00
-2.103139408860649269e+02,-2.218436144181044369e+02,0.000000000000000000e+00,1.000000000000000000e+00
-1.781484759034068475e+02,-1.607630180466275647e+02,0.000000000000000000e+00,1.000000000000000000e+00
-4.265809968229036286e+01,7.711176921360942060e+01,1.000000000000000000e+00,0.000000000000000000e+00
-1.755191198057756026e+02,-9.496723457460768714e+01,0.000000000000000000e+00,0.000000000000000000e+00
-1.371539622373153691e+02,-2.163891037846019572e+01,0.000000000000000000e+00,0.000000000000000000e+00
-1.547166925159180266e+02,-1.507205822975267608e+02,0.000000000000000000e+00,0.000000000000000000e+00
-1.164316831529810941e+02,-1.166848291777017295e+02,0.000000000000000000e+00,0.000000000000000000e+00
-8.038246817612159134e+01,6.543894378929216771e+01,1.000000000000000000e+00,0.000000000000000000e+00
-1.338363655965605403e+02,-1.804033357638006692e+02,0.000000000000000000e+00,0.000000000000000000e+00
-2.670797153505560004e+02,-2.477754368699333725e+02,0.000000000000000000e+00,1.000000000000000000e+00
-2.226987987279106562e+02,-2.370274923011212707e+02,0.000000000000000000e+00,1.000000000000000000e+00
-1.398477166758219425e+02,-1.540110969831117984e+02,0.000000000000000000e+00,0.000000000000000000e+00
-1.671474008529087030e+02,-1.642896259089122282e+02,0.000000000000000000e+00,1.000000000000000000e+00
-2.310217878172295514e+00,1.492169203403271069e+02,1.000000000000000000e+00,0.000000000000000000e+00
-8.503386859766533235e+01,-5.126209957444535092e+01,0.000000000000000000e+00,0.000000000000000000e+00
-2.540559801595045997e+02,-2.117813995210616724e+02,0.000000000000000000e+00,1.000000000000000000e+00
-1.061156290442864787e+02,-2.065148490866489439e+01,1.000000000000000000e+00,0.000000000000000000e+00
-1.917196685831517300e+02,-2.022424684928760428e+02,0.000000000000000000e+00,1.000000000000000000e+00
-1.935561344085249402e+02,-2.265173406635800006e+02,0.000000000000000000e+00,0.000000000000000000e+00
-8.676580690263411100e+01,4.379528076838129635e+01,1.000000000000000000e+00,0.000000000000000000e+00
-1.898248148496326166e+02,-1.877587993926584886e+02,0.000000000000000000e+00,0.000000000000000000e+00
-1.602813266220593675e+02,-1.442312077494864297e+02,0.000000000000000000e+00,0.000000000000000000e+00
-1.173747800229722884e+02,4.558654463508133858e+00,1.000000000000000000e+00,0.000000000000000000e+00
-1.272730687572934158e+02,-5.757480289460659151e-01,1.000000000000000000e+00,1.000000000000000000e+00
-1.674946836687053349e+02,-1.852364215911759970e+02,0.000000000000000000e+00,0.000000000000000000e+00
-2.456481606068791734e+02,-2.646693790203781873e+02,0.000000000000000000e+00,1.000000000000000000e+00
-1.435923342334774304e+02,-6.373726373013515456e+01,0.000000000000000000e+00,0.000000000000000000e+00
-1.349694479513657370e+02,-2.440535251576380915e+01,0.000000000000000000e+00,1.000000000000000000e+00
-1.375605592236851464e+02,-1.507377549398496797e+02,0.000000000000000000e+00,0.000000000000000000e+00
5.960214669042315450e+01,3.219552926312580894e+02,1.000000000000000000e+00,1.000000000000000000e+00
-1.762656825062498740e+02,-8.401054649264945340e+01,0.000000000000000000e+00,1.000000000000000000e+00
-1.066468613718298428e+02,-8.544191817616608375e+01,0.000000000000000000e+00,0.000000000000000000e+00
-1.133119565716642541e+02,-3.406739424879313560e+01,0.000000000000000000e+00,0.000000000000000000e+00
-1.747542684114580709e+02,-1.822681520561361310e+02,0.000000000000000000e+00,0.000000000000000000e+00
-8.252509502443558631e+01,4.228421333555657924e+01,1.000000000000000000e+00,0.000000000000000000e+00
-2.003439895935446486e+02,-1.869858368947095926e+02,0.000000000000000000e+00,1.000000000000000000e+00
-2.569065081979118190e+02,-2.421001355591472191e+02,0.000000000000000000e+00,1.000000000000000000e+00
-1.325661469703337332e+02,-1.111298438522847221e+02,0.000000000000000000e+00,0.000000000000000000e+00
-1.237287562414472148e+02,-6.234736511314488183e+01,0.000000000000000000e+00,0.000000000000000000e+00
-1.574097215644866026e+02,-1.424660577139498230e+02,0.000000000000000000e+00,0.000000000000000000e+00
-1.243352542627037138e+02,-9.281958550212819148e+01,0.000000000000000000e+00,1.000000000000000000e+00
1.548781847130189071e+01,2.244191644335166416e+02,1.000000000000000000e+00,0.000000000000000000e+00
-2.287212513945063961e+02,-2.310337674027587695e+02,0.000000000000000000e+00,1.000000000000000000e+00
-6.680457730535188432e+01,4.021799682275883470e+01,1.000000000000000000e+00,1.000000000000000000e+00
1.597147686864843541e+00,2.303980908121875473e+02,1.000000000000000000e+00,0.000000000000000000e+00
-1.895952726075015846e+02,-1.640075403850447913e+02,0.000000000000000000e+00,0.000000000000000000e+00
-1.984540552599728755e+02,-1.592580531246593409e+02,0.000000000000000000e+00,1.000000000000000000e+00
-2.928176017124480168e+01,1.506741505106661805e+02,1.000000000000000000e+00,0.000000000000000000e+00
-1.581149503009193040e+02,-1.778844278160999863e+02,0.000000000000000000e+00,0.000000000000000000e+00
-2.726392294659609661e+01,2.416575811197461121e+02,1.000000000000000000e+00,1.000000000000000000e+00
-1.598820642527331302e+02,-1.426279126263426633e+01,0.000000000000000000e+00,1.000000000000000000e+00
-1.476675628717439395e+02,-1.578555415458579887e+02,0.000000000000000000e+00,0.000000000000000000e+00
-7.991545337404726013e+01,5.840355779027507310e+01,1.000000000000000000e+00,0.000000000000000000e+00
-1.604261357996162189e+02,-1.636691114953647457e+02,0.000000000000000000e+00,1.000000000000000000e+00
-1.544547619581898061e+02,-1.662246355165375462e+02,0.000000000000000000e+00,0.000000000000000000e+00
-7.308050616397854071e+01,6.644641132083393131e+01,1.000000000000000000e+00,0.000000000000000000e+00
-1.486475350284308945e+02,-5.705327307076648680e+01,0.000000000000000000e+00,1.000000000000000000e+00
-1.345004851986740846e+02,-7.076438742340374688e+01,0.000000000000000000e+00,0.000000000000000000e+00
-1.779035101336026798e+02,-2.150167516024376084e+02,0.000000000000000000e+00,0.000000000000000000e+00
-1.933211770449049993e+02,-1.694795660759198768e+02,0.000000000000000000e+00,0.000000000000000000e+00
-9.047549742957522767e+01,2.259840875934019877e+01,1.000000000000000000e+00,0.000000000000000000e+00
-2.325930556635305493e+02,-2.104609847516651087e+02,0.000000000000000000e+00,0.000000000000000000e+00
-2.616217494156667271e+02,-2.566064670199921807e+02,0.000000000000000000e+00,0.000000000000000000e+00
-1.344785826382474454e+02,-1.409927703253938773e+02,0.000000000000000000e+00,0.000000000000000000e+00
-1.609892423185794144e+02,-1.064713105253823215e+02,0.000000000000000000e+00,1.000000000000000000e+00
-1.918239369245511057e+02,-2.002931145077384087e+02,0.000000000000000000e+00,1.000000000000000000e+00
-2.073592772854534587e+02,-9.958066332825730171e+01,0.000000000000000000e+00,1.000000000000000000e+00
-7.239246106555719962e+01,4.129781491150291117e+01,1.000000000000000000e+00,0.000000000000000000e+00
-1.549123477982618908e+02,-1.884120627558128263e+02,0.000000000000000000e+00,0.000000000000000000e+00
-1.597269119646077513e+02,-1.352710492336938444e+02,0.000000000000000000e+00,0.000000000000000000e+00
-1.460546696459815053e+02,-6.546933771282974135e+01,0.000000000000000000e+00,0.000000000000000000e+00
-1.206339336407884844e+02,-1.286987349558950200e+02,0.000000000000000000e+00,0.000000000000000000e+00
-6.301553082317125387e+01,3.262937261196657346e+01,1.000000000000000000e+00,0.000000000000000000e+00
-1.529093512928243115e+02,-1.811368909074591613e+02,0.000000000000000000e+00,1.000000000000000000e+00
-1.071361190578166003e+02,-6.119971164737251001e+00,1.000000000000000000e+00,1.000000000000000000e+00
-9.492644761089054839e+01,-2.337192899963636705e+01,1.000000000000000000e+00,0.000000000000000000e+00
-1.014602375089916677e+02,-2.452408131021980253e+01,1.000000000000000000e+00,0.000000000000000000e+00
-2.114024253015043939e+02,-2.307375185264129414e+02,0.000000000000000000e+00,1.000000000000000000e+00
-1.623399350637927796e+02,-5.117525912947490241e+01,0.000000000000000000e+00,0.000000000000000000e+00
-1.127178455710888869e+02,-4.670804886910342191e+01,0.000000000000000000e+00,0.000000000000000000e+00
-2.514002127905831969e+02,-2.179442211858018936e+02,0.000000000000000000e+00,1.000000000000000000e+00
-1.218293206906909631e+02,-7.516971003691315900e+01,0.000000000000000000e+00,0.000000000000000000e+00
-1.491307239140413117e+02,-8.838391141726390288e+00,0.000000000000000000e+00,1.000000000000000000e+00
-2.145603233472880333e+02,-2.150977685504908266e+02,0.000000000000000000e+00,1.000000000000000000e+00
-2.001385401677161440e+02,-1.983322111556299205e+02,0.000000000000000000e+00,1.000000000000000000e+00
-1.641905396050953811e+02,-9.566479033210050886e+01,0.000000000000000000e+00,0.000000000000000000e+00
-1.747906654072967854e+02,-1.545039829931413067e+02,0.000000000000000000e+00,0.000000000000000000e+00
1.314976136245712901e+01,3.332496224147984094e+02,1.000000000000000000e+00,1.000000000000000000e+00
-2.364780786438414282e+02,-2.071820139909952445e+02,0.000000000000000000e+00,1.000000000000000000e+00
-1.551005061912429142e+02,-7.609621182688816532e+01,0.000000000000000000e+00,1.000000000000000000e+00
-2.328396495645486652e+02,-2.027944914362718407e+02,0.000000000000000000e+00,0.000000000000000000e+00
-1.733106536910671593e+02,-2.001625603434218306e+02,0.000000000000000000e+00,1.000000000000000000e+00
-1.661027708492472925e+02,-1.836089988202627978e+02,0.000000000000000000e+00,0.000000000000000000e+00
-2.616569559837409429e+02,-2.780854831922819130e+02,0.000000000000000000e+00,1.000000000000000000e+00
-1.406302488040753929e+02,-1.139326370588920270e+02,0.000000000000000000e+00,0.000000000000000000e+00
-2.512074205833894780e+02,-2.132086534424327624e+02,0.000000000000000000e+00,1.000000000000000000e+00
-1.332262466780285308e+02,-1.465002739269422136e+02,0.000000000000000000e+00,0.000000000000000000e+00
-6.537365950427357575e+01,4.873924092582694811e+01,1.000000000000000000e+00,0.000000000000000000e+00
-1.970640816430716029e+02,-1.748855163263740167e+02,0.000000000000000000e+00,0.000000000000000000e+00
-1.276837988985291332e+02,-5.153035135344037343e+01,0.000000000000000000e+00,0.000000000000000000e+00
-1.710988851329660463e+02,-1.864146845989419035e+02,0.000000000000000000e+00,1.000000000000000000e+00
-1.673172457263143826e+02,-1.493355976913449012e+02,0.000000000000000000e+00,0.000000000000000000e+00
