-7.571465491386231861e+01,-3.595078263847814526e+01,1.000000000000000000e+00
-8.235826759857921786e+01,2.890821322188599041e+01,0.000000000000000000e+00
-7.463064343955235813e+01,-6.790649646533773875e+01,1.000000000000000000e+00
1.107742272598419753e+01,3.489848586271189390e+01,0.000000000000000000e+00
8.974378806141743325e+01,-2.746937076207611295e+00,1.000000000000000000e+00
-8.097792192337414008e+01,-3.946887167698811538e+00,0.000000000000000000e+00
4.350959294086792717e+00,4.693391220267285746e+01,1.000000000000000000e+00
-8.213729445124012329e+01,7.097953920941986183e+00,0.000000000000000000e+00
4.688663886756291959e+02,-3.152825757176035637e+01,1.000000000000000000e+00
-8.019384983570701309e+01,-1.804828292506938325e+01,1.000000000000000000e+00
-8.110497038159513750e+01,-1.209013536611133643e+00,0.000000000000000000e+00
-7.574217323757386566e+01,-5.575846578443580626e+01,1.000000000000000000e+00
-7.871637198664281243e+01,-3.112843170600291032e+01,0.000000000000000000e+00
7.674740620387636909e+02,4.267684141309699974e+00,1.000000000000000000e+00
9.875739538134372708e+01,-3.756777331091127792e+01,1.000000000000000000e+00
-8.368316631048028853e+01,2.157721753748628046e+01,1.000000000000000000e+00
1.509394404785636254e+02,1.619716377233921989e+01,1.000000000000000000e+00
-8.180976268404343443e+01,4.429602045843614277e+00,1.000000000000000000e+00
2.024761949441034048e+00,2.382728914388507846e+01,0.000000000000000000e+00
1.614846692901151215e+01,7.800201136260476176e+00,1.000000000000000000e+00
1.563045250053054360e+02,8.775736207967772984e+00,0.000000000000000000e+00
-8.241974203130460808e+01,7.829792021147899739e+00,0.000000000000000000e+00
-7.273967494495342123e+01,-8.624860792575441337e+01,1.000000000000000000e+00
-7.841829714614513591e+01,-5.800007951576877652e+00,1.000000000000000000e+00
6.905116262133140026e+01,-2.090599058603516269e+01,1.000000000000000000e+00
3.565317151852239164e+01,-1.656121556017401630e+00,1.000000000000000000e+00
-7.777058291993509442e+01,-3.688497402949635529e+01,1.000000000000000000e+00
5.698491485251994959e+01,3.110047960708330805e+01,0.000000000000000000e+00
3.222389271482757778e+01,-2.557400881257295211e+01,0.000000000000000000e+00
-8.049978846957483825e+01,-8.994191990742082865e+00,0.000000000000000000e+00
-8.002788066874416018e+01,-4.727741884513571025e-01,0.000000000000000000e+00
1.687573348521970900e+02,-1.975370989055747017e+01,1.000000000000000000e+00
-2.965643746490025734e+01,3.249602844415761638e+01,0.000000000000000000e+00
-8.311048572398823353e+01,1.735722991906318313e+01,0.000000000000000000e+00
-7.847861431312547609e+01,-1.086404629394536236e+01,0.000000000000000000e+00
1.101767987024863942e+02,3.043300346980202775e+01,0.000000000000000000e+00
-7.871723567196322335e+01,-2.681323444424729274e+01,0.000000000000000000e+00
-8.002969533407816982e+01,8.844540952989849103e+00,1.000000000000000000e+00
-8.087234245722189030e+01,2.450855662233460208e+01,1.000000000000000000e+00
1.270014444112747043e+02,1.934231164320233987e+01,1.000000000000000000e+00
-3.706204409170093861e+00,-5.646749099927511395e+01,0.000000000000000000e+00
-7.897836765970848205e+01,-2.360623597705760801e+01,0.000000000000000000e+00
-8.068156444498730195e+01,1.830220575825118434e+00,0.000000000000000000e+00
1.649698799821996147e+02,-4.281321566407794421e+01,1.000000000000000000e+00
-7.694737619885688673e+01,-4.586443250948860140e+01,0.000000000000000000e+00
-7.221859597411939546e+01,-6.273411130405536795e+01,1.000000000000000000e+00
-7.826395841805251052e+01,-3.052094241429798771e+01,0.000000000000000000e+00
-8.373496854159206748e+01,4.300870415552491721e+01,0.000000000000000000e+00
-8.025238841228313902e+01,1.085896709571185248e+01,1.000000000000000000e+00
-8.358601088187570838e+01,1.924684829210050196e+01,0.000000000000000000e+00
-9.960759370951456637e-02,1.773918880815710963e+01,0.000000000000000000e+00
-4.616508262071340596e+01,1.903333527780967316e+01,0.000000000000000000e+00
-5.974468788232348970e+01,2.785802577811265834e+01,0.000000000000000000e+00
2.251549942372657256e+02,-3.856809562585470985e+01,1.000000000000000000e+00
2.644955722827798468e+02,-3.229436060991659918e+00,0.000000000000000000e+00
-8.495871915172462252e+01,4.331678372415032641e+01,0.000000000000000000e+00
2.302716525150817120e+02,-4.325479664985878969e+01,1.000000000000000000e+00
3.087397154866836146e+01,2.247899464740779152e+01,0.000000000000000000e+00
-7.774501804488969015e+01,-3.679876103385183228e+01,0.000000000000000000e+00
6.155936778006211085e+01,2.446356943334394174e+01,0.000000000000000000e+00
-8.561925146346736426e+01,4.019700893304952416e+01,0.000000000000000000e+00
-7.928314325284485165e+01,-2.186305857316999735e+01,1.000000000000000000e+00
-8.824305963904070893e+01,6.694200712262343700e+01,0.000000000000000000e+00
5.041871313009821165e+01,-1.098413885882031416e+01,0.000000000000000000e+00
-8.124820150189947299e+01,-2.932760380267178224e+00,1.000000000000000000e+00
-8.095977986577609897e+01,1.370289709020922153e+01,0.000000000000000000e+00
-7.953598291219903160e+01,1.274947839015221795e+00,1.000000000000000000e+00
-8.121248585835114397e+01,-3.795638443461251565e+00,0.000000000000000000e+00
-4.469074307131829471e+01,2.302597737831202807e+01,0.000000000000000000e+00
2.314390904988659514e+01,-2.336110978986011588e+01,0.000000000000000000e+00
8.039289556581239893e+00,2.242221603709648292e+01,1.000000000000000000e+00
6.232922018701800226e+01,-9.196154300683387461e+00,0.000000000000000000e+00
-7.955167082320728866e+01,-1.863917712491378254e+01,1.000000000000000000e+00
1.900019004955802870e+02,8.975464764883783531e+00,0.000000000000000000e+00
-8.263177768209867224e+01,3.452997376207816416e+01,0.000000000000000000e+00
-9.150338786068634533e+01,1.149306160113500397e+02,0.000000000000000000e+00
-8.614045285135532026e+01,4.606870390165056506e+01,0.000000000000000000e+00
-8.087886469338990025e+01,1.851476433471223615e+01,0.000000000000000000e+00
-8.043063889347622819e+01,-8.181610922618668624e+00,1.000000000000000000e+00
-8.014216132004544590e+01,3.287232924277715629e+00,0.000000000000000000e+00
-8.097661711002506024e+01,5.296228544379041558e+00,0.000000000000000000e+00
-8.660104048076486549e+01,4.977910615111051840e+01,0.000000000000000000e+00
-1.202407596821551294e+01,3.473073096159362194e+01,0.000000000000000000e+00
-8.086411050035725623e+01,1.481510202065205561e+01,0.000000000000000000e+00
-7.807660359448134102e+01,-3.125918681266777455e+01,1.000000000000000000e+00
4.444830799016143175e+01,1.556132112376559817e+01,0.000000000000000000e+00
-7.862290149453288279e+01,6.383153507140939986e+00,0.000000000000000000e+00
-1.040854861091906969e+01,2.064752880895231968e+01,0.000000000000000000e+00
3.219488335779600874e+01,-1.315177281763670081e+01,1.000000000000000000e+00
-8.075834145946785725e+01,7.643185463763938259e+00,0.000000000000000000e+00
-8.485577650699862318e+01,3.540633853133076769e+01,0.000000000000000000e+00
9.557973817264276306e+01,5.079557729403817667e+00,0.000000000000000000e+00
-3.398852712872599113e+01,3.365087214295581219e+01,0.000000000000000000e+00
-7.937959884042408021e+01,-2.526075650413125473e+01,1.000000000000000000e+00
-1.362752309668429618e+01,-2.189072960380848798e+01,0.000000000000000000e+00
1.498769685391017390e+02,-9.562054847046784545e+00,0.000000000000000000e+00
-8.170584867742030610e+01,2.333636280282588871e+01,0.000000000000000000e+00
-9.264003346152858143e+00,5.318144306192552762e+01,0.000000000000000000e+00
-1.816557859195952673e+01,3.042450558099963587e+01,0.000000000000000000e+00
1.417916623796169517e+02,1.053638769757862370e+01,1.000000000000000000e+00
-7.622727781497034982e+01,-5.031712125278708214e+01,1.000000000000000000e+00
-7.773622084468981086e+01,-3.479903548400330493e+01,0.000000000000000000e+00
-7.974477984036786893e+01,-1.429845833555746459e+01,0.000000000000000000e+00
-4.357192871471102791e+01,3.607542169651128461e+01,0.000000000000000000e+00
-8.394161580233230779e+01,2.729904213830798909e+01,0.000000000000000000e+00
7.250923666107283339e+01,6.152622943670678524e+00,0.000000000000000000e+00
-8.218773710931030507e+01,9.347074497904976909e+00,0.000000000000000000e+00
6.227177566304706602e+01,-1.517215431220115462e+01,0.000000000000000000e+00
-6.455990649086852784e+01,3.424094297556716526e+01,0.000000000000000000e+00
-4.538718440343995297e+01,2.016155350263010604e+01,1.000000000000000000e+00
6.057777738685006597e+01,-4.192597232779971250e+01,1.000000000000000000e+00
4.158679277766993891e+02,5.478953723869123493e+00,1.000000000000000000e+00
-4.466432387498075940e+01,2.829617431318839849e+01,0.000000000000000000e+00
-8.494586324595267968e+01,3.697318801059358151e+01,0.000000000000000000e+00
9.877527267354908247e+01,-2.701199941872903310e+01,1.000000000000000000e+00
-7.778374294063856098e+01,-4.025344580780807746e+01,1.000000000000000000e+00
-8.010624626804396087e+01,-1.324050146409397577e+01,1.000000000000000000e+00
-8.498162652971542741e+01,3.700672674166997211e+01,0.000000000000000000e+00
-8.159714298418231238e+01,1.886431496265910113e+01,0.000000000000000000e+00
-3.104803895655400225e+01,1.938762785547335099e+01,0.000000000000000000e+00
2.668198610198698262e+01,-3.673228084238078850e+01,1.000000000000000000e+00
-7.911850820615094904e+01,5.004198073317174256e+00,0.000000000000000000e+00
1.941877287152269105e+01,1.667469072566394317e+01,0.000000000000000000e+00
-7.943859851274906703e+01,-2.587661818345598874e+01,0.000000000000000000e+00
-8.109618392550392230e+01,-5.814088221262827538e-01,1.000000000000000000e+00
1.687943635021100164e+01,4.058725047303804701e+01,1.000000000000000000e+00
5.548818202564864066e+01,6.474817672802254620e+00,0.000000000000000000e+00
1.464082817088327459e+01,8.067195819498948595e+00,0.000000000000000000e+00
6.490166949842073052e+01,6.474406929627648744e+00,1.000000000000000000e+00
-8.196436682045832356e+01,8.477136860183231981e-01,1.000000000000000000e+00
9.227503889594974851e+01,-4.267845298563275946e+01,1.000000000000000000e+00
-8.059113500539406516e+01,-8.099317215305189777e+00,1.000000000000000000e+00
1.499697329351148198e+02,-3.196814444478325257e+01,1.000000000000000000e+00
-8.208450831707786222e+01,2.703131349883853929e+01,0.000000000000000000e+00
-3.362092827625789937e+01,2.257731008940808337e+01,0.000000000000000000e+00
6.004505989914869701e+01,3.237611641037708488e+00,0.000000000000000000e+00
-3.125680286978306199e+01,1.954201871140038449e+01,0.000000000000000000e+00
9.514461987969067280e+00,3.164157002527198159e+01,0.000000000000000000e+00
-7.951740936767738788e+01,-1.744711976915190732e+01,0.000000000000000000e+00
2.426023618317282455e+02,3.921247527166090663e+01,0.000000000000000000e+00
-7.988789852808029934e+01,-1.942862806308983536e+01,0.000000000000000000e+00
-7.983831476155218354e+01,4.601443437079248966e+00,0.000000000000000000e+00
-1.783748396415417758e+01,1.528376119550672030e+01,0.000000000000000000e+00
-8.184673306160280504e+01,2.851330959543415755e+00,1.000000000000000000e+00
2.066006104256342439e+02,-9.854679526362902564e+00,0.000000000000000000e+00
-8.125007304539856534e+01,1.342992110461120880e+01,0.000000000000000000e+00
-8.435072708381946427e+01,5.273235841826133452e+01,0.000000000000000000e+00
3.825080958072287274e+01,1.975616125091646325e+01,0.000000000000000000e+00
-7.789266022034807690e+01,-3.993941708172208394e+01,0.000000000000000000e+00
-8.249419213560709352e+01,2.399138899064110220e+01,0.000000000000000000e+00
1.268056654755689721e+02,-8.170076768275756907e-01,0.000000000000000000e+00
-8.139302987857973903e+01,-1.510200164118355559e+00,0.000000000000000000e+00
7.883258650077847562e+01,-3.043302806008461658e+01,1.000000000000000000e+00
4.072238543358698735e+02,7.636974907315376093e+00,0.000000000000000000e+00
-7.361111653630290164e+01,-7.745122552060024645e+01,1.000000000000000000e+00
-7.424160349409999071e+01,-4.041983315022335432e+01,1.000000000000000000e+00
1.129337517235029864e+01,2.684159695777864130e+01,0.000000000000000000e+00
5.342135189822143815e+01,2.049269103863326080e+01,0.000000000000000000e+00
-2.984515926699672406e+01,3.041913764913616447e+01,0.000000000000000000e+00
3.942253081666214598e+01,-3.957101274353740195e+01,1.000000000000000000e+00
-7.495014629980633458e+01,-3.905707738267692974e+01,0.000000000000000000e+00
2.446463434171539930e+01,1.922160531146710127e+01,0.000000000000000000e+00
2.043067168733539347e+02,2.574205330960299065e+01,0.000000000000000000e+00
-8.121075185244733063e+01,1.549511526871487987e+01,0.000000000000000000e+00
-7.919811023542980877e+01,-2.096614089922713831e+01,1.000000000000000000e+00
7.388654352963101246e+01,2.175599538574294201e+01,1.000000000000000000e+00
-7.632851311660414240e+01,-3.163331231467588722e+01,0.000000000000000000e+00
-8.063915501484396486e+01,-7.710602029485299269e+00,0.000000000000000000e+00
-8.159953614531814026e+01,2.888314495049715713e+00,0.000000000000000000e+00
-2.970768484890627281e+00,6.772534787977074977e+00,0.000000000000000000e+00
-8.216910490041777848e+01,7.420878457241144588e+00,1.000000000000000000e+00
5.135915980329883013e+01,-7.589841304205032557e+00,1.000000000000000000e+00
-8.353750763414164737e+01,3.669261778738459157e+01,0.000000000000000000e+00
-3.431706166545129832e+01,4.121444478688954405e+01,0.000000000000000000e+00
-2.901696402687273491e+01,4.338067596448862417e+01,0.000000000000000000e+00
5.688051303566272310e+01,-5.142353643662015372e+01,1.000000000000000000e+00
-8.391194953653260313e+01,2.365612319430983135e+01,0.000000000000000000e+00
5.337807537955387005e+01,-8.006813860439031316e+00,1.000000000000000000e+00
-7.806143403352642451e+01,-3.405832142408494434e+01,0.000000000000000000e+00
-7.931521718370004237e+01,-2.030903151757419067e+01,1.000000000000000000e+00
-8.376073938412774567e+01,2.320559348551086387e+01,0.000000000000000000e+00
1.178004431763759285e+01,4.959883082865065518e+00,0.000000000000000000e+00
-6.819773656702282949e+01,1.134165067018773385e+02,0.000000000000000000e+00
-8.538157922336739603e+01,4.020895744301801500e+01,0.000000000000000000e+00
-7.853821347257273544e+01,-2.972515218110259738e+01,0.000000000000000000e+00
-7.164264221969764890e+01,-7.937910695258304372e+01,1.000000000000000000e+00
4.190106440306932996e+02,-2.185056734934654443e+01,1.000000000000000000e+00
-1.923883309687042598e+01,-1.179001409173483061e+01,1.000000000000000000e+00
3.397656072640183567e+01,1.530229332587575009e+01,1.000000000000000000e+00
8.249449617864591744e+01,-9.574879668503259111e+00,1.000000000000000000e+00
-8.166603429692939642e+01,4.064853523121016998e+00,0.000000000000000000e+00
1.572953990313207484e+01,-5.886224608515329138e-01,0.000000000000000000e+00
-7.685885088768142737e+01,-4.572857007098330939e+01,1.000000000000000000e+00
-7.998387462703946937e+01,-1.470964903194637685e+01,1.000000000000000000e+00
-8.316640514406489615e+01,2.835158659242325996e+01,0.000000000000000000e+00
1.345324142329604911e+02,-2.446309408814559205e+01,1.000000000000000000e+00
-8.228938987822398587e+01,1.043115804307869077e+01,0.000000000000000000e+00
-3.360076150543544315e+01,1.295310791347238499e+01,1.000000000000000000e+00
1.931329260972826845e+01,1.634221872807404452e+01,1.000000000000000000e+00
2.394562410757703788e+02,-1.503428367327543480e+00,1.000000000000000000e+00
-8.008447996646320632e+01,1.646247675333296356e-01,0.000000000000000000e+00
-7.847893076185849282e+01,-2.678098754344176058e+01,0.000000000000000000e+00
-8.061472662018123003e+01,5.592053896017740833e+00,0.000000000000000000e+00
-3.809218523054035899e+01,1.897036168635004216e+01,0.000000000000000000e+00
1.084320722402648585e+02,2.471097350333315035e+01,0.000000000000000000e+00
-7.981099218176922250e+01,3.318293193800256002e+00,0.000000000000000000e+00
2.067768027032465170e+02,-5.824584883513725231e+01,1.000000000000000000e+00
-7.590471834650708161e+01,-5.657786110292948933e+01,1.000000000000000000e+00
5.092689156490035174e+00,2.770623144934350535e+01,0.000000000000000000e+00
-7.206529956935493431e+01,-7.161914073951925275e+01,1.000000000000000000e+00
-8.323662318647511427e+01,3.401021882847911115e+01,0.000000000000000000e+00
-7.421530178302415948e+01,-3.237570548765684464e+01,0.000000000000000000e+00
-7.258489406307845115e+01,-7.103679067386609347e+01,0.000000000000000000e+00
5.217860658159705167e+01,-1.204135102951904557e+01,1.000000000000000000e+00
9.458923690978700449e+01,1.588229594394185362e+01,1.000000000000000000e+00
1.941290125580697179e+02,-1.148960088892241949e+01,1.000000000000000000e+00
4.890750551959600756e+01,1.936211940740672333e+01,1.000000000000000000e+00
4.085446338059706761e+01,7.358443378272979674e-01,0.000000000000000000e+00
-8.263237691872905089e+01,2.702369634994224867e+01,1.000000000000000000e+00
-8.136616072482924267e+01,-1.037741679519774252e+00,1.000000000000000000e+00
4.014009654541728764e+02,-1.340413810533329908e+01,1.000000000000000000e+00
-7.665022310274204642e+01,-5.231069722712632597e+01,1.000000000000000000e+00
-8.190996968035459247e+01,2.630080771783097848e+00,0.000000000000000000e+00
1.119664523716633227e+02,-1.189033962224574559e+01,0.000000000000000000e+00
-2.615151979862186593e+01,1.965559929233168646e+01,0.000000000000000000e+00
-5.016745933799115420e+01,2.905914637762065666e+01,0.000000000000000000e+00
-8.224703410950876048e+01,1.055193732038504884e+01,0.000000000000000000e+00
-7.433568280037354725e+01,-4.300675595544210239e+01,1.000000000000000000e+00
6.682795422119941122e+02,-1.011006496222036155e+01,0.000000000000000000e+00
-2.595917107659087364e+01,1.072041672698929915e+00,0.000000000000000000e+00
-7.795312723176034808e+01,-3.064793128000679800e+01,1.000000000000000000e+00
2.908078392044512270e+02,1.162161296521331444e+01,1.000000000000000000e+00
-4.620236552597095425e+01,3.734217624285083303e+01,0.000000000000000000e+00
-8.035021898227302017e+01,-9.207577984943752014e+00,0.000000000000000000e+00
-3.870490078102720588e+01,4.444952346966926626e+01,0.000000000000000000e+00
-7.536184668703329237e+01,-5.739703977341734031e+01,1.000000000000000000e+00
1.175595484458801252e+02,-5.264918320971445809e+01,1.000000000000000000e+00
-7.262335075249607996e+01,-6.567938383562199078e+01,1.000000000000000000e+00
-7.478816727330496406e+01,-5.143267751887920269e+01,1.000000000000000000e+00
-8.219934483901411681e+01,8.307457860829455143e+00,0.000000000000000000e+00
-8.203537753489993634e+01,2.434914623490183772e+01,0.000000000000000000e+00
5.986137062166508649e+00,3.189621393005064576e+01,0.000000000000000000e+00
-7.901744721183644060e+01,-2.230305244768051054e+01,1.000000000000000000e+00
9.506233543427148902e+01,1.395503138105973306e+01,1.000000000000000000e+00
1.169648341698798504e+02,-1.339812670041635201e+01,0.000000000000000000e+00
-7.325198691100769111e+01,-7.371154919607637623e+01,1.000000000000000000e+00
-8.045844063625288811e+01,-1.084688107930923096e+01,0.000000000000000000e+00
6.018019505859069795e+02,1.223990878379347080e+01,0.000000000000000000e+00
3.210907317319890240e+02,2.768075863995147046e+01,0.000000000000000000e+00
-8.002342841167157417e+01,1.171060790689415709e+00,0.000000000000000000e+00
-8.228239210834657058e+01,6.861409908480042397e+00,0.000000000000000000e+00
-7.949501087039513436e+01,-1.762906273400818336e+01,0.000000000000000000e+00
-2.794210801952872458e+01,2.745893061353289610e+01,0.000000000000000000e+00
-8.189375089341680791e+01,2.825736781735141534e+01,0.000000000000000000e+00
1.730937304249420094e+02,4.369234753815155159e+01,1.000000000000000000e+00
-7.915336320171162754e+01,3.390033717422777038e+00,1.000000000000000000e+00
-7.931986055237467781e+01,5.558756900629099995e+00,0.000000000000000000e+00
-7.986619231044545586e+01,7.452016008604015473e-01,0.000000000000000000e+00
2.995899323129191316e+02,-3.807330168786189972e+01,0.000000000000000000e+00
7.355824125930645607e+01,-2.977483055500231046e+01,1.000000000000000000e+00
5.634124248128424028e+01,-6.360620407842527158e+01,0.000000000000000000e+00
-7.964683209317576029e+01,-1.749218392623946983e+01,1.000000000000000000e+00
-8.103742201419800040e+01,1.944672595773421975e+01,0.000000000000000000e+00
-7.744523241126432822e+01,-3.410754978522925285e+01,0.000000000000000000e+00
-8.041247684281213992e+01,-1.002828497736268609e+01,1.000000000000000000e+00
-1.523593419147099048e+01,2.068018807196040498e+01,0.000000000000000000e+00
-7.983871155000501574e+01,-1.452334102732108079e+01,1.000000000000000000e+00
-7.718363983629964764e+01,-1.153232285778470256e+01,0.000000000000000000e+00
-8.266621104788391960e+01,1.418440368306253063e+01,0.000000000000000000e+00
-7.919462407482789956e+01,-2.235289542681633890e+01,1.000000000000000000e+00
-7.976188994538213706e+01,8.899412734988125351e+00,1.000000000000000000e+00
-2.436260547167483637e+01,1.403267597575163528e+01,0.000000000000000000e+00
-8.039468380681016413e+01,-1.158208232283715944e+01,0.000000000000000000e+00
-3.744047776998257859e+01,4.738113597338512051e+01,0.000000000000000000e+00
-8.199448857942620350e+01,2.673951043777351710e+00,0.000000000000000000e+00
-2.260770781858015610e+01,2.064713005229122800e+01,0.000000000000000000e+00
-8.071099795540808941e+01,9.203136272152903530e+00,1.000000000000000000e+00
3.435169203879622302e+01,2.243711111894241128e+01,0.000000000000000000e+00
-8.127930905626637070e+01,-5.754570420036631440e+00,0.000000000000000000e+00
1.947695955845651383e+02,3.362136857635557163e+01,0.000000000000000000e+00
-7.791830412320994981e+01,-3.272984651520662425e+01,1.000000000000000000e+00
4.328868706187682847e+01,-5.563503106939172937e+00,0.000000000000000000e+00
7.582001818525711201e+01,-8.272070386510142370e+00,0.000000000000000000e+00
-7.638069601954332200e+01,-5.205284868839080303e+01,1.000000000000000000e+00
-8.171656902327187311e+01,-1.022256956336055900e-01,1.000000000000000000e+00
5.655488809671364692e+01,-1.212006949658318611e+01,0.000000000000000000e+00
4.670858712756649425e+02,9.658919244683319860e+00,0.000000000000000000e+00
1.406547198422101701e+02,1.379884855192087834e+01,1.000000000000000000e+00
-3.357942981988358611e+01,2.448071281271981192e+01,0.000000000000000000e+00
-4.560297288943444549e+00,1.278588542902717862e+01,0.000000000000000000e+00
-4.278244265480545039e+01,3.731718713375057206e+01,0.000000000000000000e+00
-6.556089581580548220e+00,1.554106286366608636e+01,1.000000000000000000e+00
1.035054015397394238e+02,2.277408428009076946e+00,1.000000000000000000e+00
1.154134101489063511e+02,9.268949949583840109e+00,1.000000000000000000e+00
-7.712910292930389744e+01,-4.890940024859352775e+01,0.000000000000000000e+00
4.345320365263499696e+01,-2.333016414078703704e+01,0.000000000000000000e+00
2.817640400493293669e+02,3.814062275813924874e+00,1.000000000000000000e+00
1.355450234338593134e+02,7.649071157926475628e+00,0.000000000000000000e+00
1.018517779001664394e+02,2.693527814284398403e+01,1.000000000000000000e+00
-8.153491083463045186e+01,-3.673460061610434479e+00,0.000000000000000000e+00
-7.707609328060071618e+01,-4.323030442069310908e+01,1.000000000000000000e+00
5.768632055316781759e+01,-1.372741799247207872e+01,1.000000000000000000e+00
-4.033708708409147903e+01,3.800074255602716988e+01,0.000000000000000000e+00
-8.029987143560168761e+01,-7.382533489985788400e+00,1.000000000000000000e+00
-7.770549839610576726e+01,-3.800565590868053079e+01,0.000000000000000000e+00
2.617733642944477879e+01,3.502915415884123806e+00,0.000000000000000000e+00
5.574303246273944268e+01,-3.551485426091460340e+01,1.000000000000000000e+00
6.884151309576400024e+01,-7.284647326380859766e+00,0.000000000000000000e+00
1.001108123562258072e+02,3.953166445271279805e+00,1.000000000000000000e+00
1.251056288284718221e+02,9.869974767716469088e+00,1.000000000000000000e+00
-8.283794980318468504e+01,3.233101888079909259e+01,0.000000000000000000e+00
6.744018533537060023e+01,2.307450807056259734e+01,0.000000000000000000e+00
1.923912919101405095e+01,-3.135398266604025608e+01,1.000000000000000000e+00
3.441136428169193628e+00,1.156004726912909319e+01,0.000000000000000000e+00
-7.958816385212297462e+01,1.448770551260263328e+00,1.000000000000000000e+00
1.336281726464763864e+01,1.119052626227528080e+01,0.000000000000000000e+00
-1.840092284904245545e+01,1.876297168094865597e+01,0.000000000000000000e+00
-7.444601928394895651e+01,-6.815756909079128434e+01,1.000000000000000000e+00
6.038683171871236510e+01,1.340344520717366628e+01,0.000000000000000000e+00
-7.341910747928912429e+01,-8.433573172547129104e+01,1.000000000000000000e+00
1.502312636946760165e+02,7.747182032642329297e+00,0.000000000000000000e+00
-7.944053769204879245e+01,2.142101175809832725e+00,1.000000000000000000e+00
-7.903069950240383434e+01,-1.081206007775313971e+01,1.000000000000000000e+00
-4.643944938834487601e+01,-3.862357327943129093e+01,1.000000000000000000e+00
-7.922923253295375901e+01,2.506687215257470402e+00,0.000000000000000000e+00
9.114811241018468024e+01,-2.547963681683952686e+01,0.000000000000000000e+00
7.645897611491733414e+01,7.896227988147075827e+00,1.000000000000000000e+00
-7.478212470015962765e+01,-6.616914655637646092e+01,0.000000000000000000e+00
3.951616841026775973e+01,2.151377944207503745e+01,1.000000000000000000e+00
-1.259663134111057836e+01,1.435322153820511737e+01,0.000000000000000000e+00
-7.975755117434164276e+01,-6.702367202095952159e+00,0.000000000000000000e+00
-3.133472863250486284e+01,3.279943277568315096e+01,0.000000000000000000e+00
-7.569195704809699521e+01,-5.794978160896548758e+01,1.000000000000000000e+00
-8.195159416398426799e+01,2.896858744192317037e+00,0.000000000000000000e+00
-2.455040010730088085e+01,2.627785572338777698e+01,0.000000000000000000e+00
1.800396740897394920e+02,-2.562477592193568654e+01,0.000000000000000000e+00
-8.199551235680969796e+01,3.347307638467161617e+00,0.000000000000000000e+00
-8.101491701408293977e+01,-5.484014980003428796e+00,1.000000000000000000e+00
9.459743202616658664e+01,-2.228126467280892342e+01,1.000000000000000000e+00
-7.459550500290158936e+01,-6.790197049633269444e+01,1.000000000000000000e+00
2.543449729832030926e+01,-5.104560970252215668e+00,0.000000000000000000e+00
-9.267827641308256759e+00,2.382747204763450810e+01,0.000000000000000000e+00
-9.016776390785960871e+01,1.126172453386858621e+02,0.000000000000000000e+00
-8.008108392883121951e+01,-1.233109070129281726e+01,0.000000000000000000e+00
-8.300939091325216168e+01,1.237452548146919717e+01,0.000000000000000000e+00
2.977573186595916965e+01,-6.690237007371560907e+00,0.000000000000000000e+00
4.483997861799755569e+00,-1.231491878892870595e+01,0.000000000000000000e+00
-8.216924111836590328e+01,7.679533004356878578e+00,0.000000000000000000e+00
-8.224152514385448143e+00,2.316974266627871870e+01,0.000000000000000000e+00
-9.009240141262526436e+01,1.081249090354024958e+02,1.000000000000000000e+00
-8.299065618858590199e+01,1.791773407155882936e+01,0.000000000000000000e+00
-7.868243862511265263e+01,-2.602283276113975319e+01,0.000000000000000000e+00
-8.445730172080001807e+01,4.739872194484350842e+01,0.000000000000000000e+00
-4.022919658959939682e+01,2.865290951342702641e+01,0.000000000000000000e+00
-8.318074734951179039e+01,2.126621764939836368e+01,0.000000000000000000e+00
-7.596836304134026818e+01,-5.655125354783898217e+01,1.000000000000000000e+00
8.791943597990021431e+01,8.834781037952071259e+00,1.000000000000000000e+00
-7.894008487331102231e+01,-7.164042928364447782e+00,1.000000000000000000e+00
-2.760071089482391216e+01,2.756194217871987462e+01,0.000000000000000000e+00
1.765157627758886179e+02,-5.664424226103569282e+01,1.000000000000000000e+00
2.508496180069970762e+02,-4.095921614517457243e+01,1.000000000000000000e+00
-7.699299585420718017e+01,-4.903491292802504375e+01,0.000000000000000000e+00
-7.938847451459513138e+01,4.629967403902899847e-01,0.000000000000000000e+00
-7.792816541403203701e+01,-3.945061148039378196e+01,1.000000000000000000e+00
2.146870524596489247e+02,-5.327591210949070621e+00,0.000000000000000000e+00
1.284658384220707772e+00,2.449819025046367926e+01,0.000000000000000000e+00
-8.019796110932172439e+01,-1.141731189540729474e+01,1.000000000000000000e+00
-8.159539320605995272e+01,1.462979382747831991e+01,0.000000000000000000e+00
-1.763154940489705780e+01,3.662600623062076011e+01,0.000000000000000000e+00
6.192769707390983314e+01,-1.193022072540221679e+01,1.000000000000000000e+00
3.896411912006264515e+02,-1.357606886178281691e+01,1.000000000000000000e+00
8.525376302547870822e+00,7.856391940715898414e+00,0.000000000000000000e+00
-1.720157352889517099e+01,3.699659411304339329e+01,0.000000000000000000e+00
1.362555112161539839e+01,2.055925961892450005e+01,0.000000000000000000e+00
7.894099096706827368e+01,1.063078542157357909e+01,0.000000000000000000e+00
2.469486195012831899e+02,1.041642441834277621e-01,1.000000000000000000e+00
1.755950375084346371e+00,2.248748205999034511e+01,0.000000000000000000e+00
-7.109153831531519252e+00,3.613861375314986901e+01,0.000000000000000000e+00
-7.673640830717091887e+01,-4.430120238482157902e+01,1.000000000000000000e+00
-8.693559389037250895e+00,2.236963503401763731e+01,0.000000000000000000e+00
1.470042339228513573e+00,1.526889337483525999e+01,0.000000000000000000e+00
-8.085357541622953192e+01,1.036944155791255717e+01,0.000000000000000000e+00
9.938208972692569887e+01,2.389115775177366885e+01,0.000000000000000000e+00
-2.400750084295468767e+01,3.047201850177623683e+01,0.000000000000000000e+00
3.054607082579894595e+01,5.209560942521074267e-01,0.000000000000000000e+00
-3.057772707983179927e+01,2.544815178826131508e+00,0.000000000000000000e+00
-7.913968277210852875e+01,-3.284839304274858041e+00,1.000000000000000000e+00
-7.925971399944747020e+01,2.138871502464078755e+00,1.000000000000000000e+00
2.064958021070314089e+02,-8.056578845840391523e+00,1.000000000000000000e+00
-7.044436481805681494e-01,2.149869056977403048e+01,0.000000000000000000e+00
1.137951275707985133e+02,3.107631408148494856e+01,0.000000000000000000e+00
-7.576277084720571509e+01,-5.336497367486856547e+01,1.000000000000000000e+00
3.333335652207002795e+02,2.441039727139709470e+01,0.000000000000000000e+00
6.047787084150362702e+00,4.469454308545080856e+00,0.000000000000000000e+00
-7.670440421026879108e+01,-4.580825992982575912e+01,1.000000000000000000e+00
1.944582223418477724e+02,1.570936866297750178e+01,0.000000000000000000e+00
3.300939622704827769e+01,2.972649399865701625e+01,0.000000000000000000e+00
-7.704870710352277285e+01,-1.425437526989523285e+01,1.000000000000000000e+00
-8.440896812313133069e+01,3.063325504354780904e+01,0.000000000000000000e+00
-7.147515620639738643e+01,-7.613646007347996658e+01,1.000000000000000000e+00
-8.310479082324185640e+01,1.747050331219808683e+01,1.000000000000000000e+00
-7.924387083365670037e+01,-2.597952713141323144e+01,0.000000000000000000e+00
1.113794203059048904e+01,-1.525316849556121035e+01,1.000000000000000000e+00
-8.365083966781426739e+01,3.821541065692353811e+01,0.000000000000000000e+00
-7.598961918574933350e+01,-5.496741478227421140e+01,1.000000000000000000e+00
8.534751695969436014e+01,1.025556094737350321e+01,0.000000000000000000e+00
-8.111660407085075519e+01,-5.066054243134236579e+00,1.000000000000000000e+00
-8.266204709698359920e+01,1.332695048506007041e+01,0.000000000000000000e+00
-7.308859718375489933e+01,-8.404026126453645418e+01,1.000000000000000000e+00
5.026420914977509256e+02,-3.337504807523526407e-01,1.000000000000000000e+00
-7.957341346510091284e+01,9.432975501857150391e+00,0.000000000000000000e+00
9.535823631591314609e+01,1.899372058210216352e+01,0.000000000000000000e+00
2.313581431276188880e+02,-5.284831689276331401e-01,0.000000000000000000e+00
-1.637199500054989443e+01,-2.182749728849833559e+01,0.000000000000000000e+00
8.909309266588708454e+01,-4.569239263761473602e+00,1.000000000000000000e+00
3.976718803159436675e+02,-1.332730299234289006e+01,1.000000000000000000e+00
-8.159750723170857611e+01,1.772770445863796240e+01,0.000000000000000000e+00
-7.600824181947962188e+01,-3.201724402075979015e+01,1.000000000000000000e+00
-8.438693371420636424e+01,2.984585475685630129e+01,0.000000000000000000e+00
3.612478033855169457e+01,-2.318431212881439052e+00,1.000000000000000000e+00
9.115920642720013234e+01,9.334260560301014920e+00,0.000000000000000000e+00
-6.612344729396274268e+00,2.783670175057663698e+01,0.000000000000000000e+00
-1.998249001045593998e+00,2.179557869264538894e+01,0.000000000000000000e+00
-7.978889453162861400e+01,8.023896268163934753e-01,0.000000000000000000e+00
1.332224490407729434e+02,-1.854054922996971300e+01,1.000000000000000000e+00
2.033570660515660791e+02,-4.280967911130277059e+01,1.000000000000000000e+00
-8.465137692791381596e+01,2.995957278248799227e+01,0.000000000000000000e+00
1.059002817161364050e+02,-4.838292190395986125e+01,1.000000000000000000e+00
6.823281346533525493e+01,-8.905311978834408393e+00,0.000000000000000000e+00
9.746911258590964167e+01,3.164042729261215925e+01,1.000000000000000000e+00
-8.384827264045787842e+01,2.429088197571571683e+01,0.000000000000000000e+00
1.810659678528843575e+00,2.997003235741365401e+01,0.000000000000000000e+00
-2.414573681044453224e+01,3.837174555482057769e+01,0.000000000000000000e+00
-7.870255083524911299e+01,-2.624148481792600407e+01,0.000000000000000000e+00
-8.315973769097024615e+01,2.194541301137830658e+01,0.000000000000000000e+00
-7.947446092402056195e+01,-1.828658439727161422e+01,1.000000000000000000e+00
-7.633646380425710731e+01,-2.918621071012664103e+01,0.000000000000000000e+00
-7.786216887606651937e+01,-3.414914550534547288e+01,0.000000000000000000e+00
-8.205290301502347461e+01,1.766041628054057711e+01,0.000000000000000000e+00
-8.148130631296290005e+01,2.126928526748954162e+00,0.000000000000000000e+00
-7.174305180595209208e+01,-7.956642487708749911e+01,1.000000000000000000e+00
-3.315428879050974587e+01,3.621249587086276733e+01,0.000000000000000000e+00
3.990259888542774291e+01,9.924098402124169382e+00,0.000000000000000000e+00
-8.177248828063976305e+01,3.679195819204664986e+00,1.000000000000000000e+00
-8.028458448337570985e+01,-2.691934131787824924e+00,1.000000000000000000e+00
-5.641969593683744932e+01,-6.254133456267934577e+01,1.000000000000000000e+00
-1.231699515344346452e+01,1.959514869075527699e+01,0.000000000000000000e+00
1.134199668842384057e+01,2.708929578682857553e+01,0.000000000000000000e+00
-1.635462071938588835e+01,1.819426292464653727e+01,1.000000000000000000e+00
-1.683400621801595065e+01,-3.890583612343981867e-01,0.000000000000000000e+00
1.064242872348675739e+01,4.154736140826208413e+01,0.000000000000000000e+00
-7.920424839719501620e+01,-1.998519600141905173e+01,1.000000000000000000e+00
1.272061053188383113e+02,4.307521678244116003e+01,0.000000000000000000e+00
-8.210275277355333401e+01,-1.900021339091269024e+00,0.000000000000000000e+00
2.331160282308977116e+01,2.633822666984676175e+01,0.000000000000000000e+00
-7.351207640098613183e+01,-5.956950171808956895e+01,1.000000000000000000e+00
-7.953167477591502177e+01,-2.402754482459548413e+01,0.000000000000000000e+00
-1.171084465676799091e+01,3.503428652311814773e+01,0.000000000000000000e+00
1.606801609176238514e+02,-1.489393077143202149e+01,1.000000000000000000e+00
-1.781123893153324644e+01,-2.111311414241329842e+01,0.000000000000000000e+00
-2.380722593967128731e+01,-3.368448676543605025e+00,0.000000000000000000e+00
-8.560333900980243982e+01,4.233506658517282517e+01,0.000000000000000000e+00
-3.395965396990047935e+01,4.261922869025589478e+01,0.000000000000000000e+00
-8.182647425735964930e+01,2.336803096076150510e+01,0.000000000000000000e+00
-8.073584437913991962e+01,-6.979932044804880498e+00,0.000000000000000000e+00
2.457045658767499319e+01,3.070852505028126789e+00,0.000000000000000000e+00
-4.901101091466412640e+01,4.512430917424075005e+01,0.000000000000000000e+00
1.868612063555526248e+01,2.777754104392979784e+01,0.000000000000000000e+00
-8.175050669953631655e+01,1.269604612995502091e+00,1.000000000000000000e+00
-7.927571608576666051e+01,-4.915733231393061842e-01,0.000000000000000000e+00
2.299834419465408430e+01,4.023145385573199206e+01,0.000000000000000000e+00
-8.104774644509313930e+01,-9.161279242010619939e+00,0.000000000000000000e+00
-3.866131961136787965e+01,3.139976412347950685e+01,0.000000000000000000e+00
3.151001166675254339e+01,4.063572747181343914e+01,0.000000000000000000e+00
1.352335812370482984e+02,1.007549189617446928e+01,0.000000000000000000e+00
-8.028721533402028854e+01,1.691061916817402633e+01,0.000000000000000000e+00
-8.160764030315665707e+01,-2.493471270769989090e+00,0.000000000000000000e+00
-7.968208843627981253e+01,9.072264585592563435e+00,0.000000000000000000e+00
-8.397693329390756389e+01,2.514343060558267595e+01,0.000000000000000000e+00
-8.003816160702723437e+01,-1.675239449137613335e+01,1.000000000000000000e+00
2.012078378047526428e+02,-5.509769618780020295e+01,1.000000000000000000e+00
-5.178040979407890987e+00,3.471997074529518557e+01,0.000000000000000000e+00
-2.807443702846172329e+01,2.041233151094919762e+01,0.000000000000000000e+00
-8.321036160728979780e+01,1.972091387322556599e+01,0.000000000000000000e+00
4.932404312015157721e+00,2.961027852978972064e+01,0.000000000000000000e+00
-6.275178543899405526e+01,1.704491485365795356e+01,0.000000000000000000e+00
4.358821309947611411e+01,3.229772382206826364e+01,0.000000000000000000e+00
4.965764585526256525e+01,-2.823249056514317701e+01,0.000000000000000000e+00
8.518969107212254244e+01,8.960658791329757733e+00,1.000000000000000000e+00
-8.469046155533978038e+01,3.202434593478449898e+01,0.000000000000000000e+00
-7.925836118570637723e+01,-1.920950850868178250e+01,0.000000000000000000e+00
-3.605680756378563956e+01,1.012525386822427542e+01,0.000000000000000000e+00
3.740441191392146436e+01,2.864031260117071298e+01,0.000000000000000000e+00
2.515018463788393603e+02,1.923012009286421797e+00,0.000000000000000000e+00
-1.558107107124974888e+01,6.401072711523775105e+00,0.000000000000000000e+00
4.803440333908579163e+01,2.089793941993758253e+01,0.000000000000000000e+00
-8.040494119871998180e+01,-6.226337305493926166e+00,1.000000000000000000e+00
-7.942354195208892520e+01,-2.064305349817990987e+01,0.000000000000000000e+00
-6.708495176927883108e+01,-8.124517231939069006e+01,1.000000000000000000e+00
-7.422875919592696903e+01,-3.698359516577505701e+01,1.000000000000000000e+00
-8.024720647111963956e+01,6.833608786246127664e+00,0.000000000000000000e+00
-7.950721147212355788e+01,-1.307817675820603398e+01,0.000000000000000000e+00
-8.237602759357589832e+01,8.959352977270290452e+00,0.000000000000000000e+00
5.171206284375519999e+02,4.285864407060298475e+01,1.000000000000000000e+00
-8.285565200117866880e+01,2.296216866970238613e+01,0.000000000000000000e+00
-7.838076940153391092e+01,-3.110787014205402556e+01,1.000000000000000000e+00
-8.239486210855673676e+01,1.000566295922881466e+01,0.000000000000000000e+00
8.168362573150601236e+01,-5.105925057829966107e+01,1.000000000000000000e+00
-8.640974577859144290e+01,4.938478357990609879e+01,0.000000000000000000e+00
-7.864396557082140760e+01,-1.425305980077646861e+00,1.000000000000000000e+00
6.098934536217120694e+01,1.577587585418273086e+01,0.000000000000000000e+00
-7.923883820057216099e+01,-2.268428693385460804e+01,1.000000000000000000e+00
3.095215654242093706e+01,4.501662367217532790e+01,0.000000000000000000e+00
1.509202094586103442e+02,1.293982639062548401e+01,0.000000000000000000e+00
1.108979100325760925e+02,-5.583171630753279402e+01,1.000000000000000000e+00
-8.550942098375665523e+01,4.035277776408202044e+01,0.000000000000000000e+00
-5.837015302433348296e+01,3.411176186286794376e+01,0.000000000000000000e+00
-7.526623259803032795e+01,-6.091961441904720687e+01,1.000000000000000000e+00
3.801239851408891468e+01,2.113256087171223285e+01,0.000000000000000000e+00
-8.033013615836449617e+01,3.804413081392886475e+00,0.000000000000000000e+00
-8.414655789441982847e+01,2.634554920369777520e+01,0.000000000000000000e+00
-7.796933202499545246e+01,-9.654217082971824127e+00,0.000000000000000000e+00
4.935112421066551747e+01,-2.782939588164650857e+01,1.000000000000000000e+00
-7.559556254321931590e+01,-5.953356295447522939e+01,1.000000000000000000e+00
-7.829326991845488237e+01,-7.013540677299070936e+00,0.000000000000000000e+00
2.192163892478980927e+02,-3.701770806399613889e+01,1.000000000000000000e+00
-4.134145881772568032e+01,2.749303894403333359e+01,0.000000000000000000e+00
1.954113114872504582e+02,-1.229984362057754943e+01,0.000000000000000000e+00
9.988650322137407045e+01,2.173831295937067765e+01,0.000000000000000000e+00
7.600924320041653459e+01,2.541678369176566932e+01,0.000000000000000000e+00
1.185229560400827467e+02,-3.957292401040140817e+01,1.000000000000000000e+00
2.458111044284390800e+02,-2.572250798987644771e+01,1.000000000000000000e+00
-8.014682830110290013e+01,7.729445774793810564e+00,0.000000000000000000e+00
-8.146462246781695171e+01,1.978284637509377575e+01,0.000000000000000000e+00
-8.033634768248428770e+01,1.489486000917805164e+01,0.000000000000000000e+00
4.208644617668313970e+01,-1.778832314647949442e+00,1.000000000000000000e+00
-8.601615411149595047e+01,4.392313821221214454e+01,0.000000000000000000e+00
-7.620362952184844119e+01,-5.767314970762980408e+01,0.000000000000000000e+00
-8.165569647824518995e+01,2.718965537296934798e+00,0.000000000000000000e+00
-7.958615263828392905e+00,3.898096005199184333e+01,0.000000000000000000e+00
7.259067545602751181e+01,-6.807952907318173175e+01,1.000000000000000000e+00
1.163716030328916560e+02,-2.223483389901829099e+01,0.000000000000000000e+00
-8.924770761621998005e+00,1.976374514420314865e+00,0.000000000000000000e+00
-8.202213066614783088e+01,2.907991352031660526e+01,0.000000000000000000e+00
-8.978280554023088200e+01,1.098588873681788982e+02,1.000000000000000000e+00
-3.251117331071744054e+00,2.583359407659281715e+01,0.000000000000000000e+00
-8.036792807275934081e+01,1.528027555713607022e+01,0.000000000000000000e+00
-8.479016241198934267e+01,3.318211740664135334e+01,0.000000000000000000e+00
1.664422117799581358e+01,-5.951777282859209350e+01,1.000000000000000000e+00
9.047485060816391922e+01,3.057043414122133207e+00,0.000000000000000000e+00
-7.514485783927060680e+00,4.019546391404686858e+01,0.000000000000000000e+00
-8.065786477431974788e+01,-1.320901557906191037e+01,0.000000000000000000e+00
-8.227031359119904153e+01,2.664745763458475381e+01,1.000000000000000000e+00
1.306579255173525382e+02,-2.210397393090517859e+00,0.000000000000000000e+00
-8.364728521053035593e+01,1.726027819248404427e+01,0.000000000000000000e+00
-8.355775227021071316e+01,2.317044921108205457e+01,0.000000000000000000e+00
3.624736624251903017e+00,2.554247875639507370e+01,0.000000000000000000e+00
2.902038278207776045e+01,-3.805207115460456180e+01,1.000000000000000000e+00
8.798901385660234098e+01,-2.008271720540179217e+01,1.000000000000000000e+00
-7.981521926341633844e+01,-1.795227892387744006e+01,0.000000000000000000e+00
-8.507020746070925554e+01,3.486701571481420814e+01,0.000000000000000000e+00
2.445377249743279719e+02,8.450997011952347648e+00,0.000000000000000000e+00
-1.823224513788273526e+01,5.218074354407327320e+01,0.000000000000000000e+00
5.113534984430115315e+01,1.883765829085582544e+00,0.000000000000000000e+00
-8.271087672751642117e+01,1.023936520095936764e+01,0.000000000000000000e+00
-7.961375506533198632e+01,-1.958764465333581839e+01,1.000000000000000000e+00
-8.024563654863194984e+01,-9.821718406749688768e+00,0.000000000000000000e+00
-8.296312430667281035e+01,2.876055131909377494e+01,0.000000000000000000e+00
-4.712637304678445882e-01,2.650258267505398280e+01,0.000000000000000000e+00
2.424525603711024502e+01,7.710340023101422524e+00,0.000000000000000000e+00
1.076910809959625936e+02,1.678979286115546898e+01,0.000000000000000000e+00
-8.161903742157073793e+01,2.211021320557819525e+00,0.000000000000000000e+00
2.584072045129988737e+01,4.270103085389181707e+00,0.000000000000000000e+00
-8.151826926222882719e+01,4.547674263448551635e+00,0.000000000000000000e+00
-1.609745498444987888e+01,3.500692321768777759e+01,0.000000000000000000e+00
-8.456067701872960640e+01,3.049930567870333675e+01,0.000000000000000000e+00
-2.750741769557471272e+01,4.412766623280927547e+01,0.000000000000000000e+00
-8.047451428581182142e+01,-8.340116442349776449e+00,1.000000000000000000e+00
-8.178724645503173463e+01,2.159538884360205468e+00,0.000000000000000000e+00
-8.715024965613156382e+01,5.051001600695155958e+01,0.000000000000000000e+00
1.311811399064219188e+02,7.111144280677593521e+00,0.000000000000000000e+00
7.764120466575984381e+01,-2.380609690596625860e+00,1.000000000000000000e+00
1.335473809948424844e+02,3.172893508423140574e+01,1.000000000000000000e+00
1.104838065662412419e+02,4.242120929282434894e+00,1.000000000000000000e+00
-8.137194187518048238e+01,1.742616277619180565e+01,1.000000000000000000e+00
-2.662421937039042419e+01,3.159379308464675162e+01,0.000000000000000000e+00
-6.312496761680543855e+00,3.150697052902202344e+01,0.000000000000000000e+00
1.517965980444720628e+02,-5.242334704583635130e+01,1.000000000000000000e+00
1.333839141962770327e+02,-5.617769605972954849e+01,1.000000000000000000e+00
8.663919419658759580e+01,-8.047387556273103426e-01,0.000000000000000000e+00
-6.965512611073474858e+00,-4.597130009468398271e+01,0.000000000000000000e+00
-7.135691255758108298e+01,-7.932839171229296937e+01,0.000000000000000000e+00
6.462592524011310502e+01,-2.640384156072481403e+01,0.000000000000000000e+00
-7.544478160098692854e+01,-3.035645959797564686e+01,0.000000000000000000e+00
-7.653440467131207470e+01,-2.071930426259425673e+01,0.000000000000000000e+00
-7.894920046049830376e+01,-3.551483746153857535e+00,0.000000000000000000e+00
-7.877928869583038818e+01,-2.871228980941355502e+01,0.000000000000000000e+00
-8.126486996674965724e+01,1.253346273170018177e-01,0.000000000000000000e+00
-7.719195205649042180e+01,-2.825164302268034078e+01,0.000000000000000000e+00
1.105843226230731915e+02,2.640064863786950511e+01,1.000000000000000000e+00
2.910101212419466421e+01,9.005164235552795660e+00,0.000000000000000000e+00
-3.241704505747800003e+00,-5.716770195936043741e+00,0.000000000000000000e+00
-7.741823458144139636e+01,-2.412726851374422310e+01,0.000000000000000000e+00
2.507538530694095869e+02,-1.255936510641931747e+01,1.000000000000000000e+00
-7.767176561350056829e+01,-1.079573838733159796e+01,0.000000000000000000e+00
-3.422845972342147292e+01,3.457139251901614330e+01,0.000000000000000000e+00
4.225478019029354471e+01,4.015313751963749667e+01,0.000000000000000000e+00
-7.906489635490720502e+01,-2.254065942146047874e+01,1.000000000000000000e+00
1.718789973881410162e+02,4.689103458837628580e+00,1.000000000000000000e+00
4.005147698117258983e+02,2.383086955653268291e+01,0.000000000000000000e+00
1.899839341953682208e+02,-3.779683891667826856e+01,0.000000000000000000e+00
-8.163083995044071628e+01,1.415105645446133842e+01,0.000000000000000000e+00
-7.338282807793629559e+01,-8.590866803875370294e+01,0.000000000000000000e+00
-1.691943377282560945e+01,3.766121973832165537e+01,0.000000000000000000e+00
6.582544734566580757e+01,-1.363763027084785584e+01,1.000000000000000000e+00
-8.197068063960958284e+01,6.515434717373219442e+00,0.000000000000000000e+00
-8.048467513621214664e+01,-8.209331650021820082e+00,0.000000000000000000e+00
-7.022550548057618869e+01,4.790113577417690749e+01,0.000000000000000000e+00
-7.982463653083154043e+01,-2.821618245024581917e+00,1.000000000000000000e+00
-8.174863434953086028e+01,4.272659441009900583e+00,1.000000000000000000e+00
8.046602150510561557e+01,1.555648553743960782e+01,0.000000000000000000e+00
-8.208369614323423491e+01,2.067238697190021668e+01,0.000000000000000000e+00
-7.394453710177329242e+01,-7.476333650891405114e+01,0.000000000000000000e+00
3.294709218087761826e+01,3.098752275686423019e+01,0.000000000000000000e+00
-8.181036393561949183e+01,6.335122392598487195e+00,0.000000000000000000e+00
-2.663696662150355365e+01,2.676748621864106426e+01,0.000000000000000000e+00
-8.016459155009169990e+01,-1.042829189357082065e+01,0.000000000000000000e+00
-7.921099633610072033e+01,-1.901470014294029554e+01,0.000000000000000000e+00
-7.963502921026051240e+01,-1.899009658516767018e+01,0.000000000000000000e+00
-8.191650069852472882e+01,2.131835151931636574e+01,0.000000000000000000e+00
-8.132727339635843578e+01,-1.274329361584056075e+00,1.000000000000000000e+00
9.683544957701650802e+00,2.046344089394062493e+01,0.000000000000000000e+00
-8.165278123877939720e+01,3.921717813905307271e+00,0.000000000000000000e+00
1.031598888342958560e+02,2.674409784742436180e+00,0.000000000000000000e+00
-8.352800495737454867e+01,2.082158903419810514e+01,0.000000000000000000e+00
-8.214993668333167420e+01,6.437651134400044661e+00,1.000000000000000000e+00
-8.217101743569830319e+01,5.046331737953958729e+00,0.000000000000000000e+00
-1.634333045564256892e+01,2.521170328435217911e+01,0.000000000000000000e+00
9.716697216281568572e+00,2.365901294900450580e+01,1.000000000000000000e+00
-3.620100541217247070e+01,1.731314845678421932e+01,0.000000000000000000e+00
2.322824328610244038e+01,1.924013446913658143e+01,0.000000000000000000e+00
-7.972319614946047750e+01,-1.459086056964937228e+01,0.000000000000000000e+00
-7.786789160366845408e+01,-3.794604273664157290e+01,1.000000000000000000e+00
-8.467960596751491664e+01,3.160127581771323335e+01,0.000000000000000000e+00
7.053693386565657875e+01,2.546618746697189906e+01,0.000000000000000000e+00
3.623269864660565531e+02,-7.268288993132625553e-01,0.000000000000000000e+00
6.801799484511172977e+01,-3.914648007986181710e+01,1.000000000000000000e+00
8.509953414244426995e+01,-4.400032685916923469e+01,1.000000000000000000e+00
5.235308716552084007e+01,-1.242834668448849023e+01,1.000000000000000000e+00
-8.051837750518849646e+01,9.293169428448129210e+00,0.000000000000000000e+00
1.711238286792379526e+01,3.519629137745256742e+01,0.000000000000000000e+00
2.569555244830754148e+01,8.554581728667029594e+00,0.000000000000000000e+00
-1.267180583891071910e+00,-1.270632907318143046e+00,0.000000000000000000e+00
-8.087482768100561259e+01,-4.565664561140755140e+00,0.000000000000000000e+00
5.390780751247461211e+01,2.154559662770039097e+01,0.000000000000000000e+00
4.606104201952535959e+02,1.407300922931511167e+01,1.000000000000000000e+00
8.785193049734973059e+00,2.481619338020515642e+01,0.000000000000000000e+00
1.212041072243887641e+02,1.093872551663140236e+01,0.000000000000000000e+00
-7.928626827407332200e+01,-2.289115020777579446e+01,0.000000000000000000e+00
-1.283336117322757097e+01,3.839591718690411426e+01,1.000000000000000000e+00
-7.638390910236265086e+01,-5.366355084362254502e+01,0.000000000000000000e+00
-6.993520462582669950e+01,-8.203776193300203090e+01,1.000000000000000000e+00
1.568445619555915300e+02,-3.600408382505815297e+01,1.000000000000000000e+00
5.398322199405195931e+01,-2.009973793531998609e+01,1.000000000000000000e+00
-7.885568347169923697e+01,-5.361969257878415052e-01,1.000000000000000000e+00
5.271045588969355578e+01,1.468442658661108524e+01,0.000000000000000000e+00
-7.696289661730429543e+01,-3.814296619798373911e+01,1.000000000000000000e+00
-7.991008944960314864e+01,1.439934152600708561e+00,1.000000000000000000e+00
1.077694622201788803e+02,3.347234740688013233e+01,0.000000000000000000e+00
2.394975432944293914e+01,-3.270203761685240806e+01,0.000000000000000000e+00
9.218314816406741841e+01,-3.639402018017293727e+01,0.000000000000000000e+00
-8.225308505820899541e+01,1.679106539340831361e+01,0.000000000000000000e+00
-3.503002221783925307e+01,4.118441329386236305e+01,0.000000000000000000e+00
1.610753337977154160e+02,9.970602571255499313e+00,0.000000000000000000e+00
-8.329567708315222774e+01,1.335870660480181016e+01,0.000000000000000000e+00
-7.324644058500835797e+01,-8.059572062131964287e+01,1.000000000000000000e+00
-7.697361151135515911e+01,-4.781510976849436645e+01,1.000000000000000000e+00
-8.328902018878316937e+01,2.075907120916095039e+01,0.000000000000000000e+00
-8.067537123506122043e+01,-5.428251937945417716e+00,1.000000000000000000e+00
1.815162781234031115e+02,4.008107966305944814e+01,0.000000000000000000e+00
-4.073007774826869820e+01,6.407335274575889628e+01,0.000000000000000000e+00
-7.389844783629690994e+01,-4.732292219804158151e+01,1.000000000000000000e+00
2.375817460173555773e+01,3.042298544900496182e+01,0.000000000000000000e+00
-7.989429106626261046e+01,-1.342007265738563149e+01,1.000000000000000000e+00
-7.939041190002710380e+01,-2.879077206114202170e+01,0.000000000000000000e+00
1.255916060487674315e+02,4.728726629021251071e+00,0.000000000000000000e+00
-7.977189518994191531e+01,-1.485475106642264898e+01,0.000000000000000000e+00
-8.104061203549073866e+01,9.412148077134295576e+00,0.000000000000000000e+00
1.017215425009676721e+02,-7.601005345558188075e+00,0.000000000000000000e+00
1.036826507746869765e+02,-1.572476172164994956e+01,1.000000000000000000e+00
-8.179565104876148496e+01,3.369365800961157564e+00,0.000000000000000000e+00
-7.605818366362517224e+01,-5.338412215793979243e+01,1.000000000000000000e+00
1.595704025643620838e+01,3.015231892233013689e+00,0.000000000000000000e+00
4.744348543073382274e+01,-3.544243200573936381e+00,1.000000000000000000e+00
-8.375186466654150763e+01,2.418474349268515766e+01,0.000000000000000000e+00
3.999908608233417340e+02,1.322169481062492835e+01,1.000000000000000000e+00
4.956008539699538318e+01,-4.284322390601577268e+01,1.000000000000000000e+00
-8.380135621124784961e+01,2.434470515789092460e+01,0.000000000000000000e+00
7.505787316457299596e+01,-1.439713431387550369e+00,0.000000000000000000e+00
-8.056520831842475161e+01,-5.628711788699688690e+00,0.000000000000000000e+00
1.200685200052702015e+02,1.056819926172797075e+01,0.000000000000000000e+00
-7.819132302743069829e+01,-1.425079688619910101e+01,1.000000000000000000e+00
-7.384273089069679941e+01,-5.824578272326084516e+01,1.000000000000000000e+00
-8.074960927901200591e+01,-8.164266112851887414e+00,0.000000000000000000e+00
1.904551449776120364e+01,1.253414983254497983e+01,0.000000000000000000e+00
-8.201129136652832585e+01,3.187492203366833365e+01,0.000000000000000000e+00
-8.263537251559023389e+01,8.615828081261010851e+00,1.000000000000000000e+00
2.537732880319705373e+02,2.302324642576138913e+01,0.000000000000000000e+00
-7.617930292659993086e+01,-5.371188683525552676e+01,1.000000000000000000e+00
7.765843689131260419e+01,3.729114737941844737e+01,1.000000000000000000e+00
3.081969102791092610e+02,-5.364705508897741559e+00,0.000000000000000000e+00
-5.642604123293557450e+01,-1.218234611646631116e+01,0.000000000000000000e+00
-7.753217658440138393e+01,-1.476725716342545880e+01,1.000000000000000000e+00
2.107890682064198984e+02,1.085453429996298702e+01,0.000000000000000000e+00
-8.229577077159474641e+01,9.245885544243538590e+00,0.000000000000000000e+00
3.169832111471838516e+02,-3.156124132047036923e+01,1.000000000000000000e+00
1.108725074987742545e+02,-4.064863851914107329e+01,1.000000000000000000e+00
-8.220594991625907255e+01,1.512655232008203221e+01,0.000000000000000000e+00
9.775111800509351667e+01,2.578909981440895649e+01,0.000000000000000000e+00
-8.110194646374223737e+01,1.224997030005823717e+01,1.000000000000000000e+00
-8.281854521838289429e+01,2.682058152974286003e+01,0.000000000000000000e+00
1.197224721207264224e+02,2.090603382127614296e+01,0.000000000000000000e+00
5.005755248345891317e+01,-2.324813362918509441e+01,1.000000000000000000e+00
2.555874127946628249e+01,2.733443311988953184e+00,0.000000000000000000e+00
-8.108959070189914087e+01,-4.274208452773687661e+00,0.000000000000000000e+00
-7.870765681631131372e+01,-5.817776165398872573e-02,0.000000000000000000e+00
9.978152879772198958e+01,1.449424181097866438e+01,0.000000000000000000e+00
-7.665800326609999615e+01,-2.725184912598955123e+01,0.000000000000000000e+00
-7.498491499087572265e+01,-6.197799313601229443e+01,0.000000000000000000e+00
-8.358184720487257380e+01,2.348612179238161346e+01,0.000000000000000000e+00
3.380531418031404445e-01,-9.966141572545222260e+00,1.000000000000000000e+00
-8.033184493796412085e+01,-8.616812211886234252e+00,1.000000000000000000e+00
4.663424794272972207e+01,-4.880491978881227055e+01,1.000000000000000000e+00
8.334034802272890374e+01,2.653464514178276090e+01,0.000000000000000000e+00
-8.214571205229297846e+01,3.557337051709139608e+00,0.000000000000000000e+00
-8.116655201690956289e+01,2.015040362537763485e+01,0.000000000000000000e+00
4.107462187940495824e+01,-1.164486666272802617e+00,0.000000000000000000e+00
-8.456005337118754994e+01,4.519953957578609050e+01,0.000000000000000000e+00
7.725697950106206235e+01,3.150388145341143442e+01,0.000000000000000000e+00
-8.218717420488458458e+01,7.419631247777407346e+00,1.000000000000000000e+00
7.088250485516596200e+01,4.203848467704289327e+00,1.000000000000000000e+00
1.182874314674388927e+01,2.433502016384911215e+01,0.000000000000000000e+00
3.445163249946448758e+01,1.822303970976522436e+01,0.000000000000000000e+00
-7.827037825921378555e+01,-3.264517649924530929e+01,1.000000000000000000e+00
6.431235259466701848e+01,-2.866487224195972772e+01,0.000000000000000000e+00
2.389024604959196907e+01,1.942646264739331485e+01,0.000000000000000000e+00
-7.478195612482629429e+01,-3.515355246126618738e+01,1.000000000000000000e+00
-2.501152279937952727e+01,3.668369344345310878e+01,0.000000000000000000e+00
1.259952266542705104e+02,-5.351106066218849122e+01,1.000000000000000000e+00
-7.676324906482587096e+01,-4.973056591899771206e+01,1.000000000000000000e+00
-7.897653538457583977e+01,-2.194330627469940609e+01,1.000000000000000000e+00
-4.361785025561027318e+00,-3.751571981261326294e-01,0.000000000000000000e+00
-8.046788727873048686e+01,7.649711914883557284e+00,0.000000000000000000e+00
4.350373281797888581e+02,-1.847927486570403488e+01,1.000000000000000000e+00
-7.521662883082474593e+01,-4.209702227527861140e+01,1.000000000000000000e+00
3.216913475530974154e+01,-6.337891263267338537e+00,1.000000000000000000e+00
-7.612172087838605705e+01,-2.586912068477920101e+01,0.000000000000000000e+00
-8.024379626396294896e+01,-1.394165175372581444e+01,1.000000000000000000e+00
-8.173477907468905812e+01,5.583687690728076802e+00,0.000000000000000000e+00
-7.344179455176924876e+01,-8.397859688033645398e+01,1.000000000000000000e+00
-6.643057051546759340e+01,2.962127480718016415e+01,0.000000000000000000e+00
-7.360916087904153926e+01,-5.742977345202823614e+01,1.000000000000000000e+00
-8.387419758775932621e+01,2.364026022009782935e+01,0.000000000000000000e+00
9.923788074168714957e+01,2.508092713272256802e+01,0.000000000000000000e+00
-7.864123888962208753e+01,-7.688010075015720979e+00,0.000000000000000000e+00
3.211319826505589958e+01,3.376664798778806542e+00,0.000000000000000000e+00
-8.021449431230149685e+01,-1.418601976525172326e+01,1.000000000000000000e+00
-8.130814972470530222e+01,2.162149605968058097e+01,0.000000000000000000e+00
